# exported by v3d-codec
mtllib model.mtl
o surface_7
v -0.47779903 -0.2749885 0.02646144
v -0.47813207 -0.283962 0.07739856
v -0.47596428 -0.20302112 0.02996389
v -0.4774434 -0.2333131 -0.043916207
v -0.4777765 -0.29685536 0.0995004
v -0.47758514 -0.23107634 0.08798208
v -0.47448722 -0.33480462 0.09939968
v -0.47759828 -0.33148414 0.06980771
v -0.4777993 -0.3121982 0.021513462
v -0.47538465 -0.33485138 0.03648599
v -0.47766292 -0.3293159 -0.017579405
v -0.47771153 -0.29419655 -0.020111395
v -0.4779603 -0.30364603 -0.052325275
v -0.47325113 -0.33792746 -0.020892985
v -0.4766436 -0.33334294 -0.056703493
v -0.47807512 -0.32715824 -0.0798807
v -0.4783118 -0.28864074 -0.08920637
v -0.47587433 -0.24558249 -0.096993975
v -0.47551993 -0.33099443 -0.10093721
v -0.4744329 -0.29775736 -0.10632587
v -0.4719 -0.19146825 0.078323945
v -0.47245514 -0.19829896 -0.080900535
v -0.4725364 -0.30179173 0.110405736
v -0.46679106 -0.23317437 0.1062863
v -0.4681033 -0.3438982 0.076514326
v -0.47510898 -0.14712639 0.056552187
v -0.47099006 -0.10114131 0.05850254
v -0.47456536 -0.11245576 0.038519423
v -0.4752563 -0.14891835 0.017360609
v -0.46409303 -0.08419917 0.0050475295
v -0.47541732 -0.11656248 -0.015908701
v -0.47507232 -0.16292302 -0.027958618
v -0.47112077 -0.14841472 -0.070027694
v -0.46843186 -0.096795745 -0.0582929
v -0.46548232 -0.16191567 0.08009802
v -0.46804774 -0.1110486 -0.072506785
v -0.46645573 -0.12960583 0.07721933
v -0.46597862 -0.34457114 -0.0018847398
v -0.46892914 -0.34367633 -0.08711217
v -0.46685553 -0.34480235 0.038667895
v -0.46733192 -0.34474754 -0.052179925
v -0.46267918 -0.21760659 -0.1044578
v -0.4654036 -0.32761952 -0.117152914
v -0.4671904 -0.33071506 0.116129994
v -0.4661916 -0.26592377 -0.1168174
v -0.46231472 -0.28943023 0.119137034
v -0.4670155 -0.34096318 -0.10616478
v -0.46740228 -0.34416687 0.101627655
v -0.46717793 -0.30204546 -0.11766623
v -0.45636654 -0.08419899 -0.0669071
v -0.45466995 -0.07287833 0.053092804
v -0.4614235 -0.11490956 -0.08389195
v -0.45734155 -0.15707698 -0.08946074
v -0.45466658 -0.09878309 -0.082598135
v -0.4538709 -0.06871936 0.04277375
v -0.4564055 -0.057120383 -0.05039459
v -0.45235014 -0.06899525 -0.034214396
v -0.45484138 -0.04511955 -0.0421791
v -0.45452958 0.0016778117 0.050758958
v -0.45177615 -0.021379549 0.05661018
v -0.45337373 0.0060494468 0.059760194
v -0.45298448 -0.04365801 0.043455992
v -0.45307422 -0.045060806 0.05446016
v -0.45727053 0.09318411 -0.051319625
v -0.45365384 0.09777738 -0.041866165
v -0.45679513 0.1286159 -0.04827599
v -0.45583323 0.11306134 -0.05237745
v -0.4555929 -0.00090511853 -0.04848338
v -0.45235014 -0.06899525 -0.034214396
v -0.46843186 -0.096795745 -0.0582929
v -0.45627874 0.0017410076 -0.057907198
v -0.4535463 0.048120994 -0.04945723
v -0.4550745 0.05755964 -0.061173026
v -0.45272517 0.035824124 0.06243395
v -0.45346904 0.0332392 0.052839972
v -0.44218132 -0.05898947 0.019396298
v -0.4539537 0.1232026 -0.036021657
v -0.44863257 -0.023098545 -0.04261793
v -0.44901305 -0.0672756 -0.05516003
v -0.44307125 -0.057455234 0.040775444
v -0.44781473 -0.050105654 -0.039381586
v -0.44701058 -0.061799277 -0.03792564
v -0.44692916 0.010028232 -0.047288544
v -0.4355338 -0.07429147 -0.080618344
v -0.43601465 -0.05732415 -0.06078141
v -0.44047827 -0.05890722 -0.049121905
v -0.44131547 -0.05671356 -0.04168504
v -0.44701058 -0.061799277 -0.03792564
v -0.43390992 -0.051457774 -0.038728654
v -0.45454174 0.07105611 0.052539226
v -0.46679106 -0.23317437 0.1062863
v -0.4719 -0.19146825 0.078323945
v -0.47758514 -0.23107634 0.08798208
v -0.46645573 -0.12960583 0.07721933
v -0.4562408 -0.09145409 0.073026
v -0.47099006 -0.10114131 0.05850254
v -0.45466995 -0.07287833 0.053092804
v -0.458315 -0.18287668 0.09461265
v -0.46548232 -0.16191567 0.08009802
v -0.45776173 -0.14862242 0.088335454
v -0.45838854 -0.118577026 0.08590684
v -0.44510502 -0.09421145 0.08356663
v -0.44087982 -0.0648154 0.063479684
v -0.4396006 -0.05838865 0.04999173
v -0.43361807 -0.07534628 0.07878703
v -0.42909962 -0.050153088 0.059704904
v -0.42597058 -0.044196267 0.040705215
v -0.44307125 -0.057455234 0.040775444
v -0.42541128 -0.06647868 0.08283588
v -0.41881484 -0.054003082 0.07352237
v -0.40218946 -0.055543594 0.07826953
v -0.4141597 -0.037222635 0.056290086
v -0.41086757 -0.034376364 0.04376759
v -0.41547894 0.0832595 0.053315885
v -0.41306326 0.08131722 0.059306238
v -0.41388515 0.105546586 0.055460908
v -0.41448078 0.04323433 0.058393605
v -0.41470706 -0.005937972 0.051462114
v -0.41574356 -0.023287343 0.052837744
v -0.4124517 -0.016167304 0.05925051
v -0.4141597 -0.037222635 0.056290086
v -0.4071145 0.051516727 0.06410821
v -0.40707392 0.08696631 0.06038059
v -0.38927686 -0.027549928 0.031244835
v -0.4126291 -0.027765043 -0.0020902487
v -0.41327426 0.012648784 0.060753115
v -0.40681326 0.023184635 0.064145945
v -0.4114684 0.11344786 0.054356012
v -0.40569928 -0.0156161515 0.060295414
v -0.40127695 -0.035050627 0.053744916
v -0.40127695 -0.035050627 0.053744916
v -0.40020788 0.06804769 0.05883679
v -0.40049446 0.09459416 0.05496406
v -0.400203 0.0056985896 0.05842039
v -0.39949346 0.040706594 0.05880555
v -0.39975223 -0.019306926 0.05493389
v -0.3781175 -0.038073655 0.0694253
v -0.38057047 -0.016944924 0.016892698
v -0.38591784 -0.0063806386 0.00027496417
v -0.38052887 -0.04893798 0.080877684
v -0.3547195 -0.02339402 0.047643207
v -0.37155512 0.029111652 -0.00040608871
v -0.36371076 0.008890663 0.014391444
v -0.35872862 0.03631533 0.012626477
v -0.35340196 -0.047719114 0.07966499
v -0.3597227 -0.034371123 0.07304434
v -0.36255518 -0.0462983 0.08497023
v -0.35037842 0.018585334 0.028828206
v -0.3479135 -0.005354513 0.03706957
v -0.350626 -0.02147564 0.0643526
v -0.34489587 -0.034612007 0.07891407
v -0.34822184 0.036431994 0.027114881
v -0.33903575 -0.034084186 0.08523155
v -0.46944678 0.16831158 0.067087986
v -0.46931523 0.22528572 0.07332266
v -0.47546306 0.19930585 0.040385075
v -0.47514057 0.2989102 0.052306343
v -0.47343 0.29077855 0.06614827
v -0.47246304 0.32742164 0.06475491
v -0.474705 0.25820684 0.064514704
v -0.47513214 0.23401561 0.05198041
v -0.47501984 0.27025622 0.046083283
v -0.4752465 0.3251498 0.032775152
v -0.47342217 0.15854351 0.04203432
v -0.47515684 0.23884378 0.024452839
v -0.4751175 0.27368736 0.0028214052
v -0.47580937 0.18695311 -0.022831699
v -0.4756955 0.15148416 -0.0029860833
v -0.47558036 0.29760325 -0.030550512
v -0.47539386 0.23392107 -0.02406357
v -0.47466022 0.33458492 -0.013501218
v -0.4745674 0.16791436 -0.053356748
v -0.4643004 0.1355257 -0.03248954
v -0.47415522 0.3352574 -0.055735976
v -0.4757543 0.30748025 -0.06052885
v -0.4720227 0.22864847 -0.06910247
v -0.46586046 0.32981202 -0.07807498
v -0.4603857 0.34563184 0.05549034
v -0.46358353 0.34537685 0.00012782657
v -0.46708444 0.13614774 0.00029086278
v -0.46564525 0.29964846 -0.07980665
v -0.46016437 0.16798711 -0.0830221
v -0.46690774 0.34441745 0.026348924
v -0.46262977 0.34488901 -0.027831297
v -0.45867154 0.1456975 -0.06730231
v -0.46450397 0.34262836 -0.0679324
v -0.4562441 0.22757576 -0.08879687
v -0.4594067 0.336755 0.08099238
v -0.45679513 0.1286159 -0.04827599
v -0.45734057 0.33148563 -0.085562184
v -0.4525714 0.11855415 -0.016692918
v -0.4539537 0.1232026 -0.036021657
v -0.47466022 0.33458492 -0.013501218
v -0.46262977 0.34488901 -0.027831297
v -0.47415522 0.3352574 -0.055735976
v -0.46212363 0.34516373 -0.051460017
v -0.46450397 0.34262836 -0.0679324
v -0.46690774 0.34441745 0.026348924
v -0.4383778 0.3466036 0.018383294
v -0.46358353 0.34537685 0.00012782657
v -0.4603857 0.34563184 0.05549034
v -0.4487986 0.3439924 0.07123479
v -0.4594067 0.336755 0.08099238
v -0.4530772 0.3437114 -0.06733054
v -0.45734057 0.33148563 -0.085562184
v -0.43773136 0.33206165 0.08716034
v -0.42620462 0.34631908 -0.040334806
v -0.42587453 0.33541963 -0.08337504
v -0.40266442 0.346511 0.05155657
v -0.4028037 0.3434806 -0.06661798
v -0.3868242 0.346514 0.0014358206
v -0.3949451 0.34114182 0.07684516
v -0.37803394 0.34623298 -0.040657416
v -0.37478295 0.33142507 -0.08608362
v -0.3319418 0.34625164 -0.034732196
v -0.33461085 0.34547114 0.059000086
v -0.34009334 0.34439328 -0.06302278
v -0.36447087 0.338717 0.082953416
v -0.3456012 0.3318506 -0.086164534
v -0.33591056 0.3465731 0.020798102
v -0.33021864 0.334661 0.085527234
v -0.32610643 0.3343868 -0.08230622
v -0.31385577 0.34641483 -0.01620892
v -0.31452334 0.3395295 0.06795533
v -0.30542308 0.3465738 0.017061653
v -0.31827867 0.3433246 -0.06659945
v -0.2940461 0.34116048 0.0353308
v -0.30776444 0.3380717 -0.060330372
v -0.3031668 0.345696 -0.043478
v -0.30205593 0.31473628 -0.08104074
v -0.28963783 0.31729618 -0.060985617
v -0.28356525 0.3379842 -0.024904257
v -0.29154563 0.32731432 -0.05029843
v -0.28533792 0.34625533 -0.013224936
v -0.28734645 0.31781372 -0.04471529
v -0.28450048 0.3116984 -0.05094223
v -0.27731064 0.34525162 0.0029513882
v -0.2821632 0.30162278 -0.080596834
v -0.29442728 0.2994232 -0.0833451
v -0.2869303 0.30897525 -0.07167939
v -0.27559575 0.3138407 -0.03800146
v -0.26552185 0.31282553 -0.06366388
v -0.26534963 0.30267605 -0.04352581
v -0.25805798 0.31677765 -0.014233762
v -0.2739031 0.30618882 -0.06646875
v -0.26713157 0.2938225 -0.07159638
v -0.26627448 0.33293512 -0.008937057
v -0.27338302 0.2874 -0.0869814
v -0.2665495 0.27291146 -0.08548473
v -0.26265234 0.30063578 -0.06227044
v -0.25415444 0.29781199 -0.026002977
v -0.2602551 0.29881498 -0.05662342
v -0.26485 0.311535 -0.054216832
v -0.25383928 0.2658016 -0.075783245
v -0.2446052 0.27758312 -0.04835857
v -0.23961146 0.2595773 -0.060257025
v -0.23362394 0.2448064 -0.062122457
v -0.23878393 0.23862468 -0.075884946
v -0.24526174 0.2519775 -0.069447935
v -0.2336303 0.26219454 -0.038385123
v -0.22200367 0.27062994 -0.0074618775
v -0.23580961 0.2513299 -0.054661047
v -0.23506053 0.29008582 0.0029336389
v -0.22912264 0.24064857 -0.050376337
v -0.21904866 0.22367163 -0.07807048
v -0.22017835 0.24762714 -0.027673395
v -0.2180903 0.27439994 0.008818346
v -0.20809676 0.226083 -0.054754153
v -0.1946241 0.21651667 0.06058327
v -0.23367433 0.23390538 0.07351296
v -0.18641943 0.2093569 0.0832771
v -0.20775382 0.24399461 -0.014513806
v -0.21065056 0.2703952 0.0031608366
v -0.20904446 0.2592735 -0.0028184257
v -0.20141655 0.23009808 -0.028083764
v -0.19473428 0.21574245 -0.06455244
v -0.20499188 0.21300262 -0.08495524
v -0.18768741 0.21934524 -0.029491317
v -0.19182226 0.22479402 -0.008384871
v -0.17481974 0.21566977 -0.057293903
v -0.20175195 0.22915435 0.028837759
v -0.18150043 0.21868804 0.0070295753
v -0.17495689 0.21267095 -0.07605876
v -0.17027137 0.21137579 0.07523148
v -0.1794738 0.20673689 -0.08308943
v -0.17339748 0.21935248 -0.02481016
v -0.16186942 0.21491167 0.05933972
v -0.17171481 0.22076026 0.012472137
v -0.16007973 0.21928817 0.04367809
v -0.15587536 0.20866828 -0.08098716
v -0.15873596 0.21819085 -0.0490473
v -0.16495675 0.2220922 -0.027857097
v -0.14777048 0.2126604 0.070525125
v -0.14752463 0.21394175 -0.07294224
v -0.14052983 0.20804346 0.084229685
v -0.14852601 0.2169748 -0.060851824
v -0.1394207 0.20553483 -0.08566184
v -0.4656043 0.28008306 0.07920419
v -0.474705 0.25820684 0.064514704
v -0.46931523 0.22528572 0.07332266
v -0.47343 0.29077855 0.06614827
v -0.47342217 0.15854351 0.04203432
v -0.4756955 0.15148416 -0.0029860833
v -0.46427295 0.13655528 0.03218638
v -0.46708444 0.13614774 0.00029086278
v -0.4534285 0.16780105 0.08708912
v -0.46944678 0.16831158 0.067087986
v -0.46238568 0.13825108 0.055356883
v -0.46944678 0.16831158 0.067087986
v -0.4576007 0.20854767 0.087778956
v -0.45809042 0.26133907 0.08777731
v -0.4576394 0.3079166 0.087410055
v -0.47246304 0.32742164 0.06475491
v -0.45643815 0.13089603 0.047521904
v -0.45299003 0.14343095 0.0683752
v -0.4594067 0.336755 0.08099238
v -0.4531231 0.12425563 0.03413175
v -0.45279405 0.11482616 0.041810125
v -0.44899645 0.114441104 0.054272976
v -0.45643815 0.13089603 0.047521904
v -0.4475979 0.11166638 0.005388931
v -0.4525714 0.11855415 -0.016692918
v -0.44797277 0.13235 0.05346101
v -0.44899645 0.114441104 0.054272976
v -0.4534285 0.16780105 0.08708912
v -0.42927852 0.11528132 0.03740527
v -0.42737126 0.13885611 0.07548714
v -0.42927852 0.11528132 0.03740527
v -0.44203514 0.12163462 0.040040307
v -0.4531231 0.12425563 0.03413175
v -0.42998993 0.10293177 0.01025644
v -0.4351689 0.12561147 0.05189611
v -0.44068378 0.12487707 0.051121395
v -0.4351689 0.12561147 0.05189611
v -0.44068378 0.12487707 0.051121395
v -0.41134715 0.14783211 0.088042974
v -0.41091758 0.08628547 0.00066898286
v -0.41037935 0.102817364 0.0335651
v -0.4114684 0.11344786 0.054356012
v -0.4050746 0.09327757 0.016210863
v -0.41363147 0.10693346 0.045714054
v -0.40097818 0.11480067 0.062175028
v -0.39586294 0.12494798 0.07778531
v -0.38314527 0.073254935 0.010610575
v -0.40362298 0.09977529 0.04335539
v -0.3933468 0.09775036 0.041841533
v -0.40038344 0.099531956 0.04825686
v -0.38626772 0.1018704 0.06560449
v -0.38518634 0.12185533 0.0858152
v -0.37945223 0.08387933 0.030963514
v -0.3798839 0.058780763 -0.0008181904
v -0.3709751 0.08607924 0.052728422
v -0.36978394 0.09159344 0.07569058
v -0.36917636 0.052552108 0.007065069
v -0.3798839 0.058780763 -0.0008181904
v -0.37155512 0.029111652 -0.00040608871
v -0.36917636 0.052552108 0.007065069
v -0.36109722 0.06922013 0.031441946
v -0.35872862 0.03631533 0.012626477
v -0.35742503 0.07687969 0.061763104
v -0.35724083 0.052785087 0.017118078
v -0.35724083 0.052785087 0.017118078
v -0.34676012 0.0636478 0.081193075
v -0.35021117 0.050542336 0.028364897
v -0.35066092 0.056418538 0.058114182
v -0.35021117 0.050542336 0.028364897
v -0.35081917 0.046346195 0.066693455
v -0.34870344 0.061260555 0.044347666
v -0.34822184 0.036431994 0.027114881
v -0.341582 -0.016070819 0.08626566
v -0.34434116 0.016627591 0.07416621
v -0.350626 -0.02147564 0.0643526
v -0.3487748 0.010143607 0.04923937
v -0.34560654 0.035953905 0.042527195
v -0.35037842 0.018585334 0.028828206
v -0.33903575 -0.034084186 0.08523155
v -0.3479135 -0.005354513 0.03706957
v -0.35081917 0.046346195 0.066693455
v -0.34434116 0.016627591 0.07416621
v -0.34676012 0.0636478 0.081193075
v -0.34822184 0.036431994 0.027114881
v -0.341582 -0.016070819 0.08626566
v -0.33514336 0.02326399 0.08683728
v -0.4671904 -0.33071506 0.116129994
v -0.46231472 -0.28943023 0.119137034
v -0.4725364 -0.30179173 0.110405736
v -0.43312615 -0.25793642 0.1188632
v -0.46679106 -0.23317437 0.1062863
v -0.458315 -0.18287668 0.09461265
v -0.45135713 -0.21957655 0.10733871
v -0.45272538 -0.33176586 0.11939974
v -0.39931336 0.19544162 0.088722244
v -0.45809042 0.26133907 0.08777731
v -0.4576007 0.20854767 0.087778956
v -0.4395062 -0.16273335 0.08854056
v -0.45776173 -0.14862242 0.088335454
v -0.4534285 0.16780105 0.08708912
v -0.42305583 0.29750365 0.08873583
v -0.4576394 0.3079166 0.087410055
v -0.43969476 -0.14127338 0.08793607
v -0.45838854 -0.118577026 0.08590684
v -0.436994 -0.106730714 0.086988285
v -0.41660756 -0.20765685 0.10320728
v -0.43773136 0.33206165 0.08716034
v -0.4594067 0.336755 0.08099238
v -0.44510502 -0.09421145 0.08356663
v -0.40503436 -0.30673504 0.11978793
v -0.41134715 0.14783211 0.088042974
v -0.4110077 -0.123380765 0.08624584
v -0.4123853 -0.33165473 0.11942363
v -0.43361807 -0.07534628 0.07878703
v -0.41632032 -0.0761423 0.08556457
v -0.42541128 -0.06647868 0.08283588
v -0.38467264 -0.15308267 0.08290947
v -0.40218946 -0.055543594 0.07826953
v -0.39494196 -0.0792394 0.08682554
v -0.39974046 -0.06838024 0.083765805
v -0.36360517 -0.25937468 0.1182089
v -0.363556 -0.19552407 0.0978592
v -0.36380124 0.26901385 0.08838332
v -0.3845904 0.33124724 0.088237524
v -0.43773136 0.33206165 0.08716034
v -0.3845904 0.33124724 0.088237524
v -0.3949451 0.34114182 0.07684516
v -0.3828954 -0.09447607 0.08498821
v -0.37548015 0.23268247 0.0875092
v -0.3680594 -0.3357979 0.11525576
v -0.37102666 -0.13213617 0.08172456
v -0.38518634 0.12185533 0.0858152
v -0.36260638 0.122071415 0.087828115
v -0.38052887 -0.04893798 0.080877684
v -0.37501046 0.21934158 0.08762504
v -0.36447087 0.338717 0.082953416
v -0.36458838 -0.06407926 0.08620647
v -0.36978394 0.09159344 0.07569058
v -0.34225577 0.32049948 0.08825994
v -0.34225577 0.32049948 0.08825994
v -0.36503735 0.23339683 0.08181435
v -0.3546588 -0.29289615 0.11979986
v -0.3531793 -0.11468481 0.0821506
v -0.3592611 0.24273148 0.08729518
v -0.35138574 0.15675305 0.08855631
v -0.3585567 0.22394718 0.08761632
v -0.36255518 -0.0462983 0.08497023
v -0.35207117 0.08519872 0.08340543
v -0.3368795 -0.32978827 0.12027139
v -0.34476376 -0.061021432 0.08660533
v -0.34175664 0.1987756 0.088393226
v -0.34625438 -0.08286849 0.08364948
v -0.31656796 0.1445909 0.088275135
v -0.34676012 0.0636478 0.081193075
v -0.34003666 -0.31851906 0.119796075
v -0.35340196 -0.047719114 0.07966499
v -0.33111042 -0.13696347 0.08044804
v -0.3170479 -0.17233366 0.08833512
v -0.32957062 0.2433443 0.0876286
v -0.33021864 0.334661 0.085527234
v -0.32575306 0.06034825 0.08755226
v -0.33869976 -0.06147665 0.08232224
v -0.31998432 -0.09746834 0.08098051
v -0.33405414 -0.048382875 0.08066572
v -0.34489587 -0.034612007 0.07891407
v -0.3247886 -0.28990862 0.11978323
v -0.32799247 0.07979064 0.086479016
v -0.3192253 0.09621854 0.08827287
v -0.32973155 -0.058919586 0.085925765
v -0.31867477 0.26616645 0.08766182
v -0.32844883 0.008402996 0.08802923
v -0.33514336 0.02326399 0.08683728
v -0.341582 -0.016070819 0.08626566
v -0.323586 -0.07822325 0.08225378
v -0.33903575 -0.034084186 0.08523155
v -0.319425 -0.036621425 0.08784588
v -0.30871865 -0.010917505 0.08807989
v -0.30427015 -0.24609077 0.11553914
v -0.30727747 -0.2649661 0.11961548
v -0.3033051 0.017796498 0.08822376
v -0.3055424 0.2933492 0.08696555
v -0.26900965 0.21859781 0.08796363
v -0.3158044 -0.065503895 0.08696754
v -0.3179338 -0.054369677 0.08626765
v -0.2694583 -0.14878562 0.07978429
v -0.29415584 -0.2176012 0.105269365
v -0.31078053 0.07978608 0.08735061
v -0.32799247 0.07979064 0.086479016
v -0.316962 0.07826623 0.08289807
v -0.30046722 -0.3113077 0.119768925
v -0.30321604 0.060741734 0.08790956
v -0.33021864 0.334661 0.085527234
v -0.31229728 0.3176324 0.08559424
v -0.316962 0.07826623 0.08289807
v -0.32799247 0.07979064 0.086479016
v -0.31604466 0.07186843 0.08255762
v -0.2954553 -0.056002982 0.087009504
v -0.31078053 0.07978608 0.08735061
v -0.30152062 0.07785364 0.08631003
v -0.30321604 0.060741734 0.08790956
v -0.29580593 0.2585485 0.08723676
v -0.28721347 -0.08386544 0.08486864
v -0.3058887 0.26504412 0.08435622
v -0.30566573 0.06882957 0.08402819
v -0.3072003 0.076264255 0.079322465
v -0.2769707 -0.3260104 0.11899524
v -0.31670657 -0.33733574 0.11234454
v -0.3072003 0.076264255 0.079322465
v -0.2888357 -0.03657758 0.08785256
v -0.28830728 0.27257496 0.08699468
v -0.28898558 -0.11576343 0.08172147
v -0.2790922 0.07927917 0.08808
v -0.30152062 0.07785364 0.08631003
v -0.29406008 0.3098428 0.07506511
v -0.30152062 0.07785364 0.08631003
v -0.2819747 -0.006330587 0.088098794
v -0.26752326 0.023686681 0.08814122
v -0.27521688 0.2947761 0.079247735
v -0.28314102 -0.3403372 0.10694202
v -0.26263142 -0.2763036 0.11975257
v -0.26647282 -0.13226905 0.08022701
v -0.27391753 -0.061251175 0.08670613
v -0.2715591 0.2801966 0.08585054
v -0.26556116 -0.25362176 0.118052445
v -0.24302131 -0.19258 0.09569343
v -0.26901484 -0.1688565 0.08675383
v -0.27391753 -0.061251175 0.08670613
v -0.27823877 -0.05467744 0.08261547
v -0.2954553 -0.056002982 0.087009504
v -0.24985296 0.14588398 0.08784868
v -0.27003598 -0.043477036 0.08787429
v -0.27003598 -0.043477036 0.08787429
v -0.2538038 -0.094863385 0.08338818
v -0.24016155 -0.3373174 0.1095822
v -0.2604294 -0.03751056 0.082672164
v -0.24141382 0.0009449362 0.087774
v -0.25681132 0.24893884 0.08615159
v -0.22966671 -0.28183642 0.11966609
v -0.24816814 -0.05494111 0.08727905
v -0.25475216 -0.039599568 0.0864586
v -0.24821779 -0.022662936 0.08738113
v -0.25475216 -0.039599568 0.0864586
v -0.24821779 -0.022662936 0.08738113
v -0.22522898 -0.32252932 0.11720518
v -0.24420981 0.043140844 0.08791476
v -0.23219733 0.0767507 0.08769308
v -0.23596294 -0.017835256 0.0797541
v -0.21628235 -0.24431571 0.11458324
v -0.22857676 -0.1160429 0.08135977
v -0.23473679 -0.026006397 0.08707282
v -0.23473679 -0.026006397 0.08707282
v -0.21942008 -0.069291264 0.08584405
v -0.22096217 0.2091912 0.08698232
v -0.21624726 0.024564443 0.087760575
v -0.22176597 0.0024266206 0.086947426
v -0.22176597 0.0024266206 0.086947426
v -0.22059347 -0.14672217 0.07739717
v -0.21877515 0.001273091 0.08000258
v -0.20903401 -0.01961589 0.08749466
v -0.2165459 -0.0067922445 0.0847439
v -0.2165459 -0.0067922445 0.0847439
v -0.21714258 -0.16463196 0.08409993
v -0.17957437 -0.19945978 0.097898975
v -0.21254134 -0.13238488 0.07926784
v -0.17348953 0.16459166 0.08755172
v -0.21278988 -0.15054604 0.07464906
v -0.20288093 0.0059201005 0.075667754
v -0.23367433 0.23390538 0.07351296
v -0.18641943 0.2093569 0.0832771
v -0.20498896 0.012328558 0.08464891
v -0.19712771 -0.10790863 0.081919745
v -0.20328037 -0.30315393 0.11795197
v -0.19938102 -0.33280548 0.111121096
v -0.1662324 0.11286583 0.08762892
v -0.20498896 0.012328558 0.08464891
v -0.20932873 -0.13582683 0.073517114
v -0.20218343 0.0027806554 0.0805262
v -0.19151497 0.001993146 0.08603417
v -0.19151497 0.001993146 0.08603417
v -0.20720902 -0.15187012 0.08009642
v -0.19142242 -0.284595 0.116528906
v -0.19846162 -0.1321652 0.078093626
v -0.201063 -0.14290057 0.07445122
v -0.18927477 0.034612153 0.08757365
v -0.18911989 -0.044037007 0.08770769
v -0.19209689 -0.3227535 0.1146661
v -0.1932058 -0.14807178 0.07955809
v -0.1881897 0.19727586 0.084929995
v -0.17421243 -0.071872905 0.08583759
v -0.18706419 0.013747345 0.07769673
v -0.19051586 -0.30518013 0.110396914
v -0.14981213 -0.25720647 0.1176056
v -0.18534054 0.019517533 0.086784646
v -0.18534054 0.019517533 0.086784646
v -0.18192719 0.006683463 0.07940918
v -0.17710012 -0.009100318 0.08750376
v -0.1835411 -0.3022558 0.112771444
v -0.15516713 0.049044583 0.087501794
v -0.17725636 -0.13726154 0.07941639
v -0.16569398 -0.3338365 0.11022328
v -0.17351882 0.19305366 0.085591905
v -0.18081631 0.19890831 0.08016745
v -0.14874671 -0.31995302 0.11513066
v -0.17236747 0.0076240106 0.0852884
v -0.15894747 -0.038068045 0.087697685
v -0.17236747 0.0076240106 0.0852884
v -0.15817848 -0.15202123 0.079966016
v -0.16233687 -0.11077685 0.08152592
v -0.1606269 0.028698035 0.0874799
v -0.14815077 0.18222317 0.08732372
v -0.15901975 0.20006126 0.084692664
v -0.14304678 -0.13570264 0.07947014
v -0.13554795 -0.29137802 0.11557685
v -0.17027137 0.21137579 0.07523148
v -0.13948664 -0.09142693 0.08370273
v -0.14729774 0.0067250174 0.0875845
v -0.14052983 0.20804346 0.084229685
v -0.12576504 -0.060955435 0.08705988
v -0.12951006 -0.17730887 0.0896649
v -0.12832034 -0.015577584 0.08771238
v -0.124967724 0.19766554 0.08734455
v -0.11503186 -0.20433156 0.09988647
v -0.11707978 0.15350935 0.08745238
v -0.10581635 -0.28276268 0.115593664
v -0.12474803 -0.3362588 0.11044345
v -0.10668893 -0.039638884 0.087748945
v -0.115968026 -0.14895535 0.07962296
v -0.11862582 0.012224875 0.08764222
v -0.106878504 0.04814574 0.08764599
v -0.1255809 0.280956 0.08709452
v -0.13435414 0.28811166 0.08279807
v -0.13162862 0.26991582 0.08715704
v -0.12807041 0.22768952 0.08680561
v -0.1144115 0.3025531 0.082400545
v -0.10024801 0.26183414 0.08723617
v -0.12287424 0.24908346 0.08586104
v -0.09547604 0.18608946 0.08738862
v -0.090295866 -0.16897686 0.08637863
v -0.10509897 0.22840182 0.08733497
v -0.10545113 -0.12049499 0.08061694
v -0.09149137 0.30178553 0.08695774
v -0.0932967 0.087991476 0.08765391
v -0.10025433 -0.32916653 0.11282122
v -0.083789736 -0.027822565 0.08778994
v -0.09701559 0.12548132 0.0875204
v -0.095944434 -0.08821769 0.084176525
v -0.08671358 -0.30335847 0.11312446
v -0.08964419 -0.3171577 0.11481258
v -0.12474803 -0.3362588 0.11044345
v -0.0924644 -0.34198275 0.1017374
v -0.10025433 -0.32916653 0.11282122
v -0.085793 -0.22474785 0.10733226
v -0.080785625 -0.27540603 0.11853046
v -0.0766681 0.16110265 0.08742671
v -0.081186384 -0.13506876 0.07955174
v -0.060967937 -0.14457169 0.07956256
v -0.08014808 0.27961347 0.0872593
v -0.09504644 0.31491324 0.08449071
v -0.08454803 -0.28983018 0.10971955
v -0.077802666 -0.29029316 0.11246203
v -0.06255476 -0.25500998 0.11775334
v -0.0642235 0.22072911 0.08735711
v -0.0686273 -0.111903824 0.08157256
v -0.056523606 -0.21698692 0.10418868
v -0.05060505 0.033899505 0.08783642
v -0.069694966 -0.34247136 0.10090605
v -0.066987805 0.1135597 0.08761163
v -0.08647389 0.3287706 0.08730272
v -0.056661215 -0.33266932 0.109094135
v -0.056661215 -0.33266932 0.109094135
v -0.046272777 -0.08232223 0.08503568
v -0.049895428 0.14690551 0.08753375
v -0.057840988 0.29916248 0.08736351
v -0.062409356 0.32391414 0.08742479
v -0.05777254 0.33409742 0.085157946
v -0.051659763 -0.17631836 0.08910308
v -0.04812755 -0.058407996 0.0876497
v -0.05189784 -0.271622 0.11896739
v -0.039743997 0.08837866 0.08772295
v -0.027808521 0.26420194 0.08736471
v -0.05361201 -0.2891358 0.1186894
v -0.04849325 -0.3136848 0.11415583
v -0.04019941 -0.34445223 0.099551454
v -0.03698425 0.31539455 0.08743097
v -0.040851384 0.19647048 0.087428726
v -0.010174959 -0.09568761 0.08354193
v -0.020349339 -0.27877712 0.11871291
v -0.022953637 -0.31254676 0.116770655
v -0.02888087 -0.19755696 0.09703407
v -0.020895049 0.11621301 0.08769276
v -0.029408759 -0.3362699 0.10749159
v -0.02024038 -0.23369148 0.10995872
v -0.02641916 -0.25964415 0.118521266
v -0.00964664 -0.031629708 0.08804746
v -0.032419488 -0.14663593 0.07948015
v 0.0070265816 0.22391786 0.08746852
v -0.029408759 -0.3362699 0.10749159
v -0.015929084 -0.16955322 0.086509414
v 0.008105108 0.16917297 0.08756943
v -0.0055620004 0.30154568 0.0874213
v -0.020945864 0.33101225 0.08741924
v -0.011727669 0.04848251 0.08794898
v -0.0090636145 0.07740703 0.087838374
v -0.0026290314 0.025425414 0.08805385
v -0.05777254 0.33409742 0.085157946
v -0.020945864 0.33101225 0.08741924
v -0.016907811 0.3388958 0.07937321
v 0.002152976 -0.14636497 0.0772497
v 0.0057413974 -0.32672465 0.11585869
v -0.00041036552 -0.19187795 0.09483893
v -0.0005055578 -0.15455297 0.07790007
v 0.008761258 -0.25532 0.11725066
v 0.002244302 -0.34237936 0.10186274
v 0.016568039 -0.29900095 0.118384816
v 0.011460454 -0.22305961 0.10593995
v 0.014966753 0.13560763 0.08772941
v 0.018956421 0.32908127 0.08727312
v 0.018956421 0.32908127 0.08727312
v 0.0050179064 -0.12154266 0.08018944
v 0.017246371 -0.16218708 0.082163095
v 0.021822883 0.097765036 0.08782741
v 0.022700097 -0.1001604 0.08181171
v 0.019096453 0.0654663 0.0879789
v 0.025136216 0.0051465086 0.08798233
v 0.028481795 -0.036764797 0.08819906
v 0.022541966 0.20482075 0.08756217
v 0.036381386 0.27376762 0.087424226
v 0.029196085 0.33638456 0.083324976
v 0.037078347 -0.23887746 0.11142235
v 0.032278735 -0.18290919 0.09135577
v 0.025234193 -0.3339974 0.11366413
v 0.03630905 -0.26301932 0.11803717
v 0.0498547 -0.0768941 0.085153975
v 0.04039199 -0.1535691 0.07983766
v 0.033864126 -0.13104172 0.07975549
v 0.041677225 0.31234825 0.08744233
v 0.043440416 0.033420846 0.08814844
v 0.054820023 -0.32468125 0.11743438
v 0.057475407 -0.19611956 0.09619906
v 0.044609137 0.14076391 0.08769464
v 0.05411034 0.11436058 0.08774749
v 0.05572771 -0.054612093 0.08682379
v 0.049924184 0.077678 0.087846056
v 0.053424187 0.19585414 0.08755546
v 0.044873852 -0.33461186 0.11199384
v 0.054932803 -0.28882986 0.11808508
v 0.05523953 0.3299957 0.087074116
v 0.05523953 0.3299957 0.087074116
v 0.06971764 -0.14339666 0.07899001
v 0.062602654 -0.109356485 0.08127586
v 0.07418445 0.062293172 0.087900296
v 0.07005842 0.25662827 0.087468415
v 0.06842515 -0.25472853 0.11667485
v 0.055706248 0.337268 0.08225083
v 0.06678567 -0.010197103 0.08829543
v 0.06056346 -0.038643982 0.08816191
v 0.07731485 -0.17567533 0.08843368
v 0.090579584 0.13842352 0.08769408
v 0.10006446 0.23327355 0.08749511
v 0.07289548 -0.22957994 0.108030215
v 0.07838289 0.29887474 0.08746504
v 0.06948776 -0.33932418 0.1034705
v 0.08060969 0.020952031 0.088215314
v 0.07942399 -0.04972002 0.086588144
v 0.08879107 0.33362466 0.084566526
v 0.08879107 0.33362466 0.084566526
v 0.08349177 0.19152245 0.08756105
v 0.09279252 -0.08420524 0.084012866
v 0.0921781 -0.3238082 0.11776205
v 0.09106093 -0.27529338 0.11787939
v 0.08397383 -0.03340953 0.08734354
v 0.07844587 -0.04322933 0.08289243
v 0.09567947 -0.2142538 0.10260426
v 0.09522332 -0.051808733 0.087356694
v 0.09745586 -0.1210046 0.07999709
v 0.094792284 -0.30736607 0.11792246
v 0.09690188 -0.0034637684 0.08811294
v 0.09949212 0.10841753 0.08787667
v 0.08522303 -0.33683637 0.10906681
v 0.09660542 -0.15658528 0.080945194
v 0.09664923 -0.24809702 0.11445758
v 0.10410292 0.03997646 0.08805704
v 0.10525066 -0.33176616 0.11355204
v 0.114214785 -0.17165491 0.08679884
v 0.11333466 0.07237334 0.087905474
v 0.114592195 0.15935574 0.08757551
v 0.109480605 -0.022416791 0.08524191
v 0.12105048 0.2053128 0.08749088
v 0.102577224 -0.034654904 0.08577052
v 0.11905407 -0.29207543 0.117830954
v 0.12921542 0.2729676 0.08742038
v 0.12214613 -0.26192752 0.11753945
v 0.1290919 -0.2314431 0.108535774
v 0.12610453 0.038837634 0.08786482
v 0.12983863 0.1280109 0.08773186
v 0.12180753 -0.060730733 0.08630767
v 0.11270741 -0.043947544 0.084742635
v 0.1316351 -0.10003046 0.08202831
v 0.13409404 -0.14624432 0.07898499
v 0.1324467 0.31123433 0.08745459
v 0.12049297 0.32810715 0.08711946
v 0.12154168 -0.3207702 0.11769959
v 0.11380608 0.33915746 0.078184634
v 0.11224346 -0.032838657 0.079401456
v 0.12889436 -0.19807328 0.096787915
v 0.13739713 0.09014347 0.08788552
v 0.1361093 0.0096263345 0.08805999
v 0.12582718 -0.013472957 0.08666177
v 0.13465117 -0.03191793 0.08156595
v 0.14527959 -0.33357495 0.112517014
v 0.15304317 0.25421095 0.0874217
v 0.12988432 -0.01591189 0.07952768
v 0.1555932 -0.30523768 0.11780266
v 0.15036629 -0.048193447 0.0860247
v 0.14338756 -0.16506514 0.08421097
v 0.15720458 -0.2764755 0.11777083
v 0.14577982 0.3345293 0.084218696
v 0.15984331 -0.21854307 0.10398318
v 0.15656935 0.15093213 0.08756622
v 0.15605234 0.06485478 0.08803001
v 0.15676253 -0.07896702 0.08439462
v 0.13913648 0.02847193 0.083522975
v 0.15023516 0.030693652 0.08672741
v 0.14065185 -0.008907616 0.08474927
v 0.1667954 0.11261438 0.087807424
v 0.16018294 -0.25042453 0.11485906
v 0.14911245 0.18106407 0.087462746
v 0.14180799 -0.013378113 0.077532254
v 0.16909152 0.2969209 0.087381184
v 0.16401926 0.21023916 0.08739665
v 0.16863368 -0.3280823 0.11599969
v 0.15721406 0.011270842 0.086753346
v 0.17074853 -0.18741733 0.092799775
v 0.150401 -0.012892644 0.08298156
v 0.16549015 -0.00571346 0.085518785
v 0.16620569 -0.024253264 0.08278266
v 0.16170686 0.014021705 0.07999055
v 0.17860515 -0.12385183 0.079701245
v 0.17340435 -0.15254149 0.079381965
v 0.18174939 0.26014826 0.08734655
v 0.18144739 0.047473423 0.08809349
v 0.16839139 0.015248861 0.08595348
v 0.18111448 0.3206159 0.08739257
v 0.1831363 -0.050969627 0.08648176
v 0.18514793 0.18632405 0.0874051
v 0.17763184 0.0006549198 0.085340776
v 0.19419901 -0.22756538 0.10717546
v 0.19030993 0.08522169 0.08789841
v 0.18694635 -0.25912794 0.11753839
v 0.19787183 0.119960286 0.08769036
v 0.19480126 0.0024601948 0.08221685
v 0.19862093 -0.28482044 0.11778874
v 0.20253357 -0.17047316 0.08630488
v 0.19755538 -0.090954624 0.08287051
v 0.18999556 0.013883425 0.08775405
v 0.17715885 0.33421162 0.08444876
v 0.20535736 -0.020388007 0.085670225
v 0.2001243 -0.31492844 0.11744656
v 0.20124045 0.21809742 0.08734188
v 0.210588 0.3244724 0.08731557
v 0.2029745 0.16317776 0.08746749
v 0.20624547 0.28360766 0.087306485
v 0.20132823 -0.33405656 0.11002162
v 0.2114621 -0.14854322 0.07877697
v 0.22596954 0.04621331 0.08802997
v 0.20684141 -0.0035953575 0.08621093
v 0.22052068 0.33709413 0.081089824
v 0.23734176 -0.2609964 0.11658705
v 0.21860422 0.08500183 0.0878645
v 0.22567013 -0.000010180869 0.083587684
v 0.2209214 -0.054070096 0.08674194
v 0.22273567 0.2590216 0.08727008
v 0.23101506 -0.123390876 0.079548925
v 0.23597433 0.0077911825 0.08785741
v 0.23337527 0.19641308 0.08735873
v 0.2338343 0.14681716 0.08752458
v 0.2308306 -0.0898111 0.08290263
v 0.23607744 0.22682133 0.08726093
v 0.23169446 -0.20646994 0.099864446
v 0.23870513 -0.29774037 0.117714494
v 0.23980032 -0.33293957 0.10849012
v 0.221298 -0.34097582 0.101760045
v 0.23401411 0.3288065 0.08735749
v 0.24006082 -0.31741318 0.11396622
v 0.24340741 -0.03763408 0.087484404
v 0.2494544 0.10515761 0.08775028
v 0.250908 0.3177321 0.08731852
v 0.24815787 0.2775911 0.087279245
v 0.2514359 -0.011949683 0.087135844
v 0.25615662 0.33418274 0.08449623
v 0.26128 -0.17472933 0.088006675
v 0.2642534 0.2566272 0.086309105
v 0.2449577 -0.15468536 0.08006823
v 0.24339968 -0.34020227 0.10224424
v 0.2821413 -0.069454424 0.08529352
v 0.27609098 0.30088943 0.08730983
v 0.26344952 -0.21829137 0.104042344
v 0.27246425 -0.0037923239 0.08203288
v 0.25615007 0.039990462 0.08813492
v 0.27001053 0.13841231 0.087604605
v 0.27579856 0.20702472 0.08731578
v 0.26337567 0.1831182 0.08739244
v 0.26788953 -0.31736234 0.11079365
v 0.2800602 -0.14811614 0.07893711
v 0.26736045 0.014095961 0.08802391
v 0.26903084 -0.3387546 0.10344608
v 0.2747089 -0.0997502 0.0815955
v 0.27783233 0.08260639 0.08790956
v 0.27442995 -0.25638327 0.11691039
v 0.2747082 -0.333275 0.10718277
v 0.28162134 -0.12400508 0.0791419
v 0.2918652 -0.27903306 0.11774104
v 0.2991811 -0.039041407 0.08735304
v 0.2900564 0.16785191 0.08749561
v 0.28907943 0.004952896 0.086904645
v 0.28668663 0.23748973 0.08698083
v 0.29033852 0.3294536 0.08688074
v 0.29181775 -0.012610264 0.086906716
v 0.29033852 0.3294536 0.08688074
v 0.28785333 0.33780593 0.08075604
v 0.25615662 0.33418274 0.08449623
v 0.28997526 -0.23575976 0.11024221
v 0.29041564 0.034716494 0.088180296
v 0.29704463 -0.3092205 0.11277014
v 0.29810655 0.26655647 0.087253466
v 0.2967286 -0.33847332 0.10394659
v 0.30387616 -0.19826537 0.09686274
v 0.30816516 0.07154409 0.08800485
v 0.3032235 -0.104490355 0.07880783
v 0.31060964 -0.25397095 0.11652088
v 0.312245 0.120977305 0.08773803
v 0.31869423 0.22257227 0.08735926
v 0.3185541 0.18499736 0.087497406
v 0.315338 0.32398885 0.08728825
v 0.31687558 0.15921085 0.08757545
v 0.31703317 0.005052867 0.08746105
v 0.30947745 -0.0056378962 0.081271976
v 0.32249326 -0.2333695 0.10951612
v 0.33125237 -0.33210048 0.11046005
v 0.3116985 -0.15361907 0.07989352
v 0.31862333 -0.13051285 0.07962044
v 0.318672 0.2892632 0.08722896
v 0.32369077 -0.30274215 0.117733434
v 0.3207935 0.017560134 0.08828045
v 0.3195314 -0.09693139 0.082354
v 0.3303023 -0.16637397 0.08545535
v 0.32564944 0.33634079 0.0833071
v 0.32816476 -0.0627174 0.08588822
v 0.33320907 0.048828334 0.0881766
v 0.32947186 -0.021608219 0.08737683
v 0.332577 0.25716072 0.087413654
v 0.315338 0.32398885 0.08728825
v 0.32081443 -0.0123113375 0.08378462
v 0.33979958 0.31677836 0.0874432
v 0.35438496 -0.29006287 0.11829172
v 0.33362377 -0.14780277 0.07956199
v 0.32744667 -0.0021895554 0.06602669
v 0.33865443 -0.04062269 0.087528236
v 0.34174502 0.1953704 0.08659447
v 0.34398288 -0.19786742 0.09715383
v 0.34282926 0.09518788 0.08793483
v 0.34939802 0.29150194 0.08741975
v 0.34180802 -0.09555713 0.081976935
v 0.3523677 0.11983548 0.08779439
v 0.35969576 -0.25666797 0.11697081
v 0.3422872 0.1501328 0.08769838
v 0.33661434 0.01920403 0.08766103
v 0.3496972 -0.122197114 0.078250155
v 0.3571617 -0.23172835 0.10955309
v 0.34773144 -0.033819403 0.08501413
v 0.34630242 0.17363614 0.08421397
v 0.3599632 0.33016747 0.08724107
v 0.3599632 0.33016747 0.08724107
v 0.3554188 -0.065695845 0.085525155
v 0.34885287 -0.13800217 0.07482779
v 0.3433686 0.03373693 0.08607547
v 0.34796277 0.05491245 0.08704172
v 0.3724894 -0.3294341 0.11731302
v 0.35983947 0.20839898 0.08776212
v 0.3487114 -0.15574399 0.08020569
v 0.35592258 0.2403286 0.08761265
v 0.3633662 0.26846647 0.08752567
v 0.3556536 0.16551277 0.085767254
v 0.36325422 0.33897865 0.07887431
v 0.3631841 -0.17229387 0.08868604
v 0.35674062 0.07759973 0.0875211
v 0.34630242 0.17363614 0.08421397
v 0.34289023 0.19136165 0.08206491
v 0.34174502 0.1953704 0.08659447
v 0.35470915 0.17804411 0.08251388
v 0.3666796 -0.14166 0.08111558
v 0.35521603 0.17288505 0.07770059
v 0.35810003 -0.15256198 0.076946765
v 0.36419702 0.17470704 0.08651802
v 0.3556536 0.16551277 0.085767254
v 0.3628531 -0.09247591 0.08090271
v 0.36578774 -0.04658949 0.08617477
v 0.36951628 -0.105471425 0.07717278
v 0.37624896 0.30092248 0.087623164
v 0.36563468 0.1643894 0.082939975
v 0.37185103 0.11022516 0.086230695
v 0.36491528 -0.036870267 0.08310779
v 0.34292212 -0.02291623 0.07796275
v 0.37427098 -0.19927585 0.09867212
v 0.36453885 -0.15604837 0.083419174
v 0.3685842 0.14804782 0.08740002
v 0.3893071 0.256504 0.08779418
v 0.36798695 0.08526578 0.085084505
v 0.3859831 0.1812025 0.08799698
v 0.39643154 0.22662857 0.087902
v 0.3685842 0.14804782 0.08740002
v 0.37266365 -0.05954362 0.08303208
v 0.37408066 0.15477808 0.07832555
v 0.39909628 -0.1215678 0.082902476
v 0.38617602 -0.16772763 0.08845547
v 0.38408074 -0.042005412 0.07421385
v 0.37627754 0.09993409 0.081135415
v 0.38095787 0.14456469 0.07847025
v 0.3793017 -0.084856465 0.07327931
v 0.39969835 -0.22489752 0.10778096
v 0.3787088 0.1605868 0.087305844
v 0.3835707 0.3369633 0.08337395
v 0.40740508 -0.27773306 0.11852706
v 0.39149487 -0.3247711 0.11837621
v 0.38297388 0.13801607 0.08738912
v 0.38297388 0.13801607 0.08738912
v 0.39870685 -0.050450794 0.06633293
v 0.3881029 0.12304348 0.08513815
v 0.40960124 -0.19008315 0.09664059
v 0.39869115 0.32742798 0.08746009
v 0.41175193 0.20016152 0.08803932
v 0.39869115 0.32742798 0.08746009
v 0.40222904 -0.08147353 0.070411295
v 0.40468472 -0.060202595 0.062783584
v 0.39953297 0.13858214 0.086895175
v 0.419837 0.16532491 0.0882702
v 0.40491498 0.2966915 0.08789665
v 0.41032785 -0.10057016 0.0791427
v 0.4129406 -0.2537644 0.11658438
v 0.40758872 0.33811662 0.08259987
v 0.41678044 -0.31407672 0.118531965
v 0.42582592 0.24685663 0.08805222
v 0.40698308 -0.037673607 0.056621816
v 0.3876361 -0.031387426 0.054676987
v 0.4091098 -0.3343458 0.11596698
v 0.40271923 0.0332255 0.06247425
v 0.4093596 0.031345878 0.06477101
v 0.40656483 0.06680653 0.062116113
v 0.40268666 0.089690104 0.05696935
v 0.40895975 0.107087515 0.05736184
v 0.40072426 0.1064293 0.054017816
v 0.4047583 0.11701342 0.05461587
v 0.42434788 -0.16511922 0.08883064
v 0.4278343 -0.14371653 0.08656736
v 0.41001385 0.12567624 0.058803894
v 0.40167078 0.12892991 0.060468424
v 0.4039381 0.011182141 0.061275247
v 0.41023803 0.0030860554 0.06243142
v 0.40541634 -0.019216562 0.058712665
v 0.44055557 -0.23026966 0.10976919
v 0.43373415 0.31219932 0.08811921
v 0.4152002 0.08496466 0.058568016
v 0.4336549 0.2769246 0.088104494
v 0.41466972 0.054020114 0.0626726
v 0.41611743 0.015316386 0.05978781
v 0.4142025 -0.020417318 0.0586179
v 0.40698308 -0.037673607 0.056621816
v 0.4230729 0.33140182 0.08765851
v 0.42791018 -0.08320895 0.07383097
v 0.4152942 -0.043506034 0.056307223
v 0.41121733 0.12877858 0.08280814
v 0.42327163 0.14315295 0.08626438
v 0.4168561 0.13179217 0.0733916
v 0.41750264 0.12413745 0.0606699
v 0.4230729 0.33140182 0.08765851
v 0.4152942 -0.043506034 0.056307223
v 0.4239934 -0.05739434 0.06225833
v 0.41645077 0.11446027 0.054549865
v 0.4356908 0.21783523 0.088247985
v 0.43831494 -0.1089617 0.08414489
v 0.44254172 -0.19019109 0.0973033
v 0.4371465 0.33809787 0.08184589
v 0.43926197 -0.33248428 0.118358664
v 0.4433761 0.15420294 0.08691252
v 0.44564545 -0.32381678 0.11865712
v 0.45410326 -0.29391128 0.11866182
v 0.44393736 -0.26230392 0.11864832
v 0.44816014 0.17869551 0.08849505
v 0.444723 -0.08385874 0.07481131
v 0.45200416 0.32968664 0.08807266
v 0.45007387 0.24454834 0.088346474
v 0.45151582 -0.13470146 0.087803066
v 0.45200416 0.32968664 0.08807266
v 0.45744953 -0.16491814 0.088685125
v 0.45340627 -0.10640687 0.08481761
v 0.45740715 0.22265278 0.0869941
v 0.46380377 -0.26469183 0.118337944
v 0.46042532 -0.20259352 0.09962992
v 0.45952713 -0.13316528 0.08572079
v 0.45909965 0.31671143 0.0868521
v 0.46351585 -0.3320405 0.118050285
v 0.4597624 0.16581261 0.08279718
v 0.46007362 0.27093527 0.086285435
v 0.45956495 0.18860592 0.08682867
v 0.45736498 0.33942872 0.078677274
v 0.46376392 0.33028474 0.08196916
v 0.46376392 0.33028474 0.08196916
v 0.46447226 -0.24285676 0.11299861
v 0.46612608 -0.30500266 0.118142724
v -0.45190278 -0.33226928 -0.117262796
v -0.4670155 -0.34096318 -0.10616478
v -0.4654036 -0.32761952 -0.117152914
v -0.46717793 -0.30204546 -0.11766623
v -0.4485506 -0.29552874 -0.118432544
v -0.4661916 -0.26592377 -0.1168174
v -0.46564525 0.29964846 -0.07980665
v -0.45496857 0.29778534 -0.08900293
v -0.4562441 0.22757576 -0.08879687
v -0.46267918 -0.21760659 -0.1044578
v -0.43320632 -0.22360256 -0.10728268
v -0.44917032 -0.2597257 -0.1184942
v -0.45734057 0.33148563 -0.085562184
v -0.46016437 0.16798711 -0.0830221
v -0.4299645 0.16824631 -0.08932949
v -0.45734155 -0.15707698 -0.08946074
v -0.4614235 -0.11490956 -0.08389195
v -0.44201025 -0.10280132 -0.0857863
v -0.4465814 0.31323949 -0.08913693
v -0.45466658 -0.09878309 -0.082598135
v -0.4367682 0.1948521 -0.08906756
v -0.43341532 0.24885736 -0.089036316
v -0.4313898 -0.15491997 -0.087953255
v -0.42587453 0.33541963 -0.08337504
v -0.43011555 0.3291897 -0.08864313
v -0.45734057 0.33148563 -0.085562184
v -0.43011555 0.3291897 -0.08864313
v -0.4355338 -0.07429147 -0.080618344
v -0.41665095 0.29912168 -0.089079045
v -0.41843355 0.1473569 -0.086958036
v -0.42287222 -0.2604277 -0.118283235
v -0.41779205 -0.32224664 -0.11813035
v -0.4145079 -0.11243556 -0.08668738
v -0.4187399 -0.33246142 -0.116405115
v -0.40897074 -0.3018007 -0.11827378
v -0.39663562 -0.26618472 -0.118002966
v -0.41710338 -0.0767254 -0.08547352
v -0.40365306 0.22245456 -0.08898992
v -0.36573294 0.2745436 -0.08883298
v -0.38712502 0.18423188 -0.08904368
v -0.39940354 -0.07418353 -0.085325606
v -0.3968203 0.32722816 -0.08878389
v -0.3968203 0.32722816 -0.08878389
v -0.40937334 -0.062522374 -0.08390708
v -0.3893992 0.14954796 -0.089045934
v -0.37935376 -0.33280554 -0.11581401
v -0.36874261 -0.14830297 -0.08312547
v -0.37599245 -0.07955003 -0.08648248
v -0.38048944 0.31321815 -0.08893201
v -0.39874503 -0.059038665 -0.08133487
v -0.38318682 0.118548684 -0.08469948
v -0.38003507 -0.31826353 -0.11813199
v -0.39325958 -0.06588625 -0.07995391
v -0.39940354 -0.07418353 -0.085325606
v -0.39874503 -0.059038665 -0.08133487
v -0.39300117 -0.047662005 -0.06458455
v -0.37478295 0.33142507 -0.08608362
v -0.38464448 -0.054737404 -0.08231924
v -0.36683857 -0.2370112 -0.11150336
v -0.35595027 -0.18560041 -0.09301258
v -0.37478295 0.33142507 -0.08608362
v -0.35724744 0.18262176 -0.08884096
v -0.36438727 -0.2997215 -0.11811803
v -0.346387 0.10992931 -0.088407576
v -0.3579475 -0.26552105 -0.11786969
v -0.36764657 -0.046234995 -0.085071936
v -0.35166383 -0.32283917 -0.117983826
v -0.35076675 -0.05544421 -0.08707826
v -0.35130587 0.31923842 -0.08868804
v -0.33574942 -0.08985809 -0.08573035
v -0.3627539 -0.04077354 -0.075083196
v -0.35216275 0.06371885 -0.07636644
v -0.30606443 -0.21499194 -0.1034387
v -0.33853978 -0.30175555 -0.11788067
v -0.35124105 -0.03756814 -0.078698054
v -0.33938244 -0.059568286 -0.08379596
v -0.31135112 0.22317232 -0.08853245
v -0.3456012 0.3318506 -0.086164534
v -0.34494355 -0.026888447 -0.07792889
v -0.34267008 -0.03588695 -0.08066998
v -0.32386863 0.32178313 -0.08781361
v -0.3308388 -0.33281964 -0.11495211
v -0.33927286 -0.036719017 -0.087251
v -0.34568 -0.025004901 -0.08525247
v -0.3368484 -0.024282295 -0.0880529
v -0.34263062 0.0064064767 -0.08618149
v -0.329508 0.00064528943 -0.08813185
v -0.3377266 -0.04807236 -0.08060879
v -0.3161958 0.06684563 -0.08782408
v -0.33386618 0.04373389 -0.087519
v -0.33593675 0.026396008 -0.08755299
v -0.31635693 0.02418177 -0.0883201
v -0.30435538 -0.26849553 -0.11735043
v -0.30522826 -0.1719454 -0.08768025
v -0.32194632 -0.041485894 -0.088038504
v -0.32485908 -0.057063773 -0.08691151
v -0.32610643 0.3343868 -0.08230622
v -0.30094707 -0.1270613 -0.08199549
v -0.319779 0.17896754 -0.0886198
v -0.30914202 -0.02011516 -0.08811558
v -0.30842036 -0.31857345 -0.11672865
v -0.30994043 0.299439 -0.086447984
v -0.29854244 0.051645443 -0.086511075
v -0.3003637 0.1227215 -0.08849375
v -0.30205593 0.31473628 -0.08104074
v -0.2940848 -0.33636725 -0.11047292
v -0.29377204 -0.06547406 -0.08734737
v -0.29345247 0.006390532 -0.08824066
v -0.27778536 -0.14656268 -0.08034794
v -0.28131443 -0.2306885 -0.10890653
v -0.2774276 0.040669516 -0.088283785
v -0.29442728 0.2994232 -0.0833451
v -0.2869303 0.30897525 -0.07167939
v -0.264236 -0.1085015 -0.08363018
v -0.28599796 0.28782782 -0.087565064
v -0.26076496 0.1805417 -0.08832519
v -0.25766966 -0.32939532 -0.11290747
v -0.2522326 -0.29472077 -0.11659881
v -0.27945453 0.060569808 -0.084373735
v -0.2821632 0.30162278 -0.080596834
v -0.27068383 0.23680419 -0.08818459
v -0.2724861 -0.027579332 -0.088139474
v -0.27224824 0.07143897 -0.08828175
v -0.27676472 -0.051102087 -0.08700518
v -0.26877424 -0.059798114 -0.08739145
v -0.26082417 -0.19679588 -0.096681885
v -0.25011715 0.054314964 -0.08569079
v -0.27338302 0.2874 -0.0869814
v -0.2529689 -0.34090304 -0.104700275
v -0.25246242 0.017637203 -0.08823035
v -0.25384784 -0.24913788 -0.11452994
v -0.2665495 0.27291146 -0.08548473
v -0.25625688 0.1421209 -0.08823165
v -0.24351972 0.09741993 -0.088207975
v -0.2550775 -0.038582433 -0.08611427
v -0.2439742 -0.16868304 -0.086107396
v -0.2552957 0.23980847 -0.08658056
v -0.238622 -0.008405297 -0.08759393
v -0.25032252 -0.025730165 -0.08710462
v -0.25178587 -0.083776265 -0.0858796
v -0.2665495 0.27291146 -0.08548473
v -0.25383928 0.2658016 -0.075783245
v -0.2552957 0.23980847 -0.08658056
v -0.24608243 0.073550574 -0.08824473
v -0.25317037 0.24441262 -0.079482175
v -0.21041794 -0.1459715 -0.08061483
v -0.20888755 -0.053283457 -0.08768884
v -0.2301555 0.12382013 -0.08801362
v -0.24526174 0.2519775 -0.069447935
v -0.23878393 0.23862468 -0.075884946
v -0.22659346 0.21308501 -0.087450944
v -0.22715941 -0.20865709 -0.10078283
v -0.23961146 0.2595773 -0.060257025
v -0.22685207 -0.017816512 -0.08758823
v -0.2552957 0.23980847 -0.08658056
v -0.23878393 0.23862468 -0.075884946
v -0.22659346 0.21308501 -0.087450944
v -0.22581957 -0.091965884 -0.084944196
v -0.22384812 0.044116586 -0.087908186
v -0.18119015 -0.32606936 -0.11199599
v -0.20874286 -0.25321358 -0.116351284
v -0.21904866 0.22367163 -0.07807048
v -0.22119339 -0.0049915668 -0.08268555
v -0.238622 -0.008405297 -0.08759393
v -0.22119339 -0.0049915668 -0.08268555
v -0.25032252 -0.025730165 -0.08710462
v -0.21253012 0.17245634 -0.088017955
v -0.20918311 0.0118177915 -0.08672978
v -0.21069662 0.06851187 -0.08796488
v -0.21204957 -0.2761159 -0.11746736
v -0.20918311 0.0118177915 -0.08672978
v -0.20766954 -0.33825812 -0.10627015
v -0.20037785 -0.2950589 -0.11440012
v -0.20970038 -0.00087819004 -0.085499264
v -0.20078655 -0.22198227 -0.10554392
v -0.18385267 -0.1992689 -0.09729393
v -0.20499188 0.21300262 -0.08495524
v -0.20173946 -0.013857378 -0.08784592
v -0.19659159 0.105783224 -0.08782114
v -0.19718798 -0.09803995 -0.08420434
v -0.18688823 0.14853644 -0.08778471
v -0.14736171 -0.166913 -0.08541652
v -0.19890848 0.007813892 -0.07834126
v -0.19017123 0.02349888 -0.08711034
v -0.20970038 -0.00087819004 -0.085499264
v -0.20499188 0.21300262 -0.08495524
v -0.19104132 0.19780576 -0.08634498
v -0.19619584 -0.2683182 -0.11708134
v -0.1856687 0.043688584 -0.08767352
v -0.1907356 0.0017779355 -0.08552245
v -0.1907356 0.0017779355 -0.08552245
v -0.1794738 0.20673689 -0.08308943
v -0.16915272 0.07437054 -0.087571286
v -0.18362056 -0.26116034 -0.1161566
v -0.17199954 -0.017431969 -0.087774605
v -0.18764691 -0.26634505 -0.11098233
v -0.1740669 -0.28002465 -0.114106335
v -0.1602285 -0.23963688 -0.11195509
v -0.18454386 0.014651357 -0.07684755
v -0.19017123 0.02349888 -0.08711034
v -0.17144932 0.11651138 -0.08761481
v -0.16675709 -0.34022996 -0.10288535
v -0.14421004 -0.09859096 -0.084025286
v -0.17837964 0.01587091 -0.086692326
v -0.18035693 0.007824714 -0.075782366
v -0.15666656 0.17608584 -0.087648906
v -0.1711051 -0.2659701 -0.11039668
v -0.17272067 0.0049923984 -0.085267745
v -0.17272067 0.0049923984 -0.085267745
v -0.15647727 0.015116247 -0.08768913
v -0.17837964 0.01587091 -0.086692326
v -0.15873022 -0.2597504 -0.11700322
v -0.16847448 -0.26229614 -0.11493587
v -0.15757091 0.19774653 -0.08542845
v -0.12448231 -0.30820444 -0.113997474
v -0.13765551 0.052099958 -0.087567784
v -0.15587536 0.20866828 -0.08098716
v -0.15843228 0.13700336 -0.08761884
v -0.14519475 -0.029399827 -0.08765382
v -0.13428912 0.14844249 -0.08762164
v -0.15378852 -0.27615535 -0.11390557
v -0.13818933 0.121111095 -0.087496534
v -0.12602189 0.08911647 -0.086902045
v -0.1394207 0.20553483 -0.08566184
v -0.103786424 -0.2338657 -0.10964147
v -0.12823687 -0.26092565 -0.11745456
v -0.12695557 0.1825092 -0.087574124
v -0.127136 -0.3310144 -0.11272012
v -0.13004622 -0.2878987 -0.11604887
v -0.13221231 -0.33953992 -0.10602132
v -0.11265214 -0.00089381164 -0.08744343
v -0.088723116 -0.14605303 -0.0800469
v -0.122783475 0.02514993 -0.087637134
v -0.13583827 0.22955665 -0.081726074
v -0.11894277 0.21708958 -0.08755581
v -0.104703195 0.15648621 -0.08750337
v -0.11275562 -0.04632095 -0.08755759
v -0.116414696 0.27098706 -0.087266415
v -0.13228108 0.26688406 -0.08629748
v -0.13341905 0.2841684 -0.08505016
v -0.12364035 0.24966797 -0.08640073
v -0.111306064 -0.2717123 -0.11765564
v -0.099667594 -0.33529913 -0.10926174
v -0.10531175 0.30307117 -0.08597018
v -0.12815687 0.2964759 -0.08164252
v -0.09514237 0.2506767 -0.087591246
v -0.09630522 0.04904263 -0.08729567
v -0.091632284 0.1131443 -0.087398455
v -0.08660656 -0.09046151 -0.08453343
v -0.08751831 -0.033564862 -0.087378494
v -0.089379 0.20256647 -0.087489024
v -0.079046026 -0.26842108 -0.11657233
v -0.07676804 0.0035952774 -0.08724903
v -0.07859273 0.2876194 -0.08765589
v -0.08245459 0.08203953 -0.087302275
v -0.069069885 0.14658593 -0.08741778
v -0.07300042 -0.19325629 -0.09460524
v -0.07742372 0.31665316 -0.087704234
v -0.0943675 0.32442537 -0.085010916
v -0.06359616 0.22027367 -0.08751587
v -0.07436355 -0.32550153 -0.11277862
v -0.050450474 -0.289167 -0.11552
v -0.057753347 0.0980948 -0.08732271
v -0.064631596 0.061231516 -0.087214425
v -0.082651444 0.3315159 -0.08507367
v -0.055722646 -0.06292064 -0.08666981
v -0.037529778 0.27057165 -0.08762938
v -0.042182855 -0.21716069 -0.10357906
v -0.060649533 0.17241347 -0.08742231
v -0.0630973 -0.33946294 -0.1053853
v -0.054661237 0.3281692 -0.087075375
v -0.04559471 0.037494216 -0.08723375
v -0.017827826 -0.095470004 -0.083975986
v -0.037071984 -0.010382925 -0.08720913
v -0.03238961 0.18888843 -0.08745249
v -0.03247794 -0.14571586 -0.079936065
v -0.038815174 0.31317887 -0.087748766
v -0.040709782 -0.331232 -0.110025495
v -0.026172038 0.15999943 -0.08738362
v -0.035630573 0.12450276 -0.08736652
v -0.051729016 -0.3439592 -0.09991565
v -0.025026008 0.22011095 -0.087494664
v -0.025995063 -0.055997573 -0.086986646
v -0.027565753 -0.30331618 -0.11462414
v -0.010685355 0.06272651 -0.08727646
v -0.020500988 0.09961804 -0.08734095
v -0.020393535 -0.16716658 -0.08505264
v -0.016629184 -0.34166288 -0.101670496
v -0.0039433795 -0.25989357 -0.117178716
v -0.018401094 0.32862774 -0.087445594
v -0.01819368 -0.32641554 -0.1104102
v -0.009073852 0.13431181 -0.087361015
v -0.017510306 0.024896305 -0.08719093
v 0.028330335 -0.215927 -0.10293861
v 0.016502518 -0.2803595 -0.11734032
v 0.012326766 -0.12500194 -0.081062295
v 0.0034845727 0.19176859 -0.08743302
v -0.0050072833 0.26139984 -0.08759332
v -0.0045864196 -0.31652015 -0.11584727
v -0.0016492665 -0.014299634 -0.08720838
v -0.002177818 0.30285048 -0.08776469
v 0.022907645 0.07165558 -0.08735068
v 0.040952515 -0.16207421 -0.0833536
v 0.005003045 -0.0461009 -0.08729603
v 0.018252926 0.15651147 -0.08735514
v 0.028852342 0.108983286 -0.0873483
v 0.016192855 0.02568215 -0.087291166
v 0.0040114694 0.33216757 -0.085065015
v 0.019488238 0.22213642 -0.0875063
v 0.043650676 -0.30840406 -0.11725143
v 0.027247759 0.31970125 -0.087853014
v 0.027373176 -0.33262324 -0.11457695
v 0.033368662 0.27028435 -0.08766563
v 0.024871504 -0.065822825 -0.086745195
v 0.03202318 -0.029383361 -0.08731837
v 0.041369226 0.3325581 -0.084421046
v 0.03704486 0.18264218 -0.08742338
v 0.0418157 -0.09001474 -0.08451764
v 0.05095943 0.14370324 -0.087360755
v 0.06617327 0.0055788686 -0.08736893
v 0.045982603 0.23165053 -0.08754482
v 0.06528235 0.19730933 -0.08747689
v 0.056355055 0.3036517 -0.08781497
v 0.080439605 -0.2543304 -0.11565559
v 0.070828944 0.040951554 -0.08741168
v 0.0591728 -0.0699202 -0.08644665
v 0.065724224 0.3274299 -0.08733682
v 0.07349298 -0.043823887 -0.08755272
v 0.07334782 -0.1189123 -0.0817191
v 0.070110686 0.11504835 -0.08726403
v 0.0725104 0.24786484 -0.08756627
v 0.07933387 0.08607349 -0.08735346
v 0.07488542 0.2830948 -0.08768743
v 0.07782761 -0.3285871 -0.116075136
v 0.07782761 -0.3285871 -0.116075136
v 0.04272711 -0.33801067 -0.10824996
v 0.027373176 -0.33262324 -0.11457695
v 0.07481112 -0.3366509 -0.109060355
v 0.098403655 0.15976484 -0.08741828
v 0.114393465 -0.024466507 -0.08765382
v 0.09766317 -0.2099098 -0.10059006
v 0.09793316 0.32408282 -0.08738768
v 0.1166514 0.1898233 -0.08748442
v 0.11870898 -0.149299 -0.07980922
v 0.110159375 0.032483254 -0.08754983
v 0.10774941 0.2531497 -0.08758572
v 0.10269181 -0.080509156 -0.085679546
v 0.11014462 0.2953213 -0.08771154
v 0.099642314 -0.33643302 -0.10940827
v 0.111868605 -0.29864255 -0.1171232
v 0.11299017 0.1165577 -0.08733665
v 0.10604912 -0.11322503 -0.082375474
v 0.09343036 0.33498207 -0.082460105
v 0.14622025 -0.060227837 -0.08743431
v 0.10786109 -0.32691163 -0.116630316
v 0.10786109 -0.32691163 -0.116630316
v 0.12176674 -0.1689886 -0.08548345
v 0.1331741 0.08078099 -0.087418936
v 0.1424561 0.12616242 -0.0874506
v 0.13101529 -0.3353796 -0.10965466
v 0.13229738 -0.2580591 -0.11635958
v 0.12740509 0.33138102 -0.08566635
v 0.12588169 0.32086042 -0.08780806
v 0.1422978 -0.18658254 -0.092060626
v 0.14171252 0.28952453 -0.08770181
v 0.14613216 -0.22543727 -0.106233455
v 0.16509274 -0.124695785 -0.08145019
v 0.137645 0.20842522 -0.08752531
v 0.1343643 -0.32668847 -0.116400674
v 0.1432105 -0.28723767 -0.11697514
v 0.1343643 -0.32668847 -0.116400674
v 0.1479695 -0.31584156 -0.117056586
v 0.1542141 0.013271069 -0.086581044
v 0.15099035 0.24249308 -0.08755122
v 0.16683842 -0.012360921 -0.087769166
v 0.15579808 0.18224624 -0.08749606
v 0.15638523 0.048795253 -0.08767947
v 0.16176826 0.32763985 -0.08730222
v 0.15099035 0.24249308 -0.08755122
v 0.14171252 0.28952453 -0.08770181
v 0.16861853 0.27555948 -0.087639615
v 0.16862333 -0.32934222 -0.115388036
v 0.15790845 0.33567545 -0.08125043
v 0.16862333 -0.32934222 -0.115388036
v 0.17117977 -0.2523806 -0.11514035
v 0.1695137 -0.16018333 -0.082509585
v 0.17209558 0.014132253 -0.08376024
v 0.17362083 0.026343755 -0.087801434
v 0.1776814 0.081988454 -0.08752538
v 0.17337759 0.22725801 -0.0875654
v 0.1815827 0.20161325 -0.08758623
v 0.18419352 0.16413587 -0.08757887
v 0.17299335 0.12893285 -0.087589934
v 0.18446144 -0.19548605 -0.09536871
v 0.16176826 0.32763985 -0.08730222
v 0.19455138 0.30600086 -0.08785895
v 0.19890527 -0.30856255 -0.11697822
v 0.18057464 -0.2691778 -0.116895825
v 0.16861853 0.27555948 -0.087639615
v 0.19563203 0.0055392915 -0.08660575
v 0.19914117 0.33007026 -0.08654314
v 0.20428663 0.25082523 -0.087698154
v 0.20158216 -0.038140908 -0.08827834
v 0.21601245 -0.0916734 -0.085096374
v 0.19087046 0.042896304 -0.08779815
v 0.19914117 0.33007026 -0.08654314
v 0.19950429 -0.25273612 -0.11562951
v 0.21593075 0.07164471 -0.08768239
v 0.19455138 0.30600086 -0.08785895
v 0.21084064 -0.23028205 -0.10790221
v 0.21518737 -0.27916402 -0.11688115
v 0.21858202 -0.16833383 -0.08548464
v 0.21837758 0.18442722 -0.0877455
v 0.21027283 0.21878006 -0.08764878
v 0.21947476 -0.14994891 -0.080108345
v 0.21712546 0.14308383 -0.087751515
v 0.22097154 0.10634235 -0.08771004
v 0.20590676 -0.32741043 -0.11620707
v 0.21859631 0.040679444 -0.08793562
v 0.23608169 -0.25185 -0.11500449
v 0.23998548 -0.010155644 -0.08749201
v 0.21706292 -0.19945861 -0.096826255
v 0.24824066 -0.038788494 -0.0887039
v 0.23155537 -0.32506233 -0.11681284
v 0.23223883 0.26569706 -0.08785327
v 0.23499765 0.33067948 -0.08505673
v 0.2412323 -0.21482329 -0.10237602
v 0.23853588 0.014805726 -0.0882411
v 0.25532186 0.12947917 -0.08797548
v 0.24978492 0.29952276 -0.0880772
v 0.2364371 -0.13236354 -0.0809698
v 0.2448643 0.039177563 -0.08795658
v 0.23554817 0.23598376 -0.0877818
v 0.2502726 0.16087121 -0.087912545
v 0.25170845 0.21073823 -0.08794074
v 0.28546 -0.11598556 -0.082920544
v 0.23223883 0.26569706 -0.08785327
v 0.2544391 -0.3121874 -0.1158608
v 0.2616653 -0.1527308 -0.08060548
v 0.24571131 -0.27080402 -0.1169007
v 0.25792602 0.076452985 -0.087923884
v 0.26803428 -0.17781453 -0.08915603
v 0.26366076 0.2478575 -0.08793121
v 0.26366076 0.2478575 -0.08793121
v 0.26140794 -0.23561078 -0.109876245
v 0.27533856 -0.06624324 -0.087859094
v 0.2665207 -0.33405668 -0.11012371
v 0.27838412 -0.27947715 -0.11671082
v 0.2687542 0.2837637 -0.08810643
v 0.2702473 -0.20840217 -0.100158416
v 0.27613655 -0.25520298 -0.116238646
v 0.27337918 -0.0012967092 -0.087165214
v 0.2801793 0.038266484 -0.08821194
v 0.23499765 0.33067948 -0.08505673
v 0.266833 0.33198678 -0.08552753
v 0.24978492 0.29952276 -0.0880772
v 0.30794033 0.16874819 -0.08814235
v 0.28359035 0.014109281 -0.08840705
v 0.28770357 0.11417834 -0.08820529
v 0.28501445 -0.01093287 -0.08683608
v 0.28716046 0.22735399 -0.08788746
v 0.2773749 0.3259772 -0.08799417
v 0.28376207 0.31315595 -0.08765241
v 0.2687542 0.2837637 -0.08810643
v 0.28615013 -0.32874084 -0.1111355
v 0.29376757 0.065156095 -0.08820349
v 0.29508868 0.27226 -0.08816063
v 0.29963568 -0.23564994 -0.11000139
v 0.28363067 -0.0037314193 -0.08254458
v 0.2973703 -0.024705712 -0.08866743
v 0.2972286 -0.1489822 -0.08005731
v 0.29045165 -0.3120557 -0.1134623
v 0.28657645 0.3251636 -0.08370018
v 0.2960097 0.33239678 -0.085157186
v 0.31456515 -0.20941468 -0.10070662
v 0.3097892 -0.16671516 -0.08533916
v 0.30676338 -0.26088423 -0.116723165
v 0.30681095 0.31864533 -0.086719446
v 0.30327564 -0.0038848026 -0.080394745
v 0.31830013 -0.30340117 -0.11688361
v 0.31399816 0.004221702 -0.086528845
v 0.32536012 0.04556914 -0.088375054
v 0.31014425 -0.010106397 -0.0843791
v 0.31914943 0.23403712 -0.088712834
v 0.33275285 0.29970932 -0.08843499
v 0.33510855 0.087700315 -0.088376395
v 0.3168448 -0.33299422 -0.11042359
v 0.2966612 -0.34332037 -0.10177262
v 0.3202981 -0.019847063 -0.08727594
v 0.33370525 0.022602132 -0.08704625
v 0.32892397 0.13236405 -0.08834205
v 0.33447894 0.19147089 -0.08690252
v 0.33154103 -0.26465675 -0.116962835
v 0.3256117 0.32912743 -0.0874932
v 0.32761055 -0.054510612 -0.08843076
v 0.35330743 -0.14928682 -0.082372874
v 0.33895504 -0.325218 -0.11586729
v 0.3477543 -0.2373525 -0.110850565
v 0.33552727 0.27064475 -0.08845925
v 0.34107897 -0.032495636 -0.088065036
v 0.34229708 0.20122372 -0.08810367
v 0.34999526 0.32498622 -0.08722985
v 0.34258816 -0.18874793 -0.093625546
v 0.34580997 0.22061521 -0.0889163
v 0.35248932 0.16347843 -0.08806953
v 0.3651865 0.262733 -0.088629395
v 0.3575748 -0.33264217 -0.114978425
v 0.33780167 0.3368882 -0.07753197
v 0.35913515 -0.2795222 -0.11721194
v 0.3579949 -0.10912508 -0.08350365
v 0.35179898 0.1074511 -0.08837474
v 0.34904417 0.05616059 -0.08706699
v 0.36358407 -0.059104133 -0.0879832
v 0.3648692 0.13565719 -0.088335976
v 0.36517864 -0.17104788 -0.08769612
v 0.37840134 -0.3056621 -0.1172296
v 0.3564033 0.17928211 -0.086200416
v 0.36695763 -0.25629354 -0.11697165
v 0.36497903 0.08593903 -0.087147824
v 0.37030172 0.3150161 -0.08836925
v 0.37179077 -0.20676845 -0.10033893
v 0.3738308 -0.044616994 -0.08296212
v 0.38874435 0.17449659 -0.088687815
v 0.37732103 0.21362728 -0.08869912
v 0.37739637 0.11512714 -0.08721833
v 0.37107372 0.16377027 -0.087209105
v 0.36889517 0.15484706 -0.085098036
v 0.37853408 -0.076126926 -0.07750474
v 0.37662822 -0.09257213 -0.07474832
v 0.3579949 -0.10912508 -0.08350365
v 0.3761953 0.33028367 -0.08375655
v 0.37030172 0.3150161 -0.08836925
v 0.34999526 0.32498622 -0.08722985
v 0.41712898 -0.10347158 -0.08265459
v 0.36358407 -0.059104133 -0.0879832
v 0.37609595 0.14529572 -0.086842306
v 0.38376376 0.10387289 -0.08137999
v 0.38699543 -0.23895594 -0.11173286
v 0.3914214 0.29540172 -0.08872166
v 0.39129108 -0.16339718 -0.086719215
v 0.3985118 -0.19505225 -0.096884824
v 0.39567253 -0.2675057 -0.117265224
v 0.3738308 -0.044616994 -0.08296212
v 0.37107372 0.16377027 -0.087209105
v 0.3871739 0.14989494 -0.08731784
v 0.37708345 0.15511322 -0.077594824
v 0.38859028 0.1462469 -0.07810884
v 0.40712887 -0.1372708 -0.08687965
v 0.3959418 0.32538143 -0.088208705
v 0.3959418 0.32538143 -0.088208705
v 0.3871739 0.14989494 -0.08731784
v 0.3938808 0.24723567 -0.088746384
v 0.36889517 0.15484706 -0.085098036
v 0.37708345 0.15511322 -0.077594824
v 0.3837955 0.14220205 -0.075417265
v 0.41712898 -0.10347158 -0.08265459
v 0.40867257 -0.06946859 -0.06792036
v 0.40223262 -0.05584462 -0.06498364
v 0.39845073 -0.3304622 -0.11739523
v 0.3896409 0.12751567 -0.08493747
v 0.39682826 0.13477188 -0.0657377
v 0.39682826 0.13477188 -0.0657377
v 0.41298342 -0.22836521 -0.108365886
v 0.39221022 0.12952247 -0.07627843
v 0.42409128 -0.31522077 -0.11756211
v 0.42434952 0.27582863 -0.08881101
v 0.41171905 0.1986732 -0.08876774
v 0.39556512 0.33932 -0.07602321
v 0.40706405 0.13157056 -0.08614169
v 0.3972813 0.12207418 -0.06148173
v 0.40629163 0.11000256 -0.0561573
v 0.3927802 0.10524875 -0.060374226
v 0.4044883 0.13165338 -0.07498737
v 0.4223271 0.15637162 -0.08868447
v 0.41731974 -0.16901794 -0.08955665
v 0.40820953 0.12387777 -0.057333987
v 0.41929603 0.33216894 -0.08567721
v 0.4297488 0.14572869 -0.08737358
v 0.40706405 0.13157056 -0.08614169
v 0.42832345 0.31442901 -0.08882469
v 0.4107644 0.12690623 -0.07068632
v 0.4364453 0.2384171 -0.08878865
v 0.41980752 0.12394743 -0.060178466
v 0.41151458 -0.04356282 -0.05869272
v 0.41929603 0.33216894 -0.08567721
v 0.43289986 -0.06577283 -0.06654008
v 0.4328497 -0.1900339 -0.09677148
v 0.41912153 0.13267918 -0.066132225
v 0.44023338 -0.25123855 -0.11608777
v 0.4381607 -0.33269012 -0.116774
v 0.4484797 -0.2820873 -0.11791509
v 0.43304846 0.20536809 -0.08878526
v 0.44310266 -0.21377966 -0.1045622
v 0.44776058 -0.15808854 -0.08992571
v 0.44732016 0.17641927 -0.08870306
v 0.443687 0.33010027 -0.08817525
v 0.45139825 0.28083873 -0.08870529
v 0.4539307 -0.0894927 -0.073330194
v 0.45728472 -0.13169342 -0.08748904
v 0.46033493 -0.31851518 -0.117753096
v 0.45762056 0.30126765 -0.08749999
v 0.45765427 0.16552252 -0.08561901
v 0.45728472 -0.13169342 -0.08748904
v 0.45816532 -0.18926959 -0.09613687
v 0.44986758 0.15091226 -0.08198688
v 0.45741665 0.2323554 -0.088257916
v 0.45829183 0.18922417 -0.08775948
v 0.45677552 0.3239385 -0.08824597
v 0.4629875 -0.23143063 -0.10944726
v 0.4565981 0.33380628 -0.0848045
v 0.4670721 -0.15180896 -0.077776544
v 0.46654475 -0.33392972 -0.11486179
v 0.4629591 0.26275772 -0.08314412
v 0.46752715 -0.31411538 -0.11673603
v 0.46566942 -0.25875 -0.118377924
v 0.46729282 -0.281336 -0.11689427
v -0.4362409 -0.05107535 0.00029742703
v -0.45235014 -0.06899525 -0.034214396
v -0.46409303 -0.08419917 0.0050475295
v -0.44218132 -0.05898947 0.019396298
v -0.43390992 -0.051457774 -0.038728654
v -0.44701058 -0.061799277 -0.03792564
v -0.42597058 -0.044196267 0.040705215
v -0.44307125 -0.057455234 0.040775444
v -0.43601465 -0.05732415 -0.06078141
v -0.425014 -0.055103026 -0.07295868
v -0.4355338 -0.07429147 -0.080618344
v -0.41977915 -0.03565795 -0.027951013
v -0.4255213 -0.042491794 -0.052729942
v -0.4171527 -0.03645229 -0.05284364
v -0.4126291 -0.027765043 -0.0020902487
v -0.40776998 -0.043489452 -0.06494927
v -0.4141566 -0.032935716 -0.043509062
v -0.39902854 -0.024678612 -0.017451296
v -0.40396056 -0.031641036 -0.0440379
v -0.40937334 -0.062522374 -0.08390708
v -0.38591784 -0.0063806386 0.00027496417
v -0.39874503 -0.059038665 -0.08133487
v -0.40163037 -0.036031995 -0.0544615
v -0.39340326 -0.03109263 -0.04845101
v -0.39300117 -0.047662005 -0.06458455
v -0.38464448 -0.054737404 -0.08231924
v -0.39940354 -0.07418353 -0.085325606
v -0.39325958 -0.06588625 -0.07995391
v -0.37867752 -0.035790782 -0.063065015
v -0.36432013 -0.008897921 -0.027239945
v -0.363902 -0.019638399 -0.04834028
v -0.36203507 0.016158054 -0.014270676
v -0.37155512 0.029111652 -0.00040608871
v -0.3627539 -0.04077354 -0.075083196
v -0.36764657 -0.046234995 -0.085071936
v -0.35238606 -0.026459875 -0.07040778
v -0.34368202 -0.011452206 -0.05336828
v -0.35124105 -0.03756814 -0.078698054
v -0.34494355 -0.026888447 -0.07792889
v -0.4531231 0.12425563 0.03413175
v -0.45279405 0.11482616 0.041810125
v -0.45643815 0.13089603 0.047521904
v -0.45279405 0.11482616 0.041810125
v -0.45454174 0.07105611 0.052539226
v -0.44899645 0.114441104 0.054272976
v -0.44559172 0.07329832 0.06035623
v -0.45454174 0.07105611 0.052539226
v -0.45272517 0.035824124 0.06243395
v -0.44649202 0.012969656 0.06253352
v -0.44373396 0.04229265 0.063399345
v -0.45337373 0.0060494468 0.059760194
v -0.44899645 0.114441104 0.054272976
v -0.45177615 -0.021379549 0.05661018
v -0.45466995 -0.07287833 0.053092804
v -0.4445267 -0.047662247 0.055435397
v -0.45307422 -0.045060806 0.05446016
v -0.44209427 -0.022806011 0.05696786
v -0.44095802 0.10222732 0.05462569
v -0.44068378 0.12487707 0.051121395
v -0.45679513 0.1286159 -0.04827599
v -0.45867154 0.1456975 -0.06730231
v -0.43260813 0.12786353 -0.056913443
v -0.44765577 0.025884012 -0.062273256
v -0.45627874 0.0017410076 -0.057907198
v -0.4550745 0.05755964 -0.061173026
v -0.45679513 0.1286159 -0.04827599
v -0.4481202 0.12671785 -0.05279621
v -0.45583323 0.11306134 -0.05237745
v -0.44901305 -0.0672756 -0.05516003
v -0.46843186 -0.096795745 -0.0582929
v -0.4564055 -0.057120383 -0.05039459
v -0.44739407 0.10809111 -0.055002768
v -0.45081758 -0.049246594 -0.05573996
v -0.4475852 -0.012973228 -0.059593726
v -0.43260813 0.12786353 -0.056913443
v -0.43891197 0.11713107 -0.033715278
v -0.4525714 0.11855415 -0.016692918
v -0.4539537 0.1232026 -0.036021657
v -0.45727053 0.09318411 -0.051319625
v -0.44660124 0.11985691 -0.038248245
v -0.4465925 0.07517678 -0.05943583
v -0.44409433 -0.055578765 -0.052579504
v -0.44461435 0.051301606 -0.061120056
v -0.46016437 0.16798711 -0.0830221
v -0.41843355 0.1473569 -0.086958036
v -0.4475979 0.11166638 0.005388931
v -0.43564925 0.10528188 -0.009558899
v -0.4431274 -0.032557577 -0.054426838
v -0.44047827 -0.05890722 -0.049121905
v -0.44150612 0.12303304 -0.04781231
v -0.44150612 0.12303304 -0.04781231
v -0.41091758 0.08628547 0.00066898286
v -0.41941503 0.10560075 -0.029454038
v -0.40765074 0.093104444 -0.016962286
v -0.41056976 0.13373731 -0.07332485
v -0.41252977 0.11514008 -0.05697635
v -0.41661552 0.1089168 -0.04559851
v -0.4064911 0.102132 -0.04298382
v -0.38318682 0.118548684 -0.08469948
v -0.38553524 0.075109825 -0.01153586
v -0.39137366 0.11136487 -0.06939112
v -0.3933736 0.09864873 -0.04692124
v -0.40059894 0.105414025 -0.052400116
v -0.38436764 0.08358249 -0.026840618
v -0.3798839 0.058780763 -0.0008181904
v -0.36609563 0.07955321 -0.049361266
v -0.35216275 0.06371885 -0.07636644
v -0.37155512 0.029111652 -0.00040608871
v -0.35966635 0.051978134 -0.015977342
v -0.3539577 0.0630845 -0.041075505
v -0.45484138 -0.04511955 -0.0421791
v -0.45235014 -0.06899525 -0.034214396
v -0.44701058 -0.061799277 -0.03792564
v -0.45346904 0.0332392 0.052839972
v -0.45454174 0.07105611 0.052539226
v -0.447622 0.056009606 0.047684908
v -0.45452958 0.0016778117 0.050758958
v -0.44723836 0.008915214 0.04703493
v -0.44813648 -0.016147628 0.043833267
v -0.44553837 0.08968472 0.043514237
v -0.45298448 -0.04365801 0.043455992
v -0.45279405 0.11482616 0.041810125
v -0.44307125 -0.057455234 0.040775444
v -0.4538709 -0.06871936 0.04277375
v -0.44203514 0.12163462 0.040040307
v -0.4531231 0.12425563 0.03413175
v -0.44563046 0.03016332 0.048906967
v -0.4420166 0.048190333 0.04973541
v -0.44019172 -0.02063618 0.049313743
v -0.44304392 -0.03354502 0.042909417
v -0.4402752 0.11548007 0.044838767
v -0.44073328 0.022768604 0.050864816
v -0.44049647 0.0726043 0.048491295
v -0.44660124 0.11985691 -0.038248245
v -0.4539537 0.1232026 -0.036021657
v -0.45365384 0.09777738 -0.041866165
v -0.4555929 -0.00090511853 -0.04848338
v -0.44692916 0.010028232 -0.047288544
v -0.4535463 0.048120994 -0.04945723
v -0.445067 0.10483366 -0.042896237
v -0.4458762 0.07526477 -0.045663856
v -0.44781473 -0.050105654 -0.039381586
v -0.44256595 -0.04420616 -0.04504758
v -0.44863257 -0.023098545 -0.04261793
v -0.44739407 0.10809111 -0.055002768
v -0.4481202 0.12671785 -0.05279621
v -0.44150612 0.12303304 -0.04781231
v -0.44701058 -0.061799277 -0.03792564
v -0.44131547 -0.05671356 -0.04168504
v -0.44285983 -0.016146598 -0.046935372
v -0.4433391 0.04161856 -0.052580584
v -0.44296402 0.08601713 -0.052882124
v -0.4465925 0.07517678 -0.05943583
v -0.4475852 -0.012973228 -0.059593726
v -0.44765577 0.025884012 -0.062273256
v -0.4425926 0.003855872 -0.05455713
v -0.4431274 -0.032557577 -0.054426838
v -0.44409433 -0.055578765 -0.052579504
v -0.44461435 0.051301606 -0.061120056
v -0.44047827 -0.05890722 -0.049121905
v -0.4445267 -0.047662247 0.055435397
v -0.45466995 -0.07287833 0.053092804
v -0.4396006 -0.05838865 0.04999173
v -0.4407541 -0.00068906957 0.05872109
v -0.44649202 0.012969656 0.06253352
v -0.44209427 -0.022806011 0.05696786
v -0.4401148 0.021996975 0.05888072
v -0.44373396 0.04229265 0.063399345
v -0.43937343 0.056799624 0.05538898
v -0.44559172 0.07329832 0.06035623
v -0.43934685 0.089552596 0.051377717
v -0.44095802 0.10222732 0.05462569
v -0.44019172 -0.02063618 0.049313743
v -0.44049647 0.0726043 0.048491295
v -0.4420166 0.048190333 0.04973541
v -0.44073328 0.022768604 0.050864816
v -0.4402752 0.11548007 0.044838767
v -0.44068378 0.12487707 0.051121395
v -0.44553837 0.08968472 0.043514237
v -0.44307125 -0.057455234 0.040775444
v -0.44304392 -0.03354502 0.042909417
v -0.44203514 0.12163462 0.040040307
v -0.44797277 0.13235 0.05346101
v -0.44899645 0.114441104 0.054272976
v -0.44068378 0.12487707 0.051121395
v -0.425014 -0.055103026 -0.07295868
v -0.40937334 -0.062522374 -0.08390708
v -0.4355338 -0.07429147 -0.080618344
v -0.41710338 -0.0767254 -0.08547352
v -0.41547894 0.0832595 0.053315885
v -0.4129429 0.070568144 0.049489196
v -0.41448078 0.04323433 0.058393605
v -0.41470706 -0.005937972 0.051462114
v -0.41327426 0.012648784 0.060753115
v -0.41388515 0.105546586 0.055460908
v -0.41363147 0.10693346 0.045714054
v -0.4141597 -0.037222635 0.056290086
v -0.41574356 -0.023287343 0.052837744
v -0.41086757 -0.034376364 0.04376759
v -0.4114684 0.11344786 0.054356012
v -0.40853354 0.03440249 0.050360937
v -0.4124517 -0.016167304 0.05925051
v -0.40777528 -0.013026676 0.04549372
v -0.40573308 0.0749283 0.0470167
v -0.40362298 0.09977529 0.04335539
v -0.41371226 0.06654193 -0.048610367
v -0.41661552 0.1089168 -0.04559851
v -0.4147524 0.08099349 -0.05968913
v -0.4171527 -0.03645229 -0.05284364
v -0.41519356 -0.0038258662 -0.049427703
v -0.41641855 -0.013023393 -0.059146788
v -0.417887 0.0036501335 -0.05626225
v -0.4175223 0.03628804 -0.058743306
v -0.4119504 0.01773241 -0.06388414
v -0.4141566 -0.032935716 -0.043509062
v -0.41252977 0.11514008 -0.05697635
v -0.41252977 0.11514008 -0.05697635
v -0.40994462 0.103587255 -0.05806456
v -0.4147524 0.08099349 -0.05968913
v -0.41641855 -0.013023393 -0.059146788
v -0.4119504 0.01773241 -0.06388414
v -0.407481 -0.021699673 -0.059259895
v -0.40839916 0.047472466 -0.06506802
v -0.4175223 0.03628804 -0.058743306
v -0.40776998 -0.043489452 -0.06494927
v -0.4171527 -0.03645229 -0.05284364
v -0.4040765 0.09557129 -0.057423078
v -0.40371677 0.061440643 -0.061598614
v -0.40331396 0.0045448085 -0.061085925
v -0.4032873 0.03176617 -0.062968984
v -0.40059894 0.105414025 -0.052400116
v -0.4064911 0.102132 -0.04298382
v -0.41661552 0.1089168 -0.04559851
v -0.41371226 0.06654193 -0.048610367
v -0.41519356 -0.0038258662 -0.049427703
v -0.40709707 0.02860592 -0.05111937
v -0.4141566 -0.032935716 -0.043509062
v -0.40396056 -0.031641036 -0.0440379
v -0.40608272 -0.010230998 -0.046807114
v -0.4035279 0.08550118 -0.049639206
v -0.40517423 0.058526143 -0.050220903
v -0.40272495 -0.02296538 -0.04928206
v -0.40214443 0.04686734 -0.055527385
v -0.40371677 0.061440643 -0.061598614
v -0.4040765 0.09557129 -0.057423078
v -0.40331396 0.0045448085 -0.061085925
v -0.407481 -0.021699673 -0.059259895
v -0.40197963 0.010031058 -0.055680394
v -0.4032873 0.03176617 -0.062968984
v -0.40163037 -0.036031995 -0.0544615
v -0.40059894 0.105414025 -0.052400116
v -0.40777528 -0.013026676 0.04549372
v -0.40853354 0.03440249 0.050360937
v -0.40300193 0.013756269 0.049944643
v -0.40092367 -0.01606463 0.04771546
v -0.41086757 -0.034376364 0.04376759
v -0.40573308 0.0749283 0.0470167
v -0.40048203 0.06911384 0.050927643
v -0.40362298 0.09977529 0.04335539
v -0.40038344 0.099531956 0.04825686
v -0.39949346 0.040706594 0.05880555
v -0.400203 0.0056985896 0.05842039
v -0.40020788 0.06804769 0.05883679
v -0.39975223 -0.019306926 0.05493389
v -0.4114684 0.11344786 0.054356012
v -0.40049446 0.09459416 0.05496406
v -0.40127695 -0.035050627 0.053744916
v -0.40776998 -0.043489452 -0.06494927
v -0.407481 -0.021699673 -0.059259895
v -0.40163037 -0.036031995 -0.0544615
v -0.35966635 0.051978134 -0.015977342
v -0.36203507 0.016158054 -0.014270676
v -0.37155512 0.029111652 -0.00040608871
v -0.3539577 0.0630845 -0.041075505
v -0.36609563 0.07955321 -0.049361266
v -0.35216275 0.06371885 -0.07636644
v -0.34834513 0.03802841 -0.03202081
v -0.34901696 0.041092403 -0.05501614
v -0.344877 0.013250626 -0.045625746
v -0.33958855 0.030749083 -0.077262014
v -0.34134707 -0.0021671583 -0.06317559
v -0.33873066 0.016044782 -0.07767038
v -0.33386618 0.04373389 -0.087519
v -0.33674052 0.0052528526 -0.08097264
v -0.33593675 0.026396008 -0.08755299
v -0.36432013 -0.008897921 -0.027239945
v -0.36203507 0.016158054 -0.014270676
v -0.344877 0.013250626 -0.045625746
v -0.34368202 -0.011452206 -0.05336828
v -0.34568 -0.025004901 -0.08525247
v -0.34267008 -0.03588695 -0.08066998
v -0.34494355 -0.026888447 -0.07792889
v -0.33927286 -0.036719017 -0.087251
v -0.34263062 0.0064064767 -0.08618149
v -0.34052515 -0.0052062827 -0.0777856
v -0.33674052 0.0052528526 -0.08097264
v -0.34134707 -0.0021671583 -0.06317559
v -0.33873066 0.016044782 -0.07767038
v -0.33958855 0.030749083 -0.077262014
v -0.33593675 0.026396008 -0.08755299
v -0.32485908 -0.057063773 -0.08691151
v -0.33405414 -0.048382875 0.08066572
v -0.33903575 -0.034084186 0.08523155
v -0.34489587 -0.034612007 0.07891407
v -0.3179338 -0.054369677 0.08626765
v -0.31452334 0.3395295 0.06795533
v -0.33021864 0.334661 0.085527234
v -0.30984473 0.3273163 0.07815214
v -0.31229728 0.3176324 0.08559424
v -0.29406008 0.3098428 0.07506511
v -0.29193145 0.31946948 0.066411704
v -0.29063728 0.32461852 0.05336172
v -0.28597468 0.3146267 0.049747616
v -0.2940461 0.34116048 0.0353308
v -0.28805295 0.32012394 0.0446538
v -0.28338906 0.31577867 0.057472914
v -0.27469292 0.30725345 0.06725396
v -0.27469507 0.31713644 0.0397158
v -0.27521688 0.2947761 0.079247735
v -0.27219298 0.30830243 0.049941994
v -0.26331815 0.32575238 0.015042395
v -0.27731064 0.34525162 0.0029513882
v -0.26105177 0.27692938 0.07831574
v -0.2741235 0.28907648 0.07839484
v -0.2715591 0.2801966 0.08585054
v -0.26627448 0.33293512 -0.008937057
v -0.25559604 0.3026102 0.025920447
v -0.25805798 0.31677765 -0.014233762
v -0.25311336 0.29230055 0.046642557
v -0.24984926 0.27657366 0.062282603
v -0.2607378 0.3004246 0.05571117
v -0.25681132 0.24893884 0.08615159
v -0.24874052 0.25897133 0.07252332
v -0.25068545 0.30950716 0.009505429
v -0.23367433 0.23390538 0.07351296
v -0.23506053 0.29008582 0.0029336389
v -0.23957717 0.2493614 0.06635962
v -0.23570678 0.26820865 0.043306466
v -0.23663788 0.28207308 0.019207628
v -0.25415444 0.29781199 -0.026002977
v -0.23683843 0.25756305 0.06091747
v -0.22096217 0.2091912 0.08698232
v -0.23254636 0.24549286 0.05539314
v -0.21493387 0.24831498 0.06005407
v -0.2185087 0.2602894 0.024318747
v -0.2180903 0.27439994 0.008818346
v -0.20175195 0.22915435 0.028837759
v -0.21685241 0.24404399 0.032826893
v -0.21034162 0.26248157 0.010402451
v -0.1946241 0.21651667 0.06058327
v -0.21065056 0.2703952 0.0031608366
v -0.20630595 0.24107686 0.022815311
v -0.20904446 0.2592735 -0.0028184257
v -0.20702218 0.24777937 0.0042834277
v -0.20775382 0.24399461 -0.014513806
v -0.20203261 0.2352893 -0.0056668436
v -0.20141655 0.23009808 -0.028083764
v -0.19182226 0.22479402 -0.008384871
v -0.18150043 0.21868804 0.0070295753
v -0.28338906 0.31577867 0.057472914
v -0.28597468 0.3146267 0.049747616
v -0.29193145 0.31946948 0.066411704
v -0.27219298 0.30830243 0.049941994
v -0.25037155 0.3147988 0.05407667
v -0.25405768 0.31457382 0.06279512
v -0.25306478 0.3073961 0.05194405
v -0.22592083 0.30813855 0.051611613
v -0.22430785 0.31551498 0.05536169
v -0.19406633 0.31258857 0.052092582
v -0.20370007 0.3150319 0.06179181
v -0.19398297 0.30442446 0.05336857
v -0.16498542 0.31471047 0.053797554
v -0.16174288 0.30473924 0.054501876
v -0.14389579 0.30887064 0.04942818
v -0.1483477 0.302225 0.052061435
v -0.14130054 0.31578445 0.05681009
v -0.13057172 0.3110747 0.04889734
v -0.119752854 0.31898513 0.05803757
v -0.27469507 0.31713644 0.0397158
v -0.29063728 0.32461852 0.05336172
v -0.28805295 0.32012394 0.0446538
v -0.28338906 0.31577867 0.057472914
v -0.27469292 0.30725345 0.06725396
v -0.25405768 0.31457382 0.06279512
v -0.25786006 0.3063754 0.06524609
v -0.23517427 0.30497554 0.062518336
v -0.22430785 0.31551498 0.05536169
v -0.20370007 0.3150319 0.06179181
v -0.18259771 0.30479902 0.06326082
v -0.16739666 0.3135299 0.06416642
v -0.16498542 0.31471047 0.053797554
v -0.16954102 0.28406373 0.03859499
v -0.15856299 0.31702858 0.023745814
v -0.1741813 0.28895375 0.0164252
v -0.15979843 0.2995204 0.0367475
v -0.16517098 0.31369084 0.00059905316
v -0.14130054 0.31578445 0.05681009
v -0.16758439 0.26712418 0.044440776
v -0.15805523 0.2710435 0.05135117
v -0.1575401 0.2829762 0.05119837
v -0.15995379 0.2568093 0.05388976
v -0.15221886 0.29579607 0.047928687
v -0.14249153 0.33815357 -0.0068141953
v -0.14807825 0.2721501 0.056647014
v -0.1461993 0.3336011 0.012848193
v -0.13676043 0.30751687 0.06651386
v -0.15976667 0.24985301 0.054686803
v -0.15681238 0.2340725 0.052163426
v -0.15132348 0.24642321 0.059978697
v -0.14899918 0.28736198 0.063911304
v -0.15215832 0.26053685 0.059007782
v -0.16007973 0.21928817 0.04367809
v -0.1470568 0.22042549 0.05962816
v -0.13915625 0.26819935 0.07454322
v -0.146858 0.23610237 0.0641225
v -0.14666703 0.29995483 0.059384793
v -0.129084 0.3279532 0.03965907
v -0.16186942 0.21491167 0.05933972
v -0.1483477 0.302225 0.052061435
v -0.14777048 0.2126604 0.070525125
v -0.13836323 0.2978317 0.06954974
v -0.14424872 0.2510322 0.06660688
v -0.1369943 0.31814238 0.041495435
v -0.14392409 0.25945503 0.06559777
v -0.14389579 0.30887064 0.04942818
v -0.14078455 0.28197044 0.07851337
v -0.14052983 0.20804346 0.084229685
v -0.13837425 0.22741374 0.0783914
v -0.13184372 0.31464013 0.06358334
v -0.13435414 0.28811166 0.08279807
v -0.13244279 0.25237727 0.07607123
v -0.13676043 0.30751687 0.06651386
v -0.13057172 0.3110747 0.04889734
v -0.12807041 0.22768952 0.08680561
v -0.12462552 0.31790227 0.047233652
v -0.11783866 0.34533346 0.018216297
v -0.13162862 0.26991582 0.08715704
v -0.1144115 0.3025531 0.082400545
v -0.12287424 0.24908346 0.08586104
v -0.119752854 0.31898513 0.05803757
v -0.10976906 0.34300756 0.04176319
v -0.119752854 0.31898513 0.05803757
v -0.10928005 0.32866842 0.063963644
v -0.10614558 0.3204826 0.07666073
v -0.09504644 0.31491324 0.08449071
v -0.092644624 0.3439475 0.063335024
v -0.08809508 0.33602542 0.08131383
v -0.08647389 0.3287706 0.08730272
v -0.05777254 0.33409742 0.085157946
v -0.07455922 0.34140572 0.075209066
v -0.26485 0.311535 -0.054216832
v -0.26552185 0.31282553 -0.06366388
v -0.28963783 0.31729618 -0.060985617
v -0.28450048 0.3116984 -0.05094223
v -0.26534963 0.30267605 -0.04352581
v -0.21166214 0.31095877 -0.06390988
v -0.23470706 0.30776346 -0.05171048
v -0.19209638 0.31306186 -0.05652001
v -0.19534752 0.30738598 -0.050775725
v -0.16931912 0.31382927 -0.060861826
v -0.15856653 0.31028005 -0.052290086
v -0.15341528 0.30847123 -0.065717466
v -0.14412041 0.31468657 -0.05998641
v -0.13042736 0.31379646 -0.05551658
v -0.14453462 0.3033264 -0.050676595
v -0.12954405 0.3110569 -0.06435681
v -0.13406324 0.3075618 -0.046616826
v -0.12361862 0.31514794 -0.0493413
v -0.12334898 0.31932065 -0.052495677
v -0.26552185 0.31282553 -0.06366388
v -0.2739031 0.30618882 -0.06646875
v -0.2869303 0.30897525 -0.07167939
v -0.24319491 0.30464536 -0.065378204
v -0.26265234 0.30063578 -0.06227044
v -0.2602551 0.29881498 -0.05662342
v -0.26713157 0.2938225 -0.07159638
v -0.24200188 0.30033287 -0.05950874
v -0.21166214 0.31095877 -0.06390988
v -0.20756076 0.30146483 -0.057038765
v -0.17485674 0.3019638 -0.06331535
v -0.1598155 0.3007087 -0.05563036
v -0.15341528 0.30847123 -0.065717466
v -0.14462075 0.30283076 -0.063783966
v -0.14618225 0.29857317 -0.060350157
v -0.14062631 0.29605556 -0.06257992
v -0.12884186 0.30272275 -0.06862622
v -0.12954405 0.3110569 -0.06435681
v -0.25306478 0.3073961 0.05194405
v -0.2607378 0.3004246 0.05571117
v -0.27219298 0.30830243 0.049941994
v -0.27469292 0.30725345 0.06725396
v -0.25786006 0.3063754 0.06524609
v -0.23517427 0.30497554 0.062518336
v -0.22592083 0.30813855 0.051611613
v -0.20927149 0.30293655 0.059313085
v -0.18259771 0.30479902 0.06326082
v -0.19398297 0.30442446 0.05336857
v -0.16174288 0.30473924 0.054501876
v -0.14666703 0.29995483 0.059384793
v -0.1483477 0.302225 0.052061435
v -0.13676043 0.30751687 0.06651386
v -0.23470706 0.30776346 -0.05171048
v -0.26485 0.311535 -0.054216832
v -0.2602551 0.29881498 -0.05662342
v -0.24200188 0.30033287 -0.05950874
v -0.20756076 0.30146483 -0.057038765
v -0.19534752 0.30738598 -0.050775725
v -0.17863813 0.3036612 -0.052233107
v -0.15856653 0.31028005 -0.052290086
v -0.1598155 0.3007087 -0.05563036
v -0.14453462 0.3033264 -0.050676595
v -0.14618225 0.29857317 -0.060350157
v -0.25317037 0.24441262 -0.079482175
v -0.23878393 0.23862468 -0.075884946
v -0.2552957 0.23980847 -0.08658056
v -0.24526174 0.2519775 -0.069447935
v -0.23961146 0.2595773 -0.060257025
v -0.23537073 0.25597644 -0.06602737
v -0.2144806 0.25585604 -0.058297276
v -0.199803 0.25225702 -0.0670649
v -0.18064258 0.25661784 -0.060289793
v -0.16101219 0.25633857 -0.06555881
v -0.15618494 0.25937134 -0.053035468
v -0.14263842 0.2602207 -0.06251227
v -0.14401928 0.25330162 -0.06811897
v -0.23362394 0.2448064 -0.062122457
v -0.24526174 0.2519775 -0.069447935
v -0.22479472 0.24837914 -0.0665142
v -0.23537073 0.25597644 -0.06602737
v -0.199803 0.25225702 -0.0670649
v -0.20265695 0.24536999 -0.061308194
v -0.17819561 0.2466666 -0.061798394
v -0.15671743 0.24979535 -0.06643144
v -0.16101219 0.25633857 -0.06555881
v -0.1586683 0.24650225 -0.061710406
v -0.14691591 0.24575707 -0.06615158
v -0.15273522 0.24559268 -0.0561389
v -0.14401928 0.25330162 -0.06811897
v -0.2144806 0.25585604 -0.058297276
v -0.23961146 0.2595773 -0.060257025
v -0.23580961 0.2513299 -0.054661047
v -0.2218424 0.25055748 -0.055968083
v -0.23362394 0.2448064 -0.062122457
v -0.20265695 0.24536999 -0.061308194
v -0.19175106 0.25085405 -0.055875044
v -0.17819561 0.2466666 -0.061798394
v -0.18064258 0.25661784 -0.060289793
v -0.16063909 0.2521682 -0.05710863
v -0.1586683 0.24650225 -0.061710406
v -0.15273522 0.24559268 -0.0561389
v -0.15618494 0.25937134 -0.053035468
v -0.21247695 0.25370812 0.055269867
v -0.23254636 0.24549286 0.05539314
v -0.23683843 0.25756305 0.06091747
v -0.21616371 0.25843948 0.061232146
v -0.18649523 0.25440156 0.06530593
v -0.1831365 0.25785753 0.05826142
v -0.18096586 0.2522305 0.055195946
v -0.16009814 0.2583913 0.063318044
v -0.15995379 0.2568093 0.05388976
v -0.14392409 0.25945503 0.06559777
v -0.15215832 0.26053685 0.059007782
v -0.23254636 0.24549286 0.05539314
v -0.21493387 0.24831498 0.06005407
v -0.23957717 0.2493614 0.06635962
v -0.21247695 0.25370812 0.055269867
v -0.18096586 0.2522305 0.055195946
v -0.1746028 0.2480084 0.059495125
v -0.1932104 0.24817231 0.063435435
v -0.15976667 0.24985301 0.054686803
v -0.15995379 0.2568093 0.05388976
v -0.15132348 0.24642321 0.059978697
v -0.21493387 0.24831498 0.06005407
v -0.20904763 0.2523154 0.066061765
v -0.23683843 0.25756305 0.06091747
v -0.21616371 0.25843948 0.061232146
v -0.1932104 0.24817231 0.063435435
v -0.18649523 0.25440156 0.06530593
v -0.16280891 0.2513434 0.06516887
v -0.1746028 0.2480084 0.059495125
v -0.16009814 0.2583913 0.063318044
v -0.15132348 0.24642321 0.059978697
v -0.14424872 0.2510322 0.06660688
v -0.14392409 0.25945503 0.06559777
v -0.17093709 0.26252228 0.029429762
v -0.16954102 0.28406373 0.03859499
v -0.1741813 0.28895375 0.0164252
v -0.17300075 0.2687395 -0.005822622
v -0.1739022 0.28870407 -0.016019626
v -0.16999725 0.27814296 -0.0387248
v -0.17018166 0.29200572 -0.030222706
v -0.16758439 0.26712418 0.044440776
v -0.16912758 0.25319692 0.0042456323
v -0.16517098 0.31369084 0.00059905316
v -0.16428503 0.2389394 -0.04038501
v -0.16517976 0.25189763 0.042594258
v -0.15618494 0.25937134 -0.053035468
v -0.16412559 0.31504893 -0.020810975
v -0.16414654 0.23493613 0.031336386
v -0.1655152 0.23147908 -0.005939671
v -0.16393729 0.23282015 -0.02944181
v -0.16523527 0.22598442 0.019531433
v -0.16495675 0.2220922 -0.027857097
v -0.17171481 0.22076026 0.012472137
v -0.16007973 0.21928817 0.04367809
v -0.15299094 0.28558284 -0.05703325
v -0.15995379 0.2568093 0.05388976
v -0.15873596 0.21819085 -0.0490473
v -0.15681238 0.2340725 0.052163426
v -0.15976667 0.24985301 0.054686803
v -0.15575686 0.23341922 -0.050856397
v -0.1471267 0.2719089 -0.05852307
v -0.14692834 0.22613335 -0.06288619
v -0.14852601 0.2169748 -0.060851824
v -0.15273522 0.24559268 -0.0561389
v -0.14445041 0.27816316 -0.071788624
v -0.14691591 0.24575707 -0.06615158
v -0.14038925 0.29370812 -0.07327177
v -0.14502253 0.22685574 -0.073680244
v -0.14752463 0.21394175 -0.07294224
v -0.14263842 0.2602207 -0.06251227
v -0.14049149 0.26233882 -0.0717916
v -0.13583827 0.22955665 -0.081726074
v -0.14401928 0.25330162 -0.06811897
v -0.1338518 0.2514091 -0.07536586
v -0.13341905 0.2841684 -0.08505016
v -0.1394207 0.20553483 -0.08566184
v -0.13228108 0.26688406 -0.08629748
v -0.12364035 0.24966797 -0.08640073
v -0.1525971 0.30425945 -0.03738972
v -0.17018166 0.29200572 -0.030222706
v -0.16412559 0.31504893 -0.020810975
v -0.16999725 0.27814296 -0.0387248
v -0.15236768 0.31987056 -0.026333388
v -0.16517098 0.31369084 0.00059905316
v -0.14249153 0.33815357 -0.0068141953
v -0.15299094 0.28558284 -0.05703325
v -0.14945701 0.2963635 -0.050607402
v -0.13210602 0.33264816 -0.027144395
v -0.14618225 0.29857317 -0.060350157
v -0.14453462 0.3033264 -0.050676595
v -0.14038925 0.29370812 -0.07327177
v -0.14062631 0.29605556 -0.06257992
v -0.13593462 0.31752744 -0.03866931
v -0.12884186 0.30272275 -0.06862622
v -0.13406324 0.3075618 -0.046616826
v -0.13341905 0.2841684 -0.08505016
v -0.12815687 0.2964759 -0.08164252
v -0.12361862 0.31514794 -0.0493413
v -0.12334898 0.31932065 -0.052495677
v -0.12954405 0.3110569 -0.06435681
v -0.12884186 0.30272275 -0.06862622
v -0.14462075 0.30283076 -0.063783966
v -0.11144125 0.34125596 -0.03961843
v -0.10600886 0.32401672 -0.07323697
v -0.13042736 0.31379646 -0.05551658
v -0.12954405 0.3110569 -0.06435681
v -0.10531175 0.30307117 -0.08597018
v -0.0943675 0.32442537 -0.085010916
v -0.09699398 0.34561795 -0.046432532
v -0.084156565 0.34313634 -0.065375365
v -0.082651444 0.3315159 -0.08507367
v -0.16523527 0.22598442 0.019531433
v -0.1655152 0.23147908 -0.005939671
v -0.17171481 0.22076026 0.012472137
v -0.16007973 0.21928817 0.04367809
v 0.109480605 -0.022416791 0.08524191
v 0.102577224 -0.034654904 0.08577052
v 0.11224346 -0.032838657 0.079401456
v 0.12988432 -0.01591189 0.07952768
v 0.12582718 -0.013472957 0.08666177
v 0.14065185 -0.008907616 0.08474927
v 0.14180799 -0.013378113 0.077532254
v 0.150401 -0.012892644 0.08298156
v 0.30327564 -0.0038848026 -0.080394745
v 0.28363067 -0.0037314193 -0.08254458
v 0.27337918 -0.0012967092 -0.087165214
v 0.31399816 0.004221702 -0.086528845
v 0.3190214 -0.0068811597 -0.07810381
v 0.338248 0.0045902357 -0.05783157
v 0.3312457 -0.0044167535 -0.060994036
v 0.33370525 0.022602132 -0.08704625
v 0.34291664 0.020160582 -0.054324184
v 0.34540114 0.035366602 -0.07223718
v 0.3573362 -0.007721802 -0.031134412
v 0.34810382 0.0297915 -0.031151673
v 0.34626243 0.041568574 -0.04381445
v 0.34904417 0.05616059 -0.08706699
v 0.3598763 0.009788662 -0.018575558
v 0.35680795 0.06953835 -0.057548594
v 0.35646617 0.050165568 -0.02089163
v 0.35935417 0.033138297 -0.011875764
v 0.3555525 0.07008657 -0.08067706
v 0.3511589 0.059749953 -0.075488
v 0.3564425 0.063515045 -0.039226316
v 0.36497903 0.08593903 -0.087147824
v 0.37538454 0.088324405 -0.06586603
v 0.37142858 0.053213768 -0.006705446
v 0.3660327 0.062147126 -0.016321007
v 0.37500364 0.078047946 -0.033522222
v 0.3723185 0.03793524 -0.00029053917
v 0.39658195 0.084587894 -0.017015308
v 0.38376376 0.10387289 -0.08137999
v 0.41432527 0.08468907 0.000062645326
v 0.3837955 0.14220205 -0.075417265
v 0.37609595 0.14529572 -0.086842306
v 0.36889517 0.15484706 -0.085098036
v 0.3927802 0.10524875 -0.060374226
v 0.39221022 0.12952247 -0.07627843
v 0.3896409 0.12751567 -0.08493747
v 0.3927802 0.10524875 -0.060374226
v 0.38376376 0.10387289 -0.08137999
v 0.3972813 0.12207418 -0.06148173
v 0.39682826 0.13477188 -0.0657377
v 0.4020785 0.1029695 -0.04754761
v 0.40629163 0.11000256 -0.0561573
v 0.43173093 0.11234215 -0.03075079
v 0.41580588 0.110424496 -0.046351127
v 0.4107644 0.12690623 -0.07068632
v 0.41912153 0.13267918 -0.066132225
v 0.40820953 0.12387777 -0.057333987
v 0.41980752 0.12394743 -0.060178466
v 0.41761833 0.13161409 -0.078262985
v 0.40706405 0.13157056 -0.08614169
v 0.4297488 0.14572869 -0.08737358
v 0.42967218 0.1421369 -0.07786272
v 0.43550456 0.12734517 -0.05615211
v 0.446632 0.11421734 -0.006822169
v 0.44216597 0.122256346 -0.04617261
v 0.44986758 0.15091226 -0.08198688
v 0.45023066 0.12995191 -0.051878177
v 0.4531064 0.12413102 -0.038038854
v 0.46161076 0.12984933 -0.01620523
v 0.45834875 0.14190595 -0.065144524
v 0.45705146 0.1302124 -0.049862973
v 0.46281347 0.15524653 -0.07241388
v 0.45765427 0.16552252 -0.08561901
v 0.31014425 -0.010106397 -0.0843791
v 0.30327564 -0.0038848026 -0.080394745
v 0.3190214 -0.0068811597 -0.07810381
v 0.3202981 -0.019847063 -0.08727594
v 0.33346736 -0.018427748 -0.07281333
v 0.3312457 -0.0044167535 -0.060994036
v 0.34107897 -0.032495636 -0.088065036
v 0.3573362 -0.007721802 -0.031134412
v 0.36186534 -0.031882025 -0.07617807
v 0.3598763 0.009788662 -0.018575558
v 0.34291664 0.020160582 -0.054324184
v 0.34810382 0.0297915 -0.031151673
v 0.3735774 -0.022770826 -0.048137326
v 0.338248 0.0045902357 -0.05783157
v 0.35935417 0.033138297 -0.011875764
v 0.3738308 -0.044616994 -0.08296212
v 0.37942135 -0.012512348 -0.023174081
v 0.3723185 0.03793524 -0.00029053917
v 0.3812342 0.0027243902 0.0009520493
v 0.39490452 -0.011426594 -0.00941251
v 0.39446875 -0.040639468 -0.06863094
v 0.40186268 -0.024023259 -0.028345233
v 0.40455344 -0.031481706 -0.042813513
v 0.40223262 -0.05584462 -0.06498364
v 0.40237117 -0.035263553 -0.053821027
v 0.41758966 -0.027223408 -0.015778314
v 0.41151458 -0.04356282 -0.05869272
v 0.4177614 -0.022583442 0.0017987767
v 0.39290577 -0.011192497 0.009024012
v 0.41450298 -0.034560584 -0.034005594
v 0.41470423 -0.036496434 -0.043582782
v 0.4161619 0.01783669 -0.058627784
v 0.40582302 -0.00046480726 -0.061101697
v 0.41071114 0.027908513 -0.06481666
v 0.41508076 -0.03456354 -0.05662394
v 0.41151458 -0.04356282 -0.05869272
v 0.4083326 -0.021525815 -0.059099164
v 0.40629163 0.11000256 -0.0561573
v 0.41580588 0.110424496 -0.046351127
v 0.41341296 0.09732925 -0.05797242
v 0.4077134 0.06511485 -0.06295416
v 0.41630566 0.068260334 -0.059331868
v 0.4140062 0.044127315 -0.063352786
v 0.41733786 -0.009105797 -0.05451181
v 0.41469327 0.016060606 -0.050172657
v 0.41488788 0.053063385 -0.050794188
v 0.4169917 0.04727462 -0.05751165
v 0.41743138 0.09165659 -0.051202264
v 0.41781297 -0.03284542 -0.050275702
v 0.41862935 -0.045479357 -0.04991759
v 0.41862935 -0.045479357 -0.04991759
v 0.42943868 -0.05520014 -0.05019509
v 0.43289986 -0.06577283 -0.06654008
v 0.44417265 -0.059927948 -0.028223902
v 0.4462058 -0.054666642 -0.0029925944
v 0.44284415 -0.06374792 -0.048382778
v 0.4473304 -0.06473128 -0.038161248
v 0.45122907 -0.07262677 -0.05344407
v 0.45060062 0.06820152 -0.06165652
v 0.4448812 0.09405739 -0.053651184
v 0.45628652 0.10581071 -0.051759254
v 0.45661485 0.03611145 -0.061758786
v 0.45056233 0.03724665 -0.06498129
v 0.4539307 -0.0894927 -0.073330194
v 0.45596644 -0.02325726 -0.05768965
v 0.44816488 -0.035460632 -0.057130855
v 0.4505864 0.0074331285 -0.06260657
v 0.46449465 -0.07954299 -0.007728914
v 0.45693585 -0.073300675 -0.040625453
v 0.45023066 0.12995191 -0.051878177
v 0.45705146 0.1302124 -0.049862973
v 0.4572105 -0.057788204 -0.05114957
v 0.45158795 -0.058879588 -0.055073433
v 0.45712438 0.070802845 -0.059020743
v 0.4573801 0.0050631147 -0.05759137
v 0.4558866 0.099619694 -0.041697007
v 0.4579056 0.06580319 -0.052730355
v 0.45763722 -0.028326686 -0.04729173
v 0.45637715 -0.0007662341 -0.04740491
v 0.46536136 -0.08718052 -0.046641715
v 0.45771393 0.029838929 -0.053223282
v 0.45693585 -0.073300675 -0.040625453
v 0.4561284 -0.056000803 -0.04148717
v 0.45122907 -0.07262677 -0.05344407
v 0.4531064 0.12413102 -0.038038854
v 0.46664882 -0.11774995 -0.07709281
v 0.45728472 -0.13169342 -0.08748904
v 0.45816532 -0.18926959 -0.09613687
v 0.46815273 -0.21193783 -0.095133424
v 0.4629875 -0.23143063 -0.10944726
v 0.4690803 -0.17755781 -0.07898245
v 0.44776058 -0.15808854 -0.08992571
v 0.4670721 -0.15180896 -0.077776544
v 0.47029826 -0.098997705 -0.06188285
v 0.47459593 -0.3336681 -0.10361161
v 0.46654475 -0.33392972 -0.11486179
v 0.46752715 -0.31411538 -0.11673603
v 0.47142407 -0.25714368 -0.110282645
v 0.46729282 -0.281336 -0.11689427
v 0.46566942 -0.25875 -0.118377924
v 0.47315896 -0.2392532 -0.09991808
v 0.47647095 -0.28915855 -0.1025735
v 0.47604236 -0.31951025 -0.10407299
v 0.4786935 -0.264831 -0.09626358
v 0.47676235 -0.21247073 -0.08063219
v 0.47574654 -0.14040165 -0.061786715
v 0.47646326 -0.11518407 -0.05533682
v 0.47691265 -0.18525817 -0.06247682
v 0.47896677 -0.24066244 -0.090471126
v 0.3272737 0.0040619653 0.077026784
v 0.31703317 0.005052867 0.08746105
v 0.30947745 -0.0056378962 0.081271976
v 0.32744667 -0.0021895554 0.06602669
v 0.33661434 0.01920403 0.08766103
v 0.33961168 0.006627412 0.057393223
v 0.33819678 0.015574221 0.08052929
v 0.34143394 -0.0037174 0.04326038
v 0.34315237 0.023071175 0.07038855
v 0.3433686 0.03373693 0.08607547
v 0.34643343 0.02015788 0.03897585
v 0.34354338 0.02812818 0.052836336
v 0.34866065 0.051195033 0.074334
v 0.34796277 0.05491245 0.08704172
v 0.34707263 0.046518855 0.046377663
v 0.35200852 0.062409684 0.054228544
v 0.3515533 0.012035306 0.02445135
v 0.35033074 0.038652778 0.02287119
v 0.3521084 0.070922315 0.07589357
v 0.35579407 0.0681045 0.08291704
v 0.3553221 0.06033045 0.034232743
v 0.36030242 0.07630613 0.06450962
v 0.35033074 0.038652778 0.02287119
v 0.358825 0.032487933 0.010744298
v 0.3595276 0.050751366 0.015779339
v 0.3595276 0.050751366 0.015779339
v 0.35674062 0.07759973 0.0875211
v 0.36433348 0.07962549 0.079316214
v 0.3739277 0.07532286 0.028637955
v 0.36798695 0.08526578 0.085084505
v 0.38086277 0.064561665 0.007410157
v 0.38086277 0.064561665 0.007410157
v 0.37456346 0.08747501 0.0634787
v 0.3723185 0.03793524 -0.00029053917
v 0.37627754 0.09993409 0.081135415
v 0.3927191 0.095718175 0.040508993
v 0.388993 0.103442274 0.06648044
v 0.37408066 0.15477808 0.07832555
v 0.38095787 0.14456469 0.07847025
v 0.3928559 0.13730149 0.07027719
v 0.39989746 0.08505262 0.012457276
v 0.41432527 0.08468907 0.000062645326
v 0.3881029 0.12304348 0.08513815
v 0.37627754 0.09993409 0.081135415
v 0.388993 0.103442274 0.06648044
v 0.38297388 0.13801607 0.08738912
v 0.39218783 0.13053301 0.07714732
v 0.3928467 0.11918779 0.07290596
v 0.40072426 0.1064293 0.054017816
v 0.39707035 0.120615475 0.061675265
v 0.40072426 0.1064293 0.054017816
v 0.40167078 0.12892991 0.060468424
v 0.40506607 0.10266702 0.042794473
v 0.4047583 0.11701342 0.05461587
v 0.41432527 0.08468907 0.000062645326
v 0.41364816 0.10329229 0.029814923
v 0.4168561 0.13179217 0.0733916
v 0.41121733 0.12877858 0.08280814
v 0.41001385 0.12567624 0.058803894
v 0.4172781 0.110741064 0.045041587
v 0.42327163 0.14315295 0.08626438
v 0.41466972 0.054020114 0.0626726
v 0.41611743 0.015316386 0.05978781
v 0.4169989 0.050483275 0.056222357
v 0.4170161 -0.021191534 0.050263498
v 0.4142025 -0.020417318 0.0586179
v 0.4152942 -0.043506034 0.056307223
v 0.4166012 0.08649739 0.050023254
v 0.41645077 0.11446027 0.054549865
v 0.4152002 0.08496466 0.058568016
v 0.41538587 -0.0398313 0.043650325
v 0.41475636 0.02394546 0.051833525
v 0.4172781 0.110741064 0.045041587
v 0.41750264 0.12413745 0.0606699
v 0.4317252 0.13737117 0.06871256
v 0.41645077 0.11446027 0.054549865
v 0.43014246 0.12165831 0.05146177
v 0.43379653 0.11695386 0.037037395
v 0.4360813 0.108489744 0.01480513
v 0.4433761 0.15420294 0.08691252
v 0.44063294 0.12328308 0.047361992
v 0.45343807 0.14539826 0.071832895
v 0.45234463 0.12305655 0.023094181
v 0.44713596 0.122929506 0.03817672
v 0.446632 0.11421734 -0.006822169
v 0.4492704 0.13172396 0.053141955
v 0.44594184 0.11436 0.055358227
v 0.45471215 0.11501226 0.052111
v 0.4492704 0.13172396 0.053141955
v 0.45325103 0.121943966 0.03967958
v 0.4597624 0.16581261 0.08279718
v 0.45725513 0.13154909 0.048386317
v 0.45725513 0.13154909 0.048386317
v 0.45325103 0.121943966 0.03967958
v 0.4664304 0.14752603 0.057716258
v 0.46817467 0.13995588 0.02516736
v 0.46007362 0.27093527 0.086285435
v 0.4669333 0.30983958 0.0777916
v 0.45909965 0.31671143 0.0868521
v 0.46161076 0.12984933 -0.01620523
v 0.4597624 0.16581261 0.08279718
v 0.4692312 0.18595058 0.07432464
v 0.45956495 0.18860592 0.08682867
v 0.468906 0.23281933 0.07484761
v 0.45740715 0.22265278 0.0869941
v 0.46376392 0.33028474 0.08196916
v 0.4693534 0.27546072 0.0738747
v 0.47475013 0.17571849 0.0630219
v 0.4664304 0.14752603 0.057716258
v 0.47487321 0.29993963 0.06372532
v 0.47487774 0.20656885 0.0631355
v 0.4726423 0.335499 0.0618005
v 0.47516394 0.1464648 0.006714374
v 0.46817467 0.13995588 0.02516736
v 0.4755613 0.16361366 0.033146136
v 0.4755334 0.24487895 0.061790224
v 0.47581756 0.32242665 0.061159395
v 0.4753892 0.27114013 0.06263972
v 0.47516394 0.1464648 0.006714374
v 0.4755913 0.2464917 0.042781834
v 0.47563848 0.28422093 0.04353093
v 0.47579762 0.19976918 0.045809954
v 0.47600153 0.31712604 0.039040048
v 0.47382018 0.3364929 0.036131196
v 0.47573358 0.20560654 0.016952563
v 0.47561803 0.30260748 0.019180289
v 0.47572216 0.3316845 0.011296998
v 0.47542262 0.27036017 0.0065104454
v 0.4760713 0.16402799 0.00091781083
v 0.4753855 0.24948558 -0.012161818
v 0.4755626 0.22049874 -0.01532937
v 0.47574624 0.32336834 -0.008746566
v 0.47551203 0.29952383 -0.0134019535
v 0.47520798 0.15074007 -0.018915059
v 0.47607407 0.18469338 -0.031163586
v 0.47371912 0.33587143 -0.0224445
v 0.47556522 0.27761084 -0.03633487
v 0.47587714 0.31804606 -0.04508792
v 0.4730749 0.1571969 -0.04963083
v 0.4755473 0.23724821 -0.047618248
v 0.47528937 0.2206534 -0.05921812
v 0.4733156 0.33701196 -0.046875693
v 0.47534296 0.33342695 -0.06048507
v 0.47463655 0.26038992 -0.063799255
v 0.4754526 0.2932424 -0.06265358
v 0.47596905 0.19285004 -0.061191525
v 0.4741916 0.17089123 -0.06418052
v 0.47489056 0.32266265 -0.06440264
v 0.3287159 -0.010632092 0.06930604
v 0.32081443 -0.0123113375 0.08378462
v 0.32561243 -0.019195773 0.08196159
v 0.32947186 -0.021608219 0.08737683
v 0.32744667 -0.0021895554 0.06602669
v 0.34292212 -0.02291623 0.07796275
v 0.3403162 -0.017255794 0.06392785
v 0.34143394 -0.0037174 0.04326038
v 0.34773144 -0.033819403 0.08501413
v 0.35973856 -0.024081793 0.06603581
v 0.3515533 0.012035306 0.02445135
v 0.35033074 0.038652778 0.02287119
v 0.34643343 0.02015788 0.03897585
v 0.36344522 -0.011506271 0.034561805
v 0.36135808 -0.0020048732 0.019064048
v 0.358825 0.032487933 0.010744298
v 0.3688899 0.01246813 0.007729315
v 0.36491528 -0.036870267 0.08310779
v 0.3876361 -0.031387426 0.054676987
v 0.39290577 -0.011192497 0.009024012
v 0.38408074 -0.042005412 0.07421385
v 0.3723185 0.03793524 -0.00029053917
v 0.3812342 0.0027243902 0.0009520493
v 0.39720166 -0.026424801 0.03575194
v 0.39490452 -0.011426594 -0.00941251
v 0.39919725 -0.032488897 0.048121773
v 0.4131534 -0.026788991 0.019369522
v 0.40698308 -0.037673607 0.056621816
v 0.40577412 -0.031382237 0.04353855
v 0.41538587 -0.0398313 0.043650325
v 0.4177614 -0.022583442 0.0017987767
v 0.4152942 -0.043506034 0.056307223
v 0.4239934 -0.05739434 0.06225833
v 0.4325728 -0.06110778 0.056581557
v 0.43220893 -0.050292782 0.029313281
v 0.4462058 -0.054666642 -0.0029925944
v 0.444723 -0.08385874 0.07481131
v 0.4405615 -0.06343596 0.048032846
v 0.44844833 -0.07657462 0.061365634
v 0.4437103 -0.0622588 0.03826808
v 0.45231867 -0.06736168 0.021769466
v 0.45240194 -0.07488648 0.05286867
v 0.46017817 -0.091916 0.067300096
v 0.4537219 -0.07167896 0.037812833
v 0.44594184 0.11436 0.055358227
v 0.4454281 0.08326069 0.05992614
v 0.45471215 0.11501226 0.052111
v 0.44624966 -0.05682952 0.054195434
v 0.4552398 -0.06809704 0.04924928
v 0.45226392 -0.036097817 0.056408636
v 0.45240194 -0.07488648 0.05286867
v 0.45550716 0.040250745 0.05755766
v 0.45254472 0.056263473 0.062400248
v 0.45275378 0.01349149 0.061144482
v 0.4552142 0.09036658 0.05587883
v 0.4590952 -0.07958332 0.044064477
v 0.45340627 -0.10640687 0.08481761
v 0.46517506 -0.108256 0.07553153
v 0.45601872 -0.0131867295 0.052336637
v 0.45614645 -0.044370763 0.04882836
v 0.45430565 0.024396133 0.052279606
v 0.45508143 0.064512275 0.051750667
v 0.4590952 -0.07958332 0.044064477
v 0.45277068 -0.057212833 0.039369468
v 0.45296466 -0.03223251 0.042490188
v 0.4550574 0.09456413 0.046106588
v 0.45325103 0.121943966 0.03967958
v 0.45146582 -0.0046111 0.045880638
v 0.4537219 -0.07167896 0.037812833
v 0.45952713 -0.13316528 0.08572079
v 0.45744953 -0.16491814 0.088685125
v 0.46937248 -0.17340761 0.07622136
v 0.4677469 -0.09280108 0.055680893
v 0.46449465 -0.07954299 -0.007728914
v 0.46042532 -0.20259352 0.09962992
v 0.46886593 -0.19688141 0.087239735
v 0.47253975 -0.13388845 0.06740596
v 0.4672067 -0.08637086 0.023088576
v 0.4682972 -0.16629508 0.010419801
v 0.46623 -0.17337652 0.024880318
v 0.468605 -0.18625726 0.011139275
v 0.46447226 -0.24285676 0.11299861
v 0.46380377 -0.26469183 0.118337944
v 0.4706498 -0.26398903 0.11199067
v 0.4718953 -0.23285687 0.099118195
v 0.46798354 -0.18301164 0.024015818
v 0.46687183 -0.18306574 0.039478738
v 0.4724093 -0.32297015 0.109996684
v 0.46612608 -0.30500266 0.118142724
v 0.46351585 -0.3320405 0.118050285
v 0.47046795 -0.33560604 0.10897386
v 0.47183883 -0.18602243 0.032616332
v 0.46536136 -0.08718052 -0.046641715
v 0.47083735 -0.09657033 -0.031306278
v 0.47164413 -0.29840228 0.110964656
v 0.47029656 -0.19819608 0.028565342
v 0.4703598 -0.20869416 0.04699607
v 0.46886528 -0.21201172 0.0343605
v 0.471658 -0.18363212 0.017725052
v 0.4759522 -0.17762542 0.0022386368
v 0.47521293 -0.11124842 0.035907168
v 0.47400382 -0.16977035 0.045183
v 0.469496 -0.19413662 0.04178293
v 0.4731795 -0.21190721 0.019558365
v 0.47213092 -0.09923097 -0.00650759
v 0.47456992 -0.109430835 0.059843197
v 0.4732583 -0.1843809 0.04558599
v 0.47463638 -0.21518663 0.046718996
v 0.47150376 -0.22204532 0.04015038
v 0.47459966 -0.22092451 0.027200673
v 0.4742438 -0.161916 0.026564762
v 0.4749132 -0.14265579 0.00005568839
v 0.4713886 -0.21269532 0.0067667966
v 0.47625774 -0.23314266 0.021192798
v 0.4719066 -0.22740962 0.0034084243
v 0.47890654 -0.24655145 0.09199363
v 0.4733244 -0.19948414 0.017541891
v 0.47618142 -0.19372627 0.075017706
v 0.47584432 -0.17082258 0.062849276
v 0.47452012 -0.1988622 0.05613624
v 0.47029826 -0.098997705 -0.06188285
v 0.47646326 -0.11518407 -0.05533682
v 0.47911775 -0.28562674 0.09713968
v 0.47435224 -0.20367385 0.0028509728
v 0.47663102 -0.115020774 -0.030041456
v 0.4766458 -0.13110295 0.007912474
v 0.4785307 -0.24528873 0.00850859
v 0.47762507 -0.22312994 -0.00812078
v 0.47906327 -0.3159283 0.099053614
v 0.47859323 -0.3319671 0.09812052
v 0.476467 -0.14080597 0.0389154
v 0.47408187 -0.33840021 0.09592073
v 0.4789807 -0.21914549 0.08273511
v 0.4781656 -0.21257786 0.06158194
v 0.47770298 -0.22821501 0.04008245
v 0.47748572 -0.18714327 -0.010232175
v 0.4770191 -0.334639 0.009792634
v 0.47310558 -0.3393443 -0.015192791
v 0.47926816 -0.33107057 -0.026116036
v 0.47691265 -0.18525817 -0.06247682
v 0.47574654 -0.14040165 -0.061786715
v 0.477591 -0.16963443 -0.041633856
v 0.47810075 -0.15568872 -0.008478402
v 0.47820044 -0.13453513 -0.029860182
v 0.47850537 -0.225111 -0.06415176
v 0.47676235 -0.21247073 -0.08063219
v 0.47954157 -0.33228 0.0845213
v 0.47918466 -0.2540264 -0.0217079
v 0.47361755 -0.33888125 -0.08299987
v 0.4797151 -0.3282995 -0.08556003
v 0.47684044 -0.33502632 -0.06030558
v 0.47953534 -0.3154056 0.081593186
v 0.47943616 -0.27831173 0.068124734
v 0.47931564 -0.23701353 0.060106542
v 0.47888845 -0.33295974 0.052357845
v 0.4794623 -0.31587967 0.05638833
v 0.47959512 -0.31883463 0.023591906
v 0.47945642 -0.29582793 0.027493522
v 0.47944617 -0.26608348 0.023245525
v 0.4795135 -0.22477846 0.01754638
v 0.47929016 -0.28790075 -0.01151841
v 0.4795689 -0.3183545 -0.016265452
v 0.4792131 -0.2921912 -0.051239952
v 0.47957453 -0.31973705 -0.057801258
v 0.47926682 -0.2632799 -0.06741573
v 0.47939554 -0.29617575 -0.08282288
v 0.47896677 -0.24066244 -0.090471126
v 0.4786935 -0.264831 -0.09626358
v 0.47459593 -0.3336681 -0.10361161
v 0.47604236 -0.31951025 -0.10407299
v 0.47647095 -0.28915855 -0.1025735
v 0.35470915 0.17804411 0.08251388
v 0.34174502 0.1953704 0.08659447
v 0.34289023 0.19136165 0.08206491
v 0.36419702 0.17470704 0.08651802
v 0.35521603 0.17288505 0.07770059
v 0.36563468 0.1643894 0.082939975
v 0.3787088 0.1605868 0.087305844
v 0.37408066 0.15477808 0.07832555
v 0.38185742 0.152442 0.08070432
v 0.3928559 0.13730149 0.07027719
v 0.39953297 0.13858214 0.086895175
v 0.40294978 0.13285087 0.073668055
v 0.40167078 0.12892991 0.060468424
v 0.41001385 0.12567624 0.058803894
v 0.41121733 0.12877858 0.08280814
v 0.37107372 0.16377027 -0.087209105
v 0.37708345 0.15511322 -0.077594824
v 0.36889517 0.15484706 -0.085098036
v 0.40506607 0.10266702 0.042794473
v 0.40189913 0.08920331 0.049570065
v 0.40072426 0.1064293 0.054017816
v 0.40271923 0.0332255 0.06247425
v 0.40122032 0.012316199 0.055402845
v 0.4039381 0.011182141 0.061275247
v 0.40109646 0.0444412 0.057487037
v 0.40148163 0.071080856 0.05632577
v 0.40656483 0.06680653 0.062116113
v 0.40433857 0.048742846 0.050444778
v 0.40268666 0.089690104 0.05696935
v 0.40698308 -0.037673607 0.056621816
v 0.40541634 -0.019216562 0.058712665
v 0.39919725 -0.032488897 0.048121773
v 0.40151718 -0.02186477 0.05190617
v 0.40534952 0.001294434 0.047993902
v 0.40577412 -0.031382237 0.04353855
v 0.40935603 0.081425875 0.046129484
v 0.4020785 0.1029695 -0.04754761
v 0.40238467 0.07847487 -0.050386127
v 0.40572384 0.09676543 -0.044700153
v 0.4063026 0.021479953 -0.050034508
v 0.40270716 0.040524792 -0.053730614
v 0.40200692 0.00320467 -0.054455735
v 0.40679267 -0.00501051 -0.046799533
v 0.4041133 -0.023638677 -0.04622734
v 0.40783408 0.05304814 -0.0497221
v 0.4093184 0.075081445 -0.046905473
v 0.41580588 0.110424496 -0.046351127
v 0.40455344 -0.031481706 -0.042813513
v 0.4123688 -0.01893101 -0.04529126
v 0.41469327 0.016060606 -0.050172657
v 0.41470423 -0.036496434 -0.043582782
v 0.4146913 0.08746343 -0.04625931
v 0.41488788 0.053063385 -0.050794188
v 0.41743138 0.09165659 -0.051202264
v 0.41781297 -0.03284542 -0.050275702
v 0.41733786 -0.009105797 -0.05451181
v 0.41862935 -0.045479357 -0.04991759
v 0.40161517 -0.026772698 -0.052165948
v 0.4041133 -0.023638677 -0.04622734
v 0.40200692 0.00320467 -0.054455735
v 0.40455344 -0.031481706 -0.042813513
v 0.40237117 -0.035263553 -0.053821027
v 0.4083326 -0.021525815 -0.059099164
v 0.4020785 0.1029695 -0.04754761
v 0.40351573 0.08066808 -0.059254713
v 0.40238467 0.07847487 -0.050386127
v 0.40582302 -0.00046480726 -0.061101697
v 0.40270716 0.040524792 -0.053730614
v 0.4016683 0.060074296 -0.058106616
v 0.40364438 0.033844993 -0.062381517
v 0.40629163 0.11000256 -0.0561573
v 0.4077134 0.06511485 -0.06295416
v 0.41341296 0.09732925 -0.05797242
v 0.41071114 0.027908513 -0.06481666
v 0.4140062 0.044127315 -0.063352786
v 0.41151458 -0.04356282 -0.05869272
v 0.40935603 0.081425875 0.046129484
v 0.40433857 0.048742846 0.050444778
v 0.40189913 0.08920331 0.049570065
v 0.40577412 -0.031382237 0.04353855
v 0.40534952 0.001294434 0.047993902
v 0.41089717 -0.015406489 0.04531251
v 0.41277668 0.05601629 0.049897518
v 0.41475636 0.02394546 0.051833525
v 0.41538587 -0.0398313 0.043650325
v 0.40506607 0.10266702 0.042794473
v 0.4172781 0.110741064 0.045041587
v 0.4170161 -0.021191534 0.050263498
v 0.4166012 0.08649739 0.050023254
v 0.4169989 0.050483275 0.056222357
v 0.44380096 0.030937774 0.06329875
v 0.4408986 0.041651763 0.054240968
v 0.4401483 0.011036963 0.052974284
v 0.43987244 0.063109994 0.054226834
v 0.4416732 0.061477397 0.06067709
v 0.4403623 0.09546514 0.051356837
v 0.44069144 -0.0059511983 0.05570967
v 0.44242465 -0.0056222156 0.04716466
v 0.442642 -0.038420383 0.043630037
v 0.4413714 -0.039876185 0.052496932
v 0.44594184 0.11436 0.055358227
v 0.44063294 0.12328308 0.047361992
v 0.44199827 0.112852015 0.042943034
v 0.4405615 -0.06343596 0.048032846
v 0.4437103 -0.0622588 0.03826808
v 0.4454281 0.08326069 0.05992614
v 0.44624966 -0.05682952 0.054195434
v 0.44226614 0.077853754 0.04713584
v 0.44584084 -0.0077314437 0.060707293
v 0.45226392 -0.036097817 0.056408636
v 0.45240194 -0.07488648 0.05286867
v 0.45254472 0.056263473 0.062400248
v 0.45275378 0.01349149 0.061144482
v 0.4492704 0.13172396 0.053141955
v 0.44311 -0.048186664 -0.046073124
v 0.44284415 -0.06374792 -0.048382778
v 0.4473304 -0.06473128 -0.038161248
v 0.4448812 0.09405739 -0.053651184
v 0.445897 0.09691843 -0.042721532
v 0.44216597 0.122256346 -0.04617261
v 0.44490767 -0.05866156 -0.05286424
v 0.44522622 -0.021390593 -0.04562386
v 0.44376498 0.001498054 -0.0537982
v 0.44816488 -0.035460632 -0.057130855
v 0.44870955 0.053249065 -0.048540086
v 0.4446511 0.03763204 -0.060400195
v 0.45060062 0.06820152 -0.06165652
v 0.45023066 0.12995191 -0.051878177
v 0.4505864 0.0074331285 -0.06260657
v 0.45158795 -0.058879588 -0.055073433
v 0.45122907 -0.07262677 -0.05344407
v 0.44964617 0.008143834 -0.047135077
v 0.45056233 0.03724665 -0.06498129
v 0.4464066 0.023798846 0.048745517
v 0.4401483 0.011036963 0.052974284
v 0.4408986 0.041651763 0.054240968
v 0.44713596 0.122929506 0.03817672
v 0.44199827 0.112852015 0.042943034
v 0.44063294 0.12328308 0.047361992
v 0.44226614 0.077853754 0.04713584
v 0.44900757 0.060635213 0.04778575
v 0.44873968 0.09722428 0.042092193
v 0.44242465 -0.0056222156 0.04716466
v 0.45325103 0.121943966 0.03967958
v 0.45146582 -0.0046111 0.045880638
v 0.442642 -0.038420383 0.043630037
v 0.45296466 -0.03223251 0.042490188
v 0.45277068 -0.057212833 0.039369468
v 0.4437103 -0.0622588 0.03826808
v 0.4537219 -0.07167896 0.037812833
v 0.45430565 0.024396133 0.052279606
v 0.45508143 0.064512275 0.051750667
v 0.4550574 0.09456413 0.046106588
v 0.4531064 0.12413102 -0.038038854
v 0.44216597 0.122256346 -0.04617261
v 0.445897 0.09691843 -0.042721532
v 0.44311 -0.048186664 -0.046073124
v 0.4510689 -0.04565539 -0.040498234
v 0.44522622 -0.021390593 -0.04562386
v 0.45022938 -0.018771278 -0.043389123
v 0.44964617 0.008143834 -0.047135077
v 0.4473304 -0.06473128 -0.038161248
v 0.4561284 -0.056000803 -0.04148717
v 0.4558866 0.099619694 -0.041697007
v 0.45637715 -0.0007662341 -0.04740491
v 0.44870955 0.053249065 -0.048540086
v 0.45693585 -0.073300675 -0.040625453
v 0.45763722 -0.028326686 -0.04729173
v 0.45771393 0.029838929 -0.053223282
v 0.4579056 0.06580319 -0.052730355
v 0.4731795 -0.21190721 0.019558365
v 0.4795135 -0.22477846 0.01754638
v 0.47625774 -0.23314266 0.021192798
v -0.46597862 -0.34457114 -0.0018847398
v -0.47325113 -0.33792746 -0.020892985
v -0.46733192 -0.34474754 -0.052179925
v -0.44038373 -0.33875662 0.11013812
v -0.4671904 -0.33071506 0.116129994
v -0.46740228 -0.34416687 0.101627655
v -0.4681033 -0.3438982 0.076514326
v -0.45508444 -0.3448084 0.08923943
v -0.46685553 -0.34480235 0.038667895
v -0.44101807 -0.34499973 0.036281526
v -0.44366357 -0.34513223 -0.043819208
v -0.46892914 -0.34367633 -0.08711217
v -0.45245513 -0.3440092 -0.099951126
v -0.4670155 -0.34096318 -0.10616478
v -0.45272538 -0.33176586 0.11939974
v -0.45190278 -0.33226928 -0.117262796
v -0.43214998 -0.34005225 -0.10895896
v -0.42900017 -0.34542382 -0.07515442
v -0.40800545 -0.34386885 -0.10150344
v -0.40268224 -0.34305218 0.10223475
v -0.39120662 -0.3446909 0.058255203
v -0.4123853 -0.33165473 0.11942363
v -0.4187399 -0.33246142 -0.116405115
v -0.36918628 -0.3435022 -0.08121961
v -0.37935376 -0.33280554 -0.11581401
v -0.3680594 -0.3357979 0.11525576
v -0.3539218 -0.34459642 -0.021017866
v -0.34934437 -0.34324843 -0.10315292
v -0.36107633 -0.34373075 0.09943522
v -0.3602003 -0.34323615 0.085085236
v -0.34090933 -0.34364834 0.07608044
v -0.3289009 -0.34433052 0.03357573
v -0.3308388 -0.33281964 -0.11495211
v -0.35008022 -0.33831185 0.09972215
v -0.34387273 -0.34145978 0.10565471
v -0.3492367 -0.33734488 0.08771549
v -0.3379711 -0.3396705 -0.09589027
v -0.33565694 -0.33948514 0.09374757
v -0.33182776 -0.3428416 -0.073604286
v -0.31670657 -0.33733574 0.11234454
v -0.3368795 -0.32978827 0.12027139
v -0.32328528 -0.344105 -0.09335318
v -0.31904635 -0.3433322 0.099519275
v -0.30887797 -0.34397006 -0.10209527
v -0.28335175 -0.34462318 -0.049052518
v -0.29275015 -0.3442079 0.05903254
v -0.2940848 -0.33636725 -0.11047292
v -0.28646988 -0.34450042 -0.09481818
v -0.2917151 -0.3441032 0.0008633848
v -0.2992396 -0.34402576 0.029313387
v -0.28314102 -0.3403372 0.10694202
v -0.27275345 -0.3441897 -0.020542892
v -0.26566914 -0.34437957 0.089953035
v -0.2529689 -0.34090304 -0.104700275
v -0.25926605 -0.34409258 0.021467924
v -0.23742783 -0.34429562 0.04868945
v -0.24016155 -0.3373174 0.1095822
v -0.21613011 -0.34463316 -0.058500145
v -0.22695321 -0.3443777 -0.010639178
v -0.20864163 -0.34392112 0.08090287
v -0.20179214 -0.3408176 0.10072359
v -0.2140548 -0.34193635 -0.09486923
v -0.20766954 -0.33825812 -0.10627015
v -0.20568779 -0.33695138 -0.09750414
v -0.19972144 -0.34446293 -0.0013071627
v -0.178236 -0.34338734 -0.075842515
v -0.17866321 -0.3347668 -0.09647517
v -0.19938102 -0.33280548 0.111121096
v -0.19119954 -0.33585304 0.09388771
v -0.16586627 -0.34445685 0.04174368
v -0.17856161 -0.34022146 -0.08616642
v -0.16675709 -0.34022996 -0.10288535
v -0.1703121 -0.3397082 0.08605452
v -0.16569398 -0.3338365 0.11022328
v -0.16570355 -0.34019518 0.103935786
v -0.1694143 -0.34447277 -0.00821084
v -0.15438253 -0.33452505 0.09679987
v -0.15384434 -0.3445441 -0.045366466
v -0.15166482 -0.33570132 -0.092130326
v -0.13466758 -0.34191367 0.08061578
v -0.13906641 -0.340191 0.10483321
v -0.13056709 -0.3443591 -0.008813138
v -0.12233015 -0.33492693 -0.09577651
v -0.12043002 -0.34093022 -0.08381268
v -0.12474803 -0.3362588 0.11044345
v -0.13221231 -0.33953992 -0.10602132
v -0.122199394 -0.34459108 -0.062350634
v -0.10460155 -0.34407738 0.05559991
v -0.11048359 -0.33616504 0.09197955
v -0.10338955 -0.34439382 -0.039031964
v -0.11359696 -0.33885592 0.10187314
v -0.103317596 -0.34001303 -0.09858658
v -0.099667594 -0.33529913 -0.10926174
v -0.08937179 -0.34346938 -0.08047822
v -0.08292054 -0.3441111 -0.010598953
v -0.0924644 -0.34198275 0.1017374
v -0.084519565 -0.34322247 -0.10119173
v -0.07887376 -0.344158 0.015263233
v -0.07429999 -0.34414417 0.080136284
v -0.07095209 -0.3442168 -0.053843312
v -0.058493648 -0.34425947 0.038426824
v -0.069694966 -0.34247136 0.10090605
v -0.0630973 -0.33946294 -0.1053853
v -0.051729016 -0.3439592 -0.09991565
v -0.048315316 -0.34435833 -0.07316224
v -0.038857736 -0.34448147 0.07603888
v -0.035923023 -0.34408382 -0.04026449
v -0.037577152 -0.3440205 0.014071664
v -0.04019941 -0.34445223 0.099551454
v -0.01684823 -0.34397128 -0.01448338
v -0.0153805185 -0.34438878 -0.07650005
v -0.01015182 -0.344483 0.087924175
v -0.014246253 -0.34419638 0.051426325
v -0.016629184 -0.34166288 -0.101670496
v -0.029408759 -0.3362699 0.10749159
v 0.002244302 -0.34237936 0.10186274
v -0.000017846718 -0.3441463 -0.05357546
v 0.0007555897 -0.34400287 0.008846166
v 0.021404369 -0.34412163 -0.09675264
v 0.016616706 -0.34451738 0.06432924
v 0.020599218 -0.34415978 0.035866998
v 0.017743843 -0.3439881 -0.020575736
v 0.027373176 -0.33262324 -0.11457695
v 0.03908549 -0.3442685 -0.0824414
v 0.036386207 -0.34403443 0.0054077287
v 0.041114878 -0.34329972 0.09878985
v 0.03741957 -0.34468314 0.07968188
v 0.04272711 -0.33801067 -0.10824996
v 0.025234193 -0.3339974 0.11366413
v 0.050160374 -0.34407508 -0.058385648
v 0.044873852 -0.33461186 0.11199384
v 0.058793243 -0.34442833 0.060220696
v 0.04956218 -0.3440128 -0.023510495
v 0.060781926 -0.34419775 0.030442376
v 0.055440914 -0.34250173 -0.09856323
v 0.071341515 -0.34145224 0.08494303
v 0.07245592 -0.34408423 -0.005906161
v 0.06948776 -0.33932418 0.1034705
v 0.07791334 -0.3380561 -0.10143521
v 0.07821653 -0.34414172 -0.040984686
v 0.07897743 -0.34341443 -0.07338033
v 0.07175524 -0.33910376 -0.08762568
v 0.07312394 -0.33461893 0.096767075
v 0.077055216 -0.33401558 -0.094587006
v 0.07481112 -0.3366509 -0.109060355
v 0.08522303 -0.33683637 0.10906681
v 0.054820023 -0.32468125 0.11743438
v 0.08688277 -0.3444366 0.055003125
v 0.09991981 -0.3403607 -0.083626375
v 0.10239575 -0.33427694 0.09540302
v 0.09830686 -0.3442369 0.017761597
v 0.091014154 -0.34017754 -0.105099015
v 0.099642314 -0.33643302 -0.10940827
v 0.10666002 -0.3423677 0.079738736
v 0.102206945 -0.3391117 0.10479374
v 0.102279805 -0.34412318 -0.022640383
v 0.109106906 -0.33323812 -0.09473212
v 0.11147961 -0.33881715 -0.10259409
v 0.112472564 -0.3442847 -0.05589008
v 0.10525066 -0.33176616 0.11355204
v 0.120740704 -0.34436497 0.06045445
v 0.12281604 -0.33878335 0.103759795
v 0.13871846 -0.34418976 0.0038167196
v 0.12331033 -0.34029981 0.088422894
v 0.1187352 -0.33387804 0.09628431
v 0.12799725 -0.3422925 -0.0833012
v 0.1345593 -0.34195435 -0.1000793
v 0.13101529 -0.3353796 -0.10965466
v 0.14527959 -0.33357495 0.112517014
v 0.15598397 -0.34436667 -0.07758284
v 0.14406283 -0.3441469 -0.03956503
v 0.13970608 -0.34466624 0.07398395
v 0.13975346 -0.34388536 0.09779018
v 0.15342958 -0.34435955 0.04514673
v 0.16742082 -0.34302416 -0.099906676
v 0.15703183 -0.3426728 0.09933578
v 0.17113698 -0.34457695 0.074772425
v 0.16862333 -0.32934222 -0.115388036
v 0.18646507 -0.34423423 0.03622709
v 0.17542605 -0.3441643 -0.049517997
v 0.1849705 -0.34283444 0.1014168
v 0.18357436 -0.3440393 -0.0070934515
v 0.16863368 -0.3280823 0.11599969
v 0.19163606 -0.3364555 -0.10872212
v 0.20132823 -0.33405656 0.11002162
v 0.197733 -0.34442484 -0.077034965
v 0.20354676 -0.34469262 0.08953581
v 0.21380128 -0.3440763 0.009020112
v 0.20503376 -0.34315914 -0.10045003
v 0.21259919 -0.34450078 0.066882186
v 0.22287028 -0.3443821 -0.053573377
v 0.21790189 -0.34411094 -0.023523727
v 0.221298 -0.34097582 0.101760045
v 0.22597143 -0.34152672 -0.096964054
v 0.2292527 -0.33371568 -0.11193814
v 0.22580907 -0.34216273 0.08982634
v 0.24080573 -0.34437484 0.040295813
v 0.23431776 -0.34327677 -0.07521141
v 0.24416344 -0.34358394 0.07432807
v 0.242693 -0.34416157 0.003489763
v 0.24339968 -0.34020227 0.10224424
v 0.2436366 -0.34048045 -0.10399846
v 0.23450693 -0.336557 -0.093536615
v 0.23939662 -0.33669764 0.09347764
v 0.26326564 -0.3437095 -0.0694817
v 0.2509348 -0.3408973 -0.083560504
v 0.25039473 -0.33472914 -0.09718245
v 0.26434502 -0.3439144 -0.034086917
v 0.25781235 -0.33427316 0.09750951
v 0.2665207 -0.33405668 -0.11012371
v 0.26946253 -0.33983627 0.086298905
v 0.27599344 -0.34367982 -0.00508101
v 0.26828313 -0.33951622 -0.10265251
v 0.26969695 -0.33576867 -0.09411491
v 0.2833535 -0.34382868 0.029075094
v 0.28279382 -0.34403327 0.067580916
v 0.26903084 -0.3387546 0.10344608
v 0.27794412 -0.3351755 0.09778627
v 0.28508863 -0.33791986 -0.10109236
v 0.29405338 -0.34353182 -0.08702464
v 0.29459247 -0.34084445 0.09486998
v 0.28615013 -0.32874084 -0.1111355
v 0.2967286 -0.33847332 0.10394659
v 0.31303975 -0.34414482 0.055144113
v 0.3067024 -0.34351265 -0.06427913
v 0.2966612 -0.34332037 -0.10177262
v 0.3092613 -0.34367314 0.008215424
v 0.3022145 -0.34324202 -0.03249528
v 0.31869045 -0.343387 -0.099613816
v 0.3168448 -0.33299422 -0.11042359
v 0.33125237 -0.33210048 0.11046005
v 0.3221539 -0.34428456 0.09881889
v 0.32765004 -0.33978269 -0.088527985
v 0.3343681 -0.34420338 -0.022484805
v 0.3499212 -0.34443492 0.025656719
v 0.34243944 -0.3444504 0.0821636
v 0.34355062 -0.3436256 -0.07449168
v 0.3328807 -0.34059107 -0.098062105
v 0.34279627 -0.3352961 -0.097021446
v 0.34532717 -0.3409999 -0.10511097
v 0.35021663 -0.34120172 0.10179295
v 0.34945425 -0.34442645 -0.050205253
v 0.35349742 -0.33738187 -0.090040006
v 0.3575748 -0.33264217 -0.114978425
v 0.36558837 -0.3444929 0.06046491
v 0.35959587 -0.3408859 0.08626692
v 0.35555905 -0.33559495 0.09761783
v 0.36051753 -0.33518463 -0.09760862
v 0.38057277 -0.3443969 -0.02945955
v 0.37396324 -0.3390443 -0.10662995
v 0.37106502 -0.3373003 0.10957717
v 0.3724894 -0.3294341 0.11731302
v 0.3757018 -0.3444826 -0.060761336
v 0.37954757 -0.340298 0.1025215
v 0.37570667 -0.33716786 0.089898564
v 0.3870879 -0.34440023 0.033616442
v 0.37801754 -0.3443634 0.000747799
v 0.37646666 -0.33471394 0.09706664
v 0.38486487 -0.34008378 -0.087276556
v 0.39086258 -0.34336302 0.078419246
v 0.38779733 -0.3385806 0.098134436
v 0.39845073 -0.3304622 -0.11739523
v 0.40744874 -0.34435087 -0.011874831
v 0.3940035 -0.3370444 -0.10998547
v 0.408725 -0.3445544 0.05341361
v 0.4021794 -0.34244362 0.100322194
v 0.40796444 -0.3445085 -0.052092545
v 0.40214777 -0.34280327 -0.10093544
v 0.4091098 -0.3343458 0.11596698
v 0.41229537 -0.34462348 -0.08395345
v 0.41429037 -0.3372364 -0.11084478
v 0.42619264 -0.34431335 0.02416329
v 0.41138735 -0.34466365 0.0871648
v 0.42650342 -0.33819994 0.11004831
v 0.42272913 -0.34382722 -0.100866206
v 0.4370892 -0.34461793 -0.07518952
v 0.4340675 -0.34455484 0.099394366
v 0.4381607 -0.33269012 -0.116774
v 0.4394452 -0.34468263 0.08051082
v 0.43926197 -0.33248428 0.118358664
v 0.44703317 -0.34448475 -0.03662607
v 0.45037597 -0.3443141 0.0001419095
v 0.45326167 -0.34452248 0.03081991
v 0.45028287 -0.3372818 -0.110721625
v 0.4512101 -0.3440888 -0.09955732
v 0.4564256 -0.3387346 0.10927029
v 0.4630661 -0.34445837 0.097725004
v 0.45883772 -0.3447757 0.06333557
v 0.46351585 -0.3320405 0.118050285
v 0.4670896 -0.34445566 -0.07402419
v 0.46654475 -0.33392972 -0.11486179
v 0.46795967 -0.34256437 -0.10128408
v 0.46972048 -0.34238154 -0.041086264
v 0.47046795 -0.33560604 0.10897386
v 0.46941885 -0.3431615 0.036405116
v 0.47219053 -0.34053978 0.0704715
v 0.46804935 -0.34436977 -0.007558463
v 0.4770191 -0.334639 0.009792634
v 0.47310558 -0.3393443 -0.015192791
v 0.47459593 -0.3336681 -0.10361161
v 0.47408187 -0.33840021 0.09592073
v 0.47684044 -0.33502632 -0.06030558
v 0.47361755 -0.33888125 -0.08299987
v 0.47888845 -0.33295974 0.052357845
v 0.47926816 -0.33107057 -0.026116036
v 0.47954157 -0.33228 0.0845213
v 0.16862333 -0.32934222 -0.115388036
v 0.20590676 -0.32741043 -0.11620707
v 0.19163606 -0.3364555 -0.10872212
v 0.2292527 -0.33371568 -0.11193814
v 0.23155537 -0.32506233 -0.11681284
v 0.2665207 -0.33405668 -0.11012371
v -0.082651444 0.3315159 -0.08507367
v -0.060497966 0.33792323 -0.07743069
v -0.054661237 0.3281692 -0.087075375
v -0.031015197 0.3356681 -0.08073821
v -0.018401094 0.32862774 -0.087445594
v 0.0040114694 0.33216757 -0.085065015
v -0.11783866 0.34533346 0.018216297
v -0.14249153 0.33815357 -0.0068141953
v -0.1461993 0.3336011 0.012848193
v -0.09918678 0.3460407 -0.013486739
v -0.11144125 0.34125596 -0.03961843
v -0.10976906 0.34300756 0.04176319
v -0.09206096 0.34635144 0.03815324
v -0.09699398 0.34561795 -0.046432532
v -0.092644624 0.3439475 0.063335024
v -0.06834164 0.34607226 0.053641886
v -0.07896979 0.3462223 0.013411598
v -0.06272127 0.3457737 -0.039054725
v -0.07455922 0.34140572 0.075209066
v -0.08809508 0.33602542 0.08131383
v -0.084156565 0.34313634 -0.065375365
v -0.060497966 0.33792323 -0.07743069
v -0.082651444 0.3315159 -0.08507367
v -0.05613754 0.3459851 -0.0060545155
v -0.030128568 0.34460372 -0.062882334
v -0.051535938 0.34403595 0.068241544
v -0.05777254 0.33409742 0.085157946
v -0.041565254 0.346027 0.025676271
v -0.030802576 0.34578335 0.058469087
v -0.021309158 0.34565392 -0.03678331
v -0.031015197 0.3356681 -0.08073821
v -0.019444158 0.3458302 -0.002808801
v -0.016907811 0.3388958 0.07937321
v -0.00342354 0.34581038 0.03723496
v 0.001443153 0.34326088 0.06947649
v 0.016255694 0.33891508 -0.075545475
v 0.0040114694 0.33216757 -0.085065015
v 0.01407771 0.3452226 -0.05677507
v 0.029928159 0.3455693 -0.022839256
v 0.029196085 0.33638456 0.083324976
v 0.021358382 0.34569052 0.007931513
v 0.027124217 0.34371623 0.067579485
v 0.03544907 0.34563437 0.04387852
v 0.041369226 0.3325581 -0.084421046
v 0.0560207 0.34551716 0.019473227
v 0.0429298 0.34460756 -0.06357653
v 0.056359265 0.34542853 -0.047658987
v 0.05641253 0.3438572 0.066044115
v 0.055706248 0.337268 0.08225083
v 0.07560938 0.34541705 -0.026718019
v 0.070424594 0.33987558 -0.07356205
v 0.07098337 0.34507388 -0.061160505
v 0.065724224 0.3274299 -0.08733682
v 0.07987362 0.34542823 0.048711237
v 0.08889542 0.34466732 0.06352846
v 0.07894061 0.34540573 -0.0005927061
v 0.09343036 0.33498207 -0.082460105
v 0.08879107 0.33362466 0.084566526
v 0.09668376 0.3452723 -0.048237383
v 0.10573733 0.34364557 -0.064786725
v 0.10283125 0.3453831 0.0262486
v 0.11380608 0.33915746 0.078184634
v 0.10317395 0.3453471 -0.012309893
v 0.12263663 0.3452471 0.05737754
v 0.12219624 0.33908072 -0.075055614
v 0.13092667 0.34528682 -0.015292471
v 0.12502664 0.34523138 -0.041484736
v 0.12921299 0.34530073 0.023477515
v 0.12740509 0.33138102 -0.08566635
v 0.1403003 0.34433478 -0.060474165
v 0.15790845 0.33567545 -0.08125043
v 0.14577982 0.3345293 0.084218696
v 0.16292977 0.3434689 0.06577346
v 0.15306476 0.3452627 0.04355309
v 0.1658976 0.3452985 0.008402214
v 0.15854874 0.34524077 -0.0326636
v 0.1667103 0.34363717 -0.065211646
v 0.17715885 0.33421162 0.08444876
v 0.19245727 0.34530887 0.023713872
v 0.18889064 0.34526524 -0.043835025
v 0.19719101 0.33756903 -0.078153424
v 0.19878696 0.34527656 0.048661143
v 0.20155038 0.34248066 0.06982773
v 0.19914117 0.33007026 -0.08654314
v 0.2108103 0.3453799 -0.011124059
v 0.19631514 0.3441763 -0.0639612
v 0.22052068 0.33709413 0.081089824
v 0.22971697 0.34336385 -0.064975396
v 0.22485085 0.34497806 0.061526455
v 0.2487031 0.34536847 -0.04437832
v 0.23499765 0.33067948 -0.08505673
v 0.22649628 0.3453387 0.034500714
v 0.24922663 0.34532413 0.05003021
v 0.26491234 0.3454497 0.027210582
v 0.26214892 0.34210026 0.071224764
v 0.25615662 0.33418274 0.08449623
v 0.26277092 0.34551927 -0.010299999
v 0.26826397 0.34121668 -0.07128464
v 0.266833 0.33198678 -0.08552753
v 0.28785333 0.33780593 0.08075604
v 0.29317454 0.34499308 0.058061995
v 0.30474547 0.34109983 -0.07061909
v 0.3124003 0.345704 -0.028399937
v 0.3047936 0.34562227 0.031961333
v 0.2960097 0.33239678 -0.085157186
v 0.32350907 0.34288597 0.06954685
v 0.3256117 0.32912743 -0.0874932
v 0.32716075 0.34577733 0.009436135
v 0.32564944 0.33634079 0.0833071
v 0.33780167 0.3368882 -0.07753197
v 0.34506968 0.34579247 0.040117804
v 0.35527048 0.34304702 -0.06402054
v 0.34742942 0.3445943 0.065459676
v 0.3639259 0.34596258 0.011125239
v 0.36325422 0.33897865 0.07887431
v 0.3950485 0.34596264 -0.043435138
v 0.37294385 0.34588036 0.05480511
v 0.34999526 0.32498622 -0.08722985
v 0.3761953 0.33028367 -0.08375655
v 0.39556512 0.33932 -0.07602321
v 0.40377527 0.3433525 0.07020007
v 0.40025818 0.34617627 0.019454442
v 0.3835707 0.3369633 0.08337395
v 0.41364494 0.3460192 0.053014025
v 0.40758872 0.33811662 0.08259987
v 0.4371465 0.33809787 0.08184589
v 0.43409488 0.34637955 0.02489466
v 0.44185528 0.3379966 -0.07930925
v 0.41929603 0.33216894 -0.08567721
v 0.44539294 0.34570348 -0.06131625
v 0.44166535 0.34584135 0.059475612
v 0.4519919 0.34629214 -0.026046427
v 0.443687 0.33010027 -0.08817525
v 0.46094882 0.34566674 0.007040331
v 0.46288928 0.3453087 0.0343931
v 0.45736498 0.33942872 0.078677274
v 0.4565981 0.33380628 -0.0848045
v 0.46296602 0.34566617 0.060702927
v 0.46460438 0.34192666 -0.06805747
v 0.46447262 0.34592086 -0.013999379
v 0.4657113 0.34545887 -0.041750696
v 0.46376392 0.33028474 0.08196916
v 0.4726423 0.335499 0.0618005
v 0.47371912 0.33587143 -0.0224445
v 0.4733156 0.33701196 -0.046875693
v 0.47382018 0.3364929 0.036131196
v 0.47572216 0.3316845 0.011296998
v 0.47534296 0.33342695 -0.06048507
v 0.4565981 0.33380628 -0.0848045
v 0.4675972 0.32955226 -0.076153226
v 0.45677552 0.3239385 -0.08824597
v 0.46460438 0.34192666 -0.06805747
v 0.4640374 0.13794854 -0.053667996
v 0.4531064 0.12413102 -0.038038854
v 0.45705146 0.1302124 -0.049862973
v 0.45834875 0.14190595 -0.065144524
v 0.45829183 0.18922417 -0.08775948
v 0.45741665 0.2323554 -0.088257916
v 0.4666792 0.20046084 -0.0777803
v 0.46161076 0.12984933 -0.01620523
v 0.45762056 0.30126765 -0.08749999
v 0.45677552 0.3239385 -0.08824597
v 0.46604234 0.3094257 -0.079070635
v 0.4670025 0.23966846 -0.07731046
v 0.46970508 0.28157195 -0.07333217
v 0.4629591 0.26275772 -0.08314412
v 0.4675972 0.32955226 -0.076153226
v 0.46281347 0.15524653 -0.07241388
v 0.45765427 0.16552252 -0.08561901
v 0.4694872 0.14159326 -0.031822458
v 0.4741916 0.17089123 -0.06418052
v 0.4730749 0.1571969 -0.04963083
v 0.47463655 0.26038992 -0.063799255
v 0.47489056 0.32266265 -0.06440264
v 0.47528937 0.2206534 -0.05921812
v 0.4754526 0.2932424 -0.06265358
v 0.47520798 0.15074007 -0.018915059
v 0.46460438 0.34192666 -0.06805747
v 0.47534296 0.33342695 -0.06048507
v 0.47516394 0.1464648 0.006714374
v 0.47596905 0.19285004 -0.061191525
v 0.45628652 0.10581071 -0.051759254
vt 0.77772146 0.9108107
vt 0.7427065 0.91643363
vt 0.77493906 0.8676527
vt 0.82602483 0.8855685
vt 0.7275842 0.92424834
vt 0.7350761 0.88481325
vt 0.72797245 0.9468135
vt 0.7481712 0.94472855
vt 0.78131425 0.93309754
vt 0.77110183 0.9468642
vt 0.8084241 0.9431627
vt 0.80991477 0.9220898
vt 0.83211637 0.9275335
vt 0.81082666 0.94895464
vt 0.835417 0.9452395
vt 0.8511381 0.9412275
vt 0.8572215 0.9184311
vt 0.8623763 0.89286697
vt 0.8653489 0.94317347
vt 0.86929315 0.9237411
vt 0.7414204 0.86078244
vt 0.851673 0.86445135
vt 0.7193186 0.9274402
vt 0.7203927 0.88585776
vt 0.7433562 0.9540481
vt 0.7564765 0.834154
vt 0.754901 0.8064122
vt 0.7688348 0.81335974
vt 0.7834823 0.8351628
vt 0.7918855 0.7952013
vt 0.80624175 0.8157422
vt 0.81476396 0.8433937
vt 0.8438351 0.8344224
vt 0.8355135 0.80348974
vt 0.73874474 0.8427498
vt 0.84510636 0.8120566
vt 0.74125075 0.82336044
vt 0.79767984 0.95477206
vt 0.8568569 0.9522481
vt 0.76966274 0.95477206
vt 0.8325682 0.9541511
vt 0.8700694 0.8752294
vt 0.87838084 0.9418727
vt 0.71528786 0.94526005
vt 0.8779782 0.9044652
vt 0.7104701 0.9194868
vt 0.8704133 0.9501743
vt 0.7255844 0.9536175
vt 0.87856126 0.9263351
vt 0.8439817 0.7944849
vt 0.7584043 0.7866901
vt 0.8542393 0.8137463
vt 0.8606042 0.8387027
vt 0.8548698 0.8031539
vt 0.76576036 0.7841251
vt 0.026590543 0.96321756
vt 0.018983105 0.9523507
vt 0.03435016 0.95782363
vt 0.76046103 0.73823386
vt 0.75563216 0.7535372
vt 0.7534478 0.7352509
vt 0.76549274 0.76821876
vt 0.7573272 0.7691002
vt 0.12355952 0.9643539
vt 0.12643157 0.9577398
vt 0.14636752 0.96208984
vt 0.13640223 0.9650337
vt 0.062822394 0.96208036
vt 0.81917715 0.78404546
vt 0.00035612535 0.9704416
vt 0.06450421 0.9682244
vt 0.09444188 0.9627286
vt 0.10047621 0.9704416
vt 0.75135154 0.7148867
vt 0.75894505 0.7166806
vt 0.7820135 0.7751046
vt 0.14281727 0.9539458
vt 0.048888274 0.95533574
vt 0.83838606 0.7823528
vt 0.7671874 0.7747496
vt 0.031555053 0.9526578
vt 0.02408051 0.9512108
vt 0.07039937 0.9571433
vt 0.8586636 0.784785
vt 0.84557265 0.7740596
vt 0.8368997 0.77442354
vt 0.831939 0.772611
vt 0.8277177 0.77616024
vt 0.8320861 0.7668831
vt 0.7593291 0.6905271
vt 0.9284188 0.18812084
vt 0.90223557 0.21342707
vt 0.91191447 0.18696582
vt 0.89469194 0.25403863
vt 0.8902616 0.2783543
vt 0.87769467 0.26948792
vt 0.876387 0.28982723
vt 0.91693854 0.22198915
vt 0.9016667 0.23374116
vt 0.9079451 0.24388462
vt 0.90140474 0.26248956
vt 0.90110826 0.27984142
vt 0.8862788 0.29757166
vt 0.87768817 0.30261606
vt 0.8994052 0.29368365
vt 0.88614005 0.30876607
vt 0.8750842 0.31518686
vt 0.87102646 0.3029843
vt 0.90297437 0.30069017
vt 0.89778584 0.3095739
vt 0.90694284 0.31579006
vt 0.8873138 0.3198539
vt 0.8811448 0.32422698
vt 0.6712598 0.97244716
vt 0.66967237 0.9681994
vt 0.6848952 0.9685263
vt 0.64618623 0.9704886
vt 0.6148281 0.97400284
vt 0.604104 0.9717678
vt 0.609149 0.9675376
vt 0.5957977 0.96783584
vt 0.65114945 0.96401536
vt 0.67300147 0.96395934
vt 0.8793726 0.33930612
vt 0.85220796 0.33495474
vt 0.62713814 0.9686497
vt 0.63380957 0.9639394
vt 0.6898148 0.96668655
vt 0.6097331 0.9628961
vt 0.5972243 0.95883447
vt 0.8899764 0.32673538
vt 0.66155124 0.9586045
vt 0.67825586 0.95877516
vt 0.62281525 0.9584077
vt 0.6445588 0.9576211
vt 0.6070885 0.9576211
vt 0.90686315 0.33399355
vt 0.87249297 0.34954965
vt 0.85958695 0.35394418
vt 0.9142018 0.3271113
vt 0.899378 0.3535477
vt 0.85752076 0.37632143
vt 0.8723918 0.3678984
vt 0.867607 0.38380367
vt 0.92474765 0.34040725
vt 0.91438526 0.34363604
vt 0.9227813 0.3345968
vt 0.88290465 0.37700438
vt 0.8931654 0.36501068
vt 0.91068244 0.35398352
vt 0.9231738 0.3492676
vt 0.8790888 0.38710827
vt 0.9284188 0.35132527
vt 0.90190536 0.19408095
vt 0.86743444 0.19771445
vt 0.88344735 0.1748448
vt 0.8231171 0.18122786
vt 0.8277778 0.1910615
vt 0.80563295 0.18938047
vt 0.8475255 0.19053948
vt 0.86235076 0.18230009
vt 0.8405504 0.17753077
vt 0.80758613 0.16714668
vt 0.908039 0.17661679
vt 0.85987127 0.16317791
vt 0.83925176 0.14755356
vt 0.89170563 0.13154513
vt 0.9129024 0.14549989
vt 0.82551455 0.123996615
vt 0.86362433 0.12981737
vt 0.80283976 0.13484335
vt 0.90329134 0.111117065
vt 0.923891 0.12436664
vt 0.80338997 0.10557556
vt 0.8202096 0.10320151
vt 0.8676238 0.09889251
vt 0.80707204 0.0892691
vt 0.7923789 0.18308681
vt 0.79359734 0.14438432
vt 0.92370754 0.14722496
vt 0.8252199 0.0883556
vt 0.904659 0.088728905
vt 0.7948951 0.1626007
vt 0.7931993 0.12503767
vt 0.91847175 0.09959453
vt 0.79850817 0.09483403
vt 0.86902153 0.081552744
vt 0.7964721 0.20121086
vt 0.92913073 0.11275411
vt 0.80568796 0.081552684
vt 0.9369658 0.13444757
vt 0.9334548 0.121046245
vt 0.79073983 0.20619655
vt 0.78246504 0.21685457
vt 0.76186997 0.21027386
vt 0.7664688 0.21905512
vt 0.7548964 0.21873987
vt 0.8190048 0.21019381
vt 0.81607115 0.2277484
vt 0.8014316 0.21418494
vt 0.8394376 0.21188903
vt 0.8509632 0.21770793
vt 0.8581524 0.21052343
vt 0.75643617 0.22551417
vt 0.74109685 0.2245112
vt 0.8652186 0.22295147
vt 0.777166 0.2393781
vt 0.74645805 0.24298704
vt 0.8417918 0.24645197
vt 0.76119137 0.25522608
vt 0.8089649 0.25952226
vt 0.860053 0.24933362
vt 0.78114295 0.2678411
vt 0.74816346 0.27366102
vt 0.78911513 0.29443872
vt 0.852336 0.28623343
vt 0.76939744 0.29188323
vt 0.86699325 0.2669369
vt 0.7509824 0.290949
vt 0.8263 0.28816873
vt 0.872151 0.287148
vt 0.7562 0.30224168
vt 0.80298764 0.30369627
vt 0.8607254 0.29768896
vt 0.82619494 0.30649042
vt 0.7692005 0.30464602
vt 0.8399994 0.31226552
vt 0.77288264 0.31151694
vt 0.7856034 0.31162447
vt 0.75404334 0.320965
vt 0.7688997 0.32753485
vt 0.7981185 0.32401556
vt 0.77833205 0.3235985
vt 0.8070143 0.32024997
vt 0.77940756 0.3304057
vt 0.77464986 0.33354235
vt 0.8186001 0.32424104
vt 0.75296855 0.33624625
vt 0.747842 0.32945287
vt 0.7600164 0.33116364
vt 0.78504616 0.336946
vt 0.76967704 0.34275806
vt 0.7805758 0.34577906
vt 0.8039217 0.34443188
vt 0.76527864 0.33889598
vt 0.75940377 0.34681416
vt 0.81003493 0.33421493
vt 0.7467721 0.34607458
vt 0.7451378 0.35592937
vt 0.7683521 0.34676445
vt 0.7921798 0.3537041
vt 0.7711388 0.34825313
vt 0.77346987 0.3404336
vt 0.7520819 0.36482584
vt 0.77406543 0.3648162
vt 0.7629545 0.3743375
vt 0.7590991 0.38391238
vt 0.74785465 0.38355863
vt 0.7542939 0.37536287
vt 0.7787718 0.37734294
vt 0.80270195 0.38047373
vt 0.76523834 0.3804804
vt 0.8119467 0.3669268
vt 0.76670957 0.3883568
vt 0.7463068 0.3987503
vt 0.7842037 0.3903365
vt 0.8147937 0.3811319
vt 0.76356995 0.40386945
vt 0.8449381 0.40896463
vt 0.8488004 0.38199496
vt 0.8619677 0.41288853
vt 0.79380924 0.397866
vt 0.81136996 0.38631678
vt 0.8048132 0.39126325
vt 0.78299105 0.4059739
vt 0.7564284 0.4142766
vt 0.74109685 0.40937293
vt 0.782037 0.41673255
vt 0.796948 0.41236007
vt 0.7628685 0.4262045
vt 0.82268625 0.40468705
vt 0.8081599 0.41921502
vt 0.7493724 0.42727673
vt 0.8570106 0.42306083
vt 0.7424506 0.4253707
vt 0.78609467 0.42537475
vt 0.84609497 0.42891085
vt 0.81242895 0.425067
vt 0.8348362 0.43072414
vt 0.74632704 0.4393984
vt 0.76990426 0.43561852
vt 0.7846289 0.43098617
vt 0.8548052 0.4369403
vt 0.753625 0.44392157
vt 0.8652817 0.4406669
vt 0.76232356 0.44261086
vt 0.74347574 0.4497863
vt 0.97269905 0.37227738
vt 0.96118236 0.38620484
vt 0.96758085 0.40752238
vt 0.96287996 0.36523557
vt 0.8996461 0.032004297
vt 0.9113248 0.061366796
vt 0.8904045 0.046801507
vt 0.901074 0.06583226
vt 0.9804131 0.44480056
vt 0.9636418 0.4442035
vt 0.88332593 0.03246379
vt 0.8951356 0.013468385
vt 0.9795848 0.41850424
vt 0.97994554 0.38447815
vt 0.9804131 0.35446382
vt 0.96290195 0.34162295
vt 0.88002664 0.04021883
vt 0.878395 0.02196312
vt 0.97663945 0.33582622
vt 0.88101816 0.05151725
vt 0.79665244 0.78596866
vt 0.79856926 0.77742165
vt 0.8080484 0.78596866
vt 0.8829856 0.07397354
vt 0.89432544 0.08440173
vt 0.8740261 0.034955144
vt 0.86794853 0.048184395
vt 0.88367397 0.0010683537
vt 0.86286706 0.052334905
vt 0.8626016 0.01637119
vt 0.7368234 0.84223646
vt 0.7276894 0.84529763
vt 0.71972936 0.84223646
vt 0.86347044 0.07219887
vt 0.8647724 0.036158025
vt 0.86783516 0.03833449
vt 0.73205435 0.85363245
vt 0.72838753 0.85291433
vt 0.8552081 0.0031342506
vt 0.8457541 0.07665539
vt 0.8433723 0.054006934
vt 0.84852266 0.03660947
vt 0.8433394 0.06521207
vt 0.8473909 0.047041833
vt 0.84260744 0.030286849
vt 0.8414711 0.016671717
vt 0.82776403 0.07330781
vt 0.84043956 0.04754752
vt 0.8350047 0.04752916
vt 0.8391682 0.044377744
vt 0.8306757 0.031897485
vt 0.8340062 0.012227654
vt 0.8265971 0.057770193
vt 0.8232842 0.08440173
vt 0.82017225 0.04404521
vt 0.81774575 0.02884245
vt 0.8153821 0.08147693
vt 0.75035614 0.9761396
vt 0.75035614 0.9960826
vt 0.7427876 0.9819501
vt 0.81383425 0.061456025
vt 0.7377109 0.9939348
vt 0.8098558 0.041389048
vt 0.8087882 0.07470155
vt 0.73283565 0.98396254
vt 0.7957779 0.03223449
vt 0.8032137 0.06872314
vt 0.79795885 0.04913354
vt 0.7247151 0.9867169
vt 0.78989685 0.048033297
vt 0.8037758 0.056118965
vt 0.72625107 0.9958484
vt 0.7535977 0.058203578
vt 0.7730918 0.054454327
vt 0.7576368 0.07339853
vt 0.7773406 0.070819795
vt 0.79178315 0.06543112
vt 0.7874508 0.07935196
vt 0.7446581 0.06411421
vt 0.7734995 0.08292526
vt 0.85958916 0.9946581
vt 0.8788011 0.99343246
vt 0.85149574 0.98183763
vt 0.7965606 0.074033976
vt 0.89992875 0.99130607
vt 0.8773695 0.98183763
vt 0.5730161 0.46217108
vt 0.56877226 0.43322992
vt 0.5772792 0.4416334
vt 0.55017257 0.412156
vt 0.5704859 0.39257085
vt 0.56387794 0.35658526
vt 0.56043214 0.38389117
vt 0.56396365 0.46327126
vt 0.5202728 0.09799349
vt 0.55382156 0.053171396
vt 0.55407244 0.08848226
vt 0.55198735 0.34236753
vt 0.56289953 0.3322611
vt 0.5521353 0.11581415
vt 0.53310394 0.029364944
vt 0.55312127 0.022016943
vt 0.5518535 0.3273524
vt 0.5629504 0.3112237
vt 0.5498237 0.30323362
vt 0.5391155 0.37588418
vt 0.5413409 0.0060622096
vt 0.5543045 0.0022588372
vt 0.55483055 0.29425198
vt 0.5342122 0.44701064
vt 0.5279106 0.12978518
vt 0.5342464 0.31519026
vt 0.53934526 0.46430922
vt 0.54812396 0.2806008
vt 0.53694046 0.28209144
vt 0.5422993 0.27495754
vt 0.5185833 0.3361771
vt 0.52825266 0.26700282
vt 0.5239737 0.2846192
vt 0.5267913 0.27670062
vt 0.50804293 0.4147159
vt 0.5067213 0.36793327
vt 0.49887764 0.04910928
vt 0.5104488 0.0071442127
vt 0.7553419 0.44907403
vt 0.75852597 0.48412192
vt 0.76745015 0.47632235
vt 0.5168357 0.29546714
vt 0.50603807 0.07323223
vt 0.51234055 0.46867037
vt 0.51004577 0.32189626
vt 0.51311535 0.14766717
vt 0.4998695 0.1480673
vt 0.51495165 0.26334357
vt 0.50568384 0.08215374
vt 0.766267 0.4967034
vt 0.50540036 0.27454513
vt 0.5056542 0.16966838
vt 0.4859184 0.014742076
vt 0.7553419 0.5127142
vt 0.4999557 0.07318312
vt 0.5032404 0.43841714
vt 0.49905625 0.31002808
vt 0.49650913 0.06693816
vt 0.49280345 0.12480432
vt 0.49615535 0.07949555
vt 0.50383574 0.26225847
vt 0.49427143 0.1733678
vt 0.49304846 0.46464908
vt 0.4934842 0.27271926
vt 0.4866514 0.09663534
vt 0.4944945 0.287946
vt 0.4725193 0.13351476
vt 0.49172905 0.18802905
vt 0.49478915 0.45667768
vt 0.49744904 0.2618333
vt 0.48598108 0.3259294
vt 0.47811502 0.3514675
vt 0.47907612 0.066753924
vt 0.7655891 0.5195869
vt 0.47892144 0.19050914
vt 0.48905662 0.27226543
vt 0.47872043 0.2985561
vt 0.48586854 0.26322418
vt 0.49183095 0.25316143
vt 0.48502836 0.43694818
vt 0.48006016 0.17726672
vt 0.47466555 0.16622072
vt 0.48320374 0.27105838
vt 0.4724664 0.05143386
vt 0.48117235 0.22559941
vt 0.48489344 0.21544743
vt 0.48935673 0.24189246
vt 0.48062667 0.28497887
vt 0.48826352 0.2541741
vt 0.4766728 0.25626862
vt 0.46989667 0.23905742
vt 0.4718038 0.40651858
vt 0.4739636 0.41990775
vt 0.466252 0.2196747
vt 0.4645554 0.033169627
vt 0.44387555 0.0841189
vt 0.4752625 0.27602363
vt 0.47621363 0.26837128
vt 0.44884193 0.33509964
vt 0.46515483 0.38561672
vt 0.71331906 0.86050963
vt 0.7160398 0.87143874
vt 0.71739304 0.8639336
vt 0.4706059 0.4523698
vt 0.46564204 0.19055408
vt 0.4787734 0.005362034
vt 0.46858782 0.016852856
vt 0.60161227 0.98754233
vt 0.60861826 0.99123085
vt 0.5989371 0.9907265
vt 0.46291324 0.27007055
vt 0.46992844 0.17749667
vt 0.46448907 0.17897111
vt 0.5886752 0.9960826
vt 0.45917034 0.056904435
vt 0.45861334 0.2895599
vt 0.46489266 0.052288115
vt 0.5917901 0.99071985
vt 0.5947307 0.9855409
vt 0.45655555 0.46305352
vt 0.48072514 0.4722274
vt 0.7190171 0.85720503
vt 0.4585995 0.25692642
vt 0.4546572 0.047425807
vt 0.46021634 0.31178236
vt 0.45121178 0.17827612
vt 0.71331906 0.8543447
vt 0.4562 0.020786107
vt 0.5886752 0.9846866
vt 0.454032 0.23643905
vt 0.4450553 0.21624398
vt 0.44631913 0.032209396
vt 0.46023312 0.47617614
vt 0.44713104 0.42865443
vt 0.44686982 0.3236438
vt 0.45019552 0.27422965
vt 0.4446974 0.042758882
vt 0.44853047 0.41277784
vt 0.43375573 0.36802983
vt 0.44898856 0.34986776
vt 0.14815062 0.9975071
vt 0.14746255 0.9909642
vt 0.15918803 0.9847247
vt 0.433295 0.13345248
vt 0.447564 0.2620113
vt 0.13792959 0.98551154
vt 0.4387444 0.29787672
vt 0.4341476 0.47311783
vt 0.12943546 0.98894465
vt 0.4299092 0.2321626
vt 0.43646893 0.06379604
vt 0.42729378 0.43306756
vt 0.4347355 0.2703824
vt 0.43842718 0.25972694
vt 0.43428922 0.24816757
vt 0.12720737 0.99365693
vt 0.11638148 0.9836227
vt 0.4251577 0.46147257
vt 0.43101817 0.20333457
vt 0.42354533 0.18060046
vt 0.10721093 0.9887468
vt 0.4185027 0.4069469
vt 0.4239548 0.3129375
vt 0.42629182 0.25077838
vt 0.110485174 0.995576
vt 0.41778535 0.2807896
vt 0.41579255 0.09090823
vt 0.41465017 0.21640706
vt 0.41823864 0.23146641
vt 0.09217875 0.9804131
vt 0.41938764 0.33424133
vt 0.09089938 0.9851685
vt 0.41089568 0.24680316
vt 0.41525915 0.23774362
vt 0.09320487 0.99401605
vt 0.4175798 0.34755278
vt 0.39556503 0.37421966
vt 0.4146896 0.32446754
vt 0.3882018 0.12143755
vt 0.4147262 0.3364488
vt 0.08117112 0.98919773
vt 0.42221346 0.07141703
vt 0.395427 0.09101546
vt 0.079696186 0.98265713
vt 0.40502295 0.30796254
vt 0.41169587 0.4482863
vt 0.40947598 0.46958435
vt 0.38422552 0.15666234
vt 0.40802962 0.22510237
vt 0.41246656 0.3280027
vt 0.08201098 0.9925065
vt 0.40022177 0.23220837
vt 0.076689295 0.99750704
vt 0.41125277 0.33902127
vt 0.40405068 0.43566084
vt 0.4062975 0.32502413
vt 0.40828517 0.3322425
vt 0.3985368 0.20983106
vt 0.39932242 0.2638569
vt 0.40499756 0.46216917
vt 0.4031733 0.3362165
vt 0.39658216 0.099158704
vt 0.39075282 0.28329456
vt 0.072148405 0.9896811
vt 0.40326828 0.450159
vt 0.3783195 0.41721815
vt 0.39635122 0.22018194
vt 0.068014085 0.9858529
vt 0.07092936 0.99375683
vt 0.39175594 0.2400248
vt 0.39932072 0.44824398
vt 0.37816048 0.20032817
vt 0.39345697 0.3287903
vt 0.38919207 0.4709885
vt 0.38810417 0.1021688
vt 0.39208955 0.09750438
vt 0.37869006 0.4611051
vt 0.065170944 0.99560225
vt 0.3812253 0.26015162
vt 0.3888166 0.22853029
vt 0.38208798 0.33929312
vt 0.38411775 0.31053954
vt 0.3815761 0.21421087
vt 0.3732151 0.10953337
vt 0.379689 0.097067416
vt 0.37277743 0.32815772
vt 0.37017053 0.44143564
vt 0.3859202 0.08706057
vt 0.37014183 0.2973647
vt 0.37384033 0.22945166
vt 0.3686916 0.09206796
vt 0.36158547 0.276336
vt 0.36506444 0.35845655
vt 0.3626925 0.2449972
vt 0.3594244 0.099185586
vt 0.3566035 0.37875676
vt 0.35491708 0.1292609
vt 0.3519085 0.4359569
vt 0.3644843 0.47339928
vt 0.3499462 0.2618085
vt 0.3565906 0.3376931
vt 0.35667303 0.22594833
vt 0.34941587 0.20136213
vt 0.35977435 0.042591512
vt 0.36525077 0.037332773
vt 0.36336312 0.050061584
vt 0.36120075 0.07880294
vt 0.35351083 0.027427793
vt 0.34479398 0.055549145
vt 0.35818067 0.06425619
vt 0.3420129 0.10713303
vt 0.34126326 0.35265636
vt 0.3476505 0.07831442
vt 0.34994668 0.3180399
vt 0.33968177 0.028285682
vt 0.3410918 0.17414892
vt 0.3495397 0.46869314
vt 0.3361058 0.25386178
vt 0.34312445 0.14848572
vt 0.3439087 0.29561484
vt 0.34086132 0.4508865
vt 0.3429628 0.4604224
vt 0.73741317 0.4547721
vt 0.7332621 0.47623342
vt 0.7439459 0.46997476
vt 0.33913296 0.39423883
vt 0.33665228 0.43083578
vt 0.3309324 0.124228776
vt 0.335434 0.3284641
vt 0.32326788 0.33528692
vt 0.33292657 0.043410003
vt 0.3419709 0.019236445
vt 0.3393184 0.44186115
vt 0.33531594 0.44191962
vt 0.32537913 0.41682637
vt 0.3234752 0.083562315
vt 0.32766128 0.31242883
vt 0.3213195 0.3887292
vt 0.31587356 0.21153063
vt 0.7344241 0.49089396
vt 0.32532185 0.15677142
vt 0.336634 0.0099000335
vt 0.32299912 0.4719993
vt 0.7439459 0.4982922
vt 0.3139734 0.2919464
vt 0.3150682 0.13399935
vt 0.3197273 0.030070603
vt 0.32243967 0.013217688
vt 0.31968156 0.00614506
vt 0.3179474 0.35852313
vt 0.31491393 0.2752592
vt 0.3190972 0.42856085
vt 0.30916968 0.17414081
vt 0.3019143 0.053889573
vt 0.3203355 0.44075692
vt 0.3176589 0.4583627
vt 0.73512447 0.5099689
vt 0.3073897 0.018979251
vt 0.30963928 0.10012722
vt 0.29230085 0.30151153
vt 0.3000107 0.43393564
vt 0.30194646 0.45762992
vt 0.30437553 0.37459207
vt 0.29786754 0.15508562
vt 0.7435414 0.51602566
vt 0.29949698 0.4014696
vt 0.30352068 0.42048985
vt 0.29165703 0.25699234
vt 0.3059614 0.33694416
vt 0.2812232 0.081361055
vt 0.30645734 0.47536874
vt 0.29626384 0.35390198
vt 0.28056368 0.11881423
vt 0.28877252 0.02839607
vt 0.297899 0.008342683
vt 0.2925585 0.20168382
vt 0.2908832 0.1817823
vt 0.28718755 0.21762443
vt 0.7916667 0.20588869
vt 0.81555784 0.2076211
vt 0.8179082 0.1997863
vt 0.28510475 0.33687317
vt 0.28455973 0.46794528
vt 0.2870788 0.3706386
vt 0.28673944 0.342335
vt 0.28209394 0.4177544
vt 0.28744665 0.48254985
vt 0.27768877 0.44849026
vt 0.2801465 0.39386135
vt 0.27647248 0.14181894
vt 0.27430215 0.009600282
vt 0.84138113 0.2076211
vt 0.28324696 0.3196553
vt 0.27617434 0.34834802
vt 0.27239677 0.16782969
vt 0.272489 0.30490816
vt 0.27406478 0.19006932
vt 0.2706098 0.23173833
vt 0.26874465 0.26072055
vt 0.27199718 0.09439385
vt 0.26388207 0.0472672
vt 0.84780955 0.20169413
vt 0.26470014 0.40582073
vt 0.267209 0.36419523
vt 0.27274647 0.473597
vt 0.26536208 0.42338485
vt 0.25599957 0.2887259
vt 0.2621625 0.34222734
vt 0.26593313 0.32649207
vt 0.26082757 0.020943403
vt 0.25953445 0.21225452
vt 0.25450796 0.46694958
vt 0.25199333 0.3741787
vt 0.2587978 0.13826495
vt 0.25310445 0.15640801
vt 0.2523747 0.27315068
vt 0.2555826 0.18168354
vt 0.25362542 0.10047072
vt 0.2607187 0.47480714
vt 0.2541664 0.44168222
vt 0.8648127 0.20613372
vt 0.2528559 0.008881748
vt 0.24429236 0.33537263
vt 0.24844679 0.3115362
vt 0.2410082 0.19231623
vt 0.24387138 0.05888164
vt 0.2457101 0.4177816
vt 0.8649124 0.20009422
vt 0.24565983 0.24252945
vt 0.2495075 0.26214397
vt 0.23983106 0.35895634
vt 0.23136556 0.13977438
vt 0.22600304 0.07475102
vt 0.2428098 0.39915216
vt 0.23904714 0.03001064
vt 0.24548616 0.48117876
vt 0.23719881 0.22098953
vt 0.23803172 0.27014482
vt 0.886396 0.20224792
vt 0.23297824 0.0062039495
vt 0.2357321 0.10336977
vt 0.2301369 0.2940712
vt 0.23160237 0.46663272
vt 0.23197326 0.43239838
vt 0.23550378 0.25875854
vt 0.23895222 0.26562566
vt 0.2288305 0.38787806
vt 0.2286211 0.2715059
vt 0.22739936 0.319838
vt 0.229882 0.45505208
vt 0.227501 0.23802137
vt 0.22593406 0.16039562
vt 0.23596291 0.47764277
vt 0.22799976 0.34473813
vt 0.2284216 0.4131049
vt 0.22292554 0.20780218
vt 0.22359823 0.4730227
vt 0.21735348 0.3560959
vt 0.2174784 0.18523705
vt 0.21711844 0.125305
vt 0.21996614 0.25135642
vt 0.2134433 0.093791544
vt 0.22428511 0.25972426
vt 0.21490833 0.44442284
vt 0.20883784 0.0475235
vt 0.21287318 0.42317605
vt 0.20850241 0.400828
vt 0.2094585 0.20852858
vt 0.2078905 0.14674854
vt 0.21259873 0.27767408
vt 0.21805038 0.26587057
vt 0.20668393 0.3052044
vt 0.20520945 0.3375281
vt 0.20705779 0.021410346
vt 0.21419439 0.009994447
vt 0.21353571 0.4647398
vt 0.21819063 0.00035613775
vt 0.21796061 0.2575202
vt 0.20850377 0.37595648
vt 0.20314893 0.1727457
vt 0.20379367 0.2291516
vt 0.21006958 0.24509704
vt 0.20480566 0.25744677
vt 0.19897415 0.47463548
vt 0.19463664 0.060225785
vt 0.20768896 0.2466203
vt 0.19251686 0.4539112
vt 0.19536202 0.2690916
vt 0.19959113 0.35122478
vt 0.19143014 0.43356526
vt 0.19923016 0.0053544044
vt 0.1896644 0.39129615
vt 0.19208083 0.13086033
vt 0.19174245 0.18994176
vt 0.19150063 0.29045093
vt 0.20121424 0.21601534
vt 0.19460379 0.21344203
vt 0.20105657 0.24203777
vt 0.18576522 0.15706384
vt 0.18952559 0.41504544
vt 0.19666375 0.110260785
vt 0.20100008 0.24449265
vt 0.1852946 0.030989587
vt 0.18793853 0.0902217
vt 0.18456383 0.47019398
vt 0.1915173 0.22867572
vt 0.18296553 0.3680638
vt 0.19526173 0.24485302
vt 0.18642664 0.23976731
vt 0.18597905 0.25248945
vt 0.18806149 0.22529888
vt 0.17821522 0.3218497
vt 0.18133256 0.34188575
vt 0.1776396 0.05603099
vt 0.17648935 0.20141917
vt 0.18368776 0.22301406
vt 0.17824577 0.01479578
vt 0.17566836 0.27091038
vt 0.17527513 0.10645723
vt 0.17927685 0.23514378
vt 0.16865368 0.39807582
vt 0.17157036 0.17561293
vt 0.17314062 0.4214654
vt 0.16732827 0.15178412
vt 0.16896385 0.2329036
vt 0.1660156 0.43959904
vt 0.16359735 0.35531104
vt 0.166824 0.29874122
vt 0.1713362 0.22408247
vt 0.18068168 0.005362451
vt 0.1624901 0.24954253
vt 0.16515729 0.4609096
vt 0.16588363 0.08464575
vt 0.16081437 0.012009978
vt 0.16455963 0.12217504
vt 0.16322021 0.039898396
vt 0.16426784 0.47543287
vt 0.15821655 0.33903676
vt 0.15013899 0.20198244
vt 0.16167906 0.23783624
vt 0.15504521 0.0022939444
vt 0.1421613 0.4226761
vt 0.15476911 0.17553592
vt 0.150269 0.2345928
vt 0.1528782 0.27282858
vt 0.15333967 0.056584835
vt 0.14640552 0.32135594
vt 0.14405128 0.22830701
vt 0.14670305 0.09926057
vt 0.14613634 0.13314891
vt 0.14668849 0.29778147
vt 0.14526787 0.07848126
vt 0.14568745 0.38230962
vt 0.14136128 0.44881976
vt 0.14053977 0.47471952
vt 0.1517396 0.48254985
vt 0.14699432 0.009126604
vt 0.14051019 0.46303546
vt 0.1393982 0.26125157
vt 0.13659135 0.16150999
vt 0.136948 0.016427457
vt 0.13837977 0.043776155
vt 0.13471094 0.24335194
vt 0.13396998 0.0050191283
vt 0.12770341 0.35830212
vt 0.12873462 0.05796939
vt 0.13778208 0.34322715
vt 0.1381798 0.48144823
vt 0.11578452 0.28310865
vt 0.12197307 0.027740479
vt 0.12616259 0.39106238
vt 0.122039005 0.23678315
vt 0.13216627 0.2060327
vt 0.12461226 0.13862783
vt 0.12161046 0.09173107
vt 0.12882948 0.10813725
vt 0.12322462 0.46345043
vt 0.11638724 0.338381
vt 0.12529877 0.22368854
vt 0.12245754 0.47978365
vt 0.1200198 0.30444384
vt 0.11959375 0.17669499
vt 0.11926489 0.41951358
vt 0.1190155 0.47503603
vt 0.115605876 0.3214394
vt 0.10842499 0.43562794
vt 0.10584141 0.26177025
vt 0.11290918 0.11836946
vt 0.112235166 0.22972381
vt 0.11534224 0.07086778
vt 0.113707945 0.008200049
vt 0.11051225 0.24367923
vt 0.57728034 0.9770239
vt 0.57584125 0.9839743
vt 0.55519944 0.9811638
vt 0.10976612 0.40405756
vt 0.11174862 0.20932305
vt 0.10515915 0.45749485
vt 0.10875484 0.050979316
vt 0.10543075 0.47925615
vt 0.101445295 0.37576568
vt 0.10151558 0.18399233
vt 0.10265182 0.30760038
vt 0.09694602 0.41762304
vt 0.09944369 0.15021086
vt 0.09629384 0.080804825
vt 0.09611494 0.10644817
vt 0.09890093 0.011757255
vt 0.09694986 0.124072194
vt 0.095643416 0.2292316
vt 0.099988826 0.23769009
vt 0.0897407 0.40207207
vt 0.083921775 0.47377062
vt 0.09699207 0.34197628
vt 0.092905916 0.32561982
vt 0.096726246 0.035372972
vt 0.08851695 0.45224053
vt 0.09356124 0.22067904
vt 0.0927423 0.30181807
vt 0.085463665 0.35156953
vt 0.60031474 0.9816012
vt 0.08810496 0.27770066
vt 0.08649879 0.19925857
vt 0.08798172 0.24932832
vt 0.08830456 0.05713439
vt 0.59340906 0.9732906
vt 0.09319714 0.2425276
vt 0.0844011 0.01649642
vt 0.06963582 0.4429741
vt 0.08356656 0.3377486
vt 0.08791226 0.22908705
vt 0.08220819 0.2622338
vt 0.082470246 0.09914279
vt 0.07677336 0.3752221
vt 0.08113749 0.16756928
vt 0.07857302 0.033631563
vt 0.07911735 0.30045027
vt 0.07564886 0.15067625
vt 0.06660573 0.4191581
vt 0.081831634 0.13008446
vt 0.084226914 0.21939957
vt 0.07374186 0.31944573
vt 0.06836752 0.40069008
vt 0.076768324 0.25724244
vt 0.07948087 0.11390698
vt 0.07256822 0.0072419643
vt 0.6224476 0.97609824
vt 0.07173134 0.27908033
vt 0.07427283 0.3306507
vt 0.080255784 0.20944822
vt 0.07780012 0.19497877
vt 0.05816659 0.47084558
vt 0.07185614 0.09012306
vt 0.07436145 0.34313762
vt 0.074389055 0.06841993
vt 0.070170686 0.049209833
vt 0.073973805 0.119487524
vt 0.62477875 0.98397434
vt 0.065184146 0.3559203
vt 0.07280872 0.1794638
vt 0.8427987 0.9935723
vt 0.85440516 0.99166566
vt 0.8571937 0.9946581
vt 0.84374994 0.98707646
vt 0.063191 0.33336234
vt 0.839179 0.9870681
vt 0.069089174 0.34016412
vt 0.06907325 0.11303085
vt 0.83475846 0.9928841
vt 0.0661333 0.2977659
vt 0.06616705 0.26583683
vt 0.06131069 0.30723608
vt 0.0627602 0.027026057
vt 0.8298941 0.9879592
vt 0.06397248 0.15708637
vt 0.06627535 0.25895655
vt 0.079191945 0.24803144
vt 0.058087796 0.37623513
vt 0.06449096 0.34373719
vt 0.066268414 0.13131833
vt 0.05475991 0.057158887
vt 0.066105 0.17415327
vt 0.056220394 0.10842246
vt 0.050353408 0.07743406
vt 0.82077783 0.9946581
vt 0.06162156 0.2743553
vt 0.8212816 0.9861111
vt 0.04286589 0.31951177
vt 0.05097708 0.3525455
vt 0.053525843 0.26206088
vt 0.06047846 0.16444933
vt 0.81341153 0.9873481
vt 0.05493583 0.2921543
vt 0.042196054 0.39530402
vt 0.06038154 0.1225127
vt 0.6378919 0.98092675
vt 0.03697411 0.43374562
vt 0.046443675 0.4673292
vt 0.057700112 0.137977
vt 0.8094729 0.9937905
vt 0.043362293 0.2673924
vt 0.054473713 0.1481356
vt 0.036372382 0.36930382
vt 0.04966636 0.0088256
vt 0.041123126 0.09532249
vt 0.64752364 0.9737642
vt 0.040746663 0.28963912
vt 0.038876787 0.2738958
vt 0.04792941 0.13732713
vt 0.036110982 0.11895567
vt 0.045789834 0.029696047
vt 0.035819132 0.30448544
vt 0.033769704 0.41659462
vt 0.6534935 0.9814368
vt 0.030869277 0.45953214
vt 0.03312012 0.06345123
vt 0.036711056 0.25765198
vt 0.046296306 0.24920946
vt 0.0354701 0.47417408
vt 0.9601784 0.40011895
vt 0.9555499 0.40123677
vt 0.95752716 0.37840492
vt 0.9603998 0.363378
vt 0.95605695 0.35223973
vt 0.9618946 0.35264027
vt 0.959493 0.3459239
vt 0.027425418 0.3507123
vt 0.025288362 0.3355242
vt 0.9554786 0.3402297
vt 0.9605755 0.33738393
vt 0.95891976 0.41445434
vt 0.954367 0.41942328
vt 0.95697623 0.4341715
vt 0.017005177 0.39895576
vt 0.028855417 0.018928826
vt 0.95188004 0.36650157
vt 0.028675413 0.042938292
vt 0.95211 0.38659096
vt 0.9500459 0.4115504
vt 0.9511244 0.43472648
vt 0.9554546 0.44620574
vt 0.6633967 0.9755677
vt 0.025087647 0.2918281
vt 0.03208957 0.26188576
vt 0.040841512 0.14431942
vt 0.03391728 0.13407308
vt 0.9497863 0.33084047
vt 0.9503957 0.34024274
vt 0.035286587 0.0059422255
vt 0.9497863 0.4497863
vt 0.027261918 0.2723335
vt 0.9507844 0.3475107
vt 0.027095694 0.0831154
vt 0.01870648 0.31111264
vt 0.016143283 0.36928654
vt 0.6726703 0.9811657
vt 0.016762545 0.47242212
vt 0.022113001 0.12636864
vt 0.0128902765 0.4661678
vt 0.007954988 0.4447559
vt 0.014585018 0.42243493
vt 0.019485611 0.1096375
vt 0.01497803 0.29248983
vt 0.018181115 0.0068823695
vt 0.018794974 0.064842105
vt 0.010814198 0.32932502
vt 0.6821326 0.97393054
vt 0.0071839 0.35042572
vt 0.009547536 0.30945253
vt 0.014269074 0.07967383
vt 0.0023221713 0.42381787
vt 0.0050612846 0.37795675
vt 0.0058425213 0.3281092
vt 0.013875239 0.015673995
vt 0.0017246918 0.47185075
vt 0.012031064 0.1185984
vt 0.01298496 0.04681331
vt 0.0127294175 0.102832675
vt 0.68582803 0.98265773
vt 0.6898148 0.97614354
vt 0.010369741 0.0061849356
vt 0.0021753386 0.4078753
vt 0.00035612535 0.45250887
vt 0.016260337 0.945224
vt 0.006054131 0.9533377
vt 0.008277149 0.94163024
vt 0.0078529995 0.9239383
vt 0.019196909 0.91997004
vt 0.009308193 0.8990449
vt 0.008982841 0.5038952
vt 0.017436195 0.5052322
vt 0.016553234 0.55368674
vt 0.011281628 0.864609
vt 0.029010251 0.8690111
vt 0.019722836 0.8952604
vt 0.01565394 0.48186803
vt 0.013770832 0.5952454
vt 0.032283217 0.5945575
vt 0.014328584 0.82154936
vt 0.011333656 0.7922949
vt 0.02299378 0.78388166
vt 0.022495832 0.49458283
vt 0.01518468 0.7810485
vt 0.028192017 0.5763095
vt 0.0302943 0.539042
vt 0.029911922 0.81975555
vt 0.90446955 0.9918091
vt 0.9019874 0.9975071
vt 0.8842593 0.9959262
vt 0.032408345 0.48360145
vt 0.026257377 0.7637613
vt 0.04044161 0.50438195
vt 0.039076388 0.60914844
vt 0.035412896 0.8958374
vt 0.036977928 0.93928427
vt 0.03953124 0.79018825
vt 0.03615186 0.9464017
vt 0.04278247 0.92543775
vt 0.05105782 0.89929426
vt 0.03758839 0.76565236
vt 0.048118003 0.55732155
vt 0.07096924 0.5214424
vt 0.05800061 0.5837357
vt 0.04804097 0.76363665
vt 0.052393574 0.48502016
vt 0.9235834 0.9975071
vt 0.041969396 0.7557945
vt 0.056553915 0.6076677
vt 0.05977011 0.94782937
vt 0.06754368 0.81426644
vt 0.06219847 0.7668866
vt 0.062174223 0.4947216
vt 0.04830891 0.7529596
vt 0.060073446 0.62931895
vt 0.059727974 0.93764013
vt 0.73397434 0.85775393
vt 0.7362711 0.85078347
vt 0.73967236 0.86056346
vt 0.73397434 0.8735755
vt 0.93767804 0.99335897
vt 0.056411546 0.7497693
vt 0.06887672 0.87858593
vt 0.07532766 0.84085786
vt 0.06570879 0.48204184
vt 0.07591122 0.584902
vt 0.070061706 0.9238374
vt 0.082312234 0.6350948
vt 0.07431223 0.8987133
vt 0.06667297 0.74372435
vt 0.077982865 0.9404763
vt 0.07699379 0.74983096
vt 0.079686284 0.4900906
vt 0.08650297 0.77334857
vt 0.07041125 0.7363293
vt 0.0781438 0.6679464
vt 0.105325006 0.862292
vt 0.08628527 0.92447937
vt 0.07799406 0.7350223
vt 0.084340736 0.7514868
vt 0.1035322 0.55700177
vt 0.083993115 0.48002505
vt 0.08211281 0.72764015
vt 0.08345651 0.7342959
vt 0.096166454 0.4888963
vt 0.09095408 0.9459522
vt 0.086738326 0.7370263
vt 0.08260553 0.72896427
vt 0.08816415 0.7284182
vt 0.08450667 0.70723903
vt 0.092483066 0.7111838
vt 0.08585124 0.7431627
vt 0.10030002 0.664122
vt 0.089764796 0.6814707
vt 0.08856212 0.69342417
vt 0.10031244 0.6949023
vt 0.106432945 0.9004443
vt 0.105755776 0.8306519
vt 0.09717088 0.7402314
vt 0.09545479 0.7510182
vt 0.09600293 0.4792801
vt 0.107954256 0.79854745
vt 0.098399244 0.58749545
vt 0.1047825 0.7254299
vt 0.1043501 0.9358833
vt 0.10452792 0.5043469
vt 0.110819325 0.6757176
vt 0.11011524 0.6262182
vt 0.10993143 0.49355698
vt 0.113185614 0.94872665
vt 0.113863744 0.7561932
vt 0.114108145 0.70707244
vt 0.12216892 0.8121743
vt 0.120209664 0.873719
vt 0.12358205 0.6833813
vt 0.114014745 0.5041389
vt 0.120658614 0.49582213
vt 0.13030669 0.78539604
vt 0.11887473 0.51242733
vt 0.13383064 0.58652127
vt 0.134989 0.94313836
vt 0.13797754 0.9189883
vt 0.1222764 0.66952
vt 0.12130117 0.50198734
vt 0.12796967 0.5476703
vt 0.12681445 0.730433
vt 0.1267413 0.66164976
vt 0.124349885 0.74670833
vt 0.12856922 0.75230455
vt 0.1324543 0.8488146
vt 0.13992111 0.67375785
vt 0.12643665 0.51270354
vt 0.13804236 0.9528172
vt 0.13867609 0.69914436
vt 0.13671598 0.8870518
vt 0.13058265 0.5227007
vt 0.13647185 0.6130478
vt 0.14404719 0.64389664
vt 0.1373533 0.73801327
vt 0.1425239 0.8280545
vt 0.13725334 0.5455704
vt 0.1470806 0.7170653
vt 0.14012915 0.72908366
vt 0.13807036 0.76857513
vt 0.75106835 0.9761396
vt 0.7624478 0.97724587
vt 0.76302135 0.9960826
vt 0.14246291 0.6603944
vt 0.765896 0.99123365
vt 0.16263004 0.8118631
vt 0.1639603 0.74771404
vt 0.15211084 0.62573
vt 0.772001 0.9835336
vt 0.775279 0.99315643
vt 0.15440398 0.5641233
vt 0.15268463 0.85741454
vt 0.7767094 0.9761396
vt 0.1536193 0.7232095
vt 0.81232196 0.9853989
vt 0.8042462 0.9953955
vt 0.7867434 0.9853989
vt 0.1536232 0.7743923
vt 0.15576206 0.6807532
vt 0.18094529 0.9402146
vt 0.16381346 0.8899571
vt 0.7879658 0.9960826
vt 0.15643032 0.7136822
vt 0.7805852 0.47257507
vt 0.7741931 0.4871816
vt 0.77338916 0.4547721
vt 0.16277461 0.59219617
vt 0.1646931 0.7029935
vt 0.1636984 0.6639412
vt 0.16196622 0.90580493
vt 0.7816951 0.5014544
vt 0.16521235 0.9498898
vt 0.16918333 0.9188995
vt 0.16374016 0.7113893
vt 0.1685393 0.8671335
vt 0.17866768 0.8504246
vt 0.77599716 0.9944229
vt 0.1684452 0.7205437
vt 0.17223011 0.63824457
vt 0.17078511 0.77875686
vt 0.17812821 0.6087557
vt 0.20052096 0.8265705
vt 0.77388406 0.5061012
vt 0.17600378 0.6949481
vt 0.7700825 0.4959948
vt 0.16745254 0.5640987
vt 0.17572232 0.5747317
vt 0.17143641 0.9003072
vt 0.17868228 0.681123
vt 0.17514323 0.7097082
vt 0.7667379 0.5088849
vt 0.18265884 0.568521
vt 0.18864985 0.659979
vt 0.17894757 0.89524984
vt 0.18628113 0.723179
vt 0.17729032 0.89960533
vt 0.18487415 0.9083132
vt 0.1929171 0.8800244
vt 0.77417505 0.5140622
vt 0.7816951 0.5147027
vt 0.18734276 0.63088936
vt 0.18985224 0.95160085
vt 0.20258659 0.77941513
vt 0.77499634 0.5195869
vt 0.7713545 0.5148277
vt 0.19631827 0.5898003
vt 0.18614519 0.9003522
vt 0.7677622 0.51921403
vt 0.18597627 0.70760137
vt 0.19590902 0.7008235
vt 0.18286702 0.700078
vt 0.19390139 0.8943297
vt 0.1880289 0.8965145
vt 0.19580105 0.5747707
vt 0.21420832 0.9268755
vt 0.20752077 0.67541164
vt 0.19658001 0.5665984
vt 0.19519205 0.61677134
vt 0.20231374 0.7315905
vt 0.20970543 0.6089231
vt 0.19711867 0.9057632
vt 0.20731789 0.62777954
vt 0.21447323 0.6498865
vt 0.20672025 0.5694547
vt 0.22659002 0.87594646
vt 0.2122175 0.8947939
vt 0.21416588 0.5854249
vt 0.21351767 0.9418615
vt 0.2113927 0.9132374
vt 0.21060294 0.94941854
vt 0.22197147 0.71207553
vt 0.23575227 0.8125298
vt 0.21599919 0.6940511
vt 0.20863014 0.5526156
vt 0.21912347 0.5615976
vt 0.2274405 0.60346824
vt 0.22171584 0.7434279
vt 0.22086935 0.5244111
vt 0.21133807 0.52721196
vt 0.21063419 0.51518595
vt 0.2165644 0.53906417
vt 0.22240414 0.9022955
vt 0.22827642 0.94559175
vt 0.22761555 0.502241
vt 0.21350189 0.5062248
vt 0.23355444 0.53853315
vt 0.23199774 0.6776905
vt 0.235076 0.63347185
vt 0.23722845 0.77408105
vt 0.23692098 0.73474723
vt 0.23680952 0.5717659
vt 0.24119197 0.9009601
vt 0.24353299 0.7091527
vt 0.2436469 0.51311725
vt 0.24045317 0.6549846
vt 0.24876317 0.6105017
vt 0.24500212 0.84683514
vt 0.2444721 0.49308652
vt 0.2342844 0.48744833
vt 0.25236294 0.5596711
vt 0.24373673 0.93918675
vt 0.2582981 0.91564906
vt 0.2553503 0.64402455
vt 0.25106415 0.6694331
vt 0.24136983 0.4826553
vt 0.2558862 0.75516623
vt 0.26822537 0.52508426
vt 0.26346868 0.8645797
vt 0.25392812 0.59271747
vt 0.25010684 0.9504065
vt 0.25818533 0.48523855
vt 0.26239142 0.6859091
vt 0.2784971 0.7778922
vt 0.267304 0.7189944
vt 0.27096337 0.58148515
vt 0.26945344 0.8125874
vt 0.26763514 0.4956714
vt 0.2637758 0.944526
vt 0.27457294 0.6014541
vt 0.26874357 0.6259067
vt 0.2568297 0.95548433
vt 0.2755168 0.5599722
vt 0.27376223 0.75053036
vt 0.27217683 0.9256538
vt 0.2834558 0.6686653
vt 0.2777203 0.6431556
vt 0.27666447 0.8278353
vt 0.27795768 0.9543137
vt 0.286332 0.89562225
vt 0.27995628 0.4851073
vt 0.277451 0.9421445
vt 0.284728 0.61926675
vt 0.27919754 0.69474137
vt 0.30580336 0.8638023
vt 0.29858923 0.9097679
vt 0.29645452 0.7985285
vt 0.29251176 0.579673
vt 0.28771037 0.5315736
vt 0.28589517 0.9347407
vt 0.28855252 0.7218698
vt 0.28958547 0.50297904
vt 0.30366042 0.662667
vt 0.31350437 0.82428354
vt 0.29241398 0.74385196
vt 0.30122748 0.6040789
vt 0.3073882 0.63693357
vt 0.29943287 0.6943636
vt 0.29349288 0.4827066
vt 0.30224845 0.5587922
vt 0.3148672 0.9291465
vt 0.3073204 0.49149537
vt 0.30506858 0.94594353
vt 0.31078637 0.5256302
vt 0.30425352 0.75756204
vt 0.3087006 0.7324483
vt 0.3158186 0.4823361
vt 0.31262 0.5861361
vt 0.3143132 0.77441406
vt 0.3208075 0.6130789
vt 0.3293516 0.7084834
vt 0.3181942 0.5523554
vt 0.3296341 0.5761514
vt 0.32472652 0.50271344
vt 0.3370024 0.8918476
vt 0.33229762 0.68409294
vt 0.32482255 0.76057005
vt 0.33045298 0.48634517
vt 0.33353534 0.74261606
vt 0.3331141 0.79461235
vt 0.33218244 0.6329496
vt 0.3341885 0.5412945
vt 0.3375958 0.6529926
vt 0.33576432 0.51699126
vt 0.33536983 0.94312984
vt 0.9935121 0.20205218
vt 0.9861111 0.2249502
vt 0.991915 0.23468661
vt 0.98644626 0.20422399
vt 0.34935796 0.6022259
vt 0.35817158 0.7294566
vt 0.34735814 0.8596202
vt 0.3497744 0.48881412
vt 0.36044034 0.5815695
vt 0.36027306 0.815751
vt 0.35587263 0.6901306
vt 0.3553659 0.53781956
vt 0.35090145 0.76811683
vt 0.3569833 0.5087254
vt 0.9861581 0.18820256
vt 0.3558302 0.9224812
vt 0.3579305 0.6321182
vt 0.35276878 0.7908121
vt 0.34713736 0.48053044
vt 0.37712535 0.7542949
vt 0.9939459 0.18264407
vt 0.3534041 0.9419919
vt 0.36196727 0.82991695
vt 0.36989477 0.6569094
vt 0.37566078 0.6256339
vt 0.9861111 0.1679461
vt 0.36813337 0.89448845
vt 0.36749703 0.48377353
vt 0.36654064 0.49117672
vt 0.37412238 0.8427814
vt 0.37590954 0.5128815
vt 0.37643275 0.87097114
vt 0.38817126 0.7990753
vt 0.37312308 0.56883407
vt 0.36930338 0.94184947
vt 0.3746569 0.9146438
vt 0.9933771 0.16554928
vt 0.37746906 0.9343754
vt 0.38223463 0.70360756
vt 0.3812797 0.54538655
vt 0.38970736 0.7213588
vt 0.38390952 0.58699167
vt 0.3836929 0.6790995
vt 0.3881159 0.48667943
vt 0.78596866 0.1930821
vt 0.75546753 0.1976496
vt 0.7652535 0.18068558
vt 0.38982755 0.94377804
vt 0.38584164 0.4797182
vt 0.9908258 0.14351851
vt 0.39149022 0.89059144
vt 0.3906411 0.82360494
vt 0.39310226 0.7035569
vt 0.39394414 0.6946796
vt 0.39661887 0.6562944
vt 0.39465505 0.55601174
vt 0.39947128 0.5737515
vt 0.4008788 0.59963024
vt 0.39400497 0.62387156
vt 0.39933994 0.8496562
vt 0.7315791 0.18353266
vt 0.7464755 0.16300195
vt 0.408055 0.92947465
vt 0.39711982 0.90225464
vt 0.39200425 0.522652
vt 0.40706202 0.7093253
vt 0.41056594 0.48520458
vt 0.41331115 0.539898
vt 0.41045785 0.73932076
vt 0.41888672 0.77640504
vt 0.40437013 0.6833401
vt 0.73112535 0.15930188
vt 0.40831286 0.89116824
vt 0.41953692 0.6636212
vt 0.40770262 0.5017693
vt 0.41490182 0.8754022
vt 0.41788155 0.909217
vt 0.42003378 0.8300014
vt 0.4214871 0.5857933
vt 0.41676795 0.5620441
vt 0.42071277 0.81678957
vt 0.42055908 0.6143213
vt 0.42271113 0.6396983
vt 0.41221863 0.9425111
vt 0.42097476 0.68500197
vt 0.42988825 0.89128524
vt 0.4336198 0.7201675
vt 0.41887814 0.85285074
vt 0.4384668 0.7399831
vt 0.42762426 0.94093555
vt 0.43015653 0.52977324
vt 0.7317721 0.13608986
vt 0.4332666 0.86432946
vt 0.43283567 0.70292616
vt 0.4434317 0.6238982
vt 0.75234336 0.12750977
vt 0.43100888 0.80476433
vt 0.43670902 0.6861261
vt 0.43201488 0.55029446
vt 0.44053423 0.6022075
vt 0.44160905 0.56779754
vt 0.4605817 0.79370916
vt 0.7735359 0.13989931
vt 0.44139424 0.93209064
vt 0.4460191 0.81909084
vt 0.43585682 0.904018
vt 0.44474426 0.66046983
vt 0.44964522 0.83743477
vt 0.78596866 0.120147705
vt 0.44893715 0.5422441
vt 0.4452181 0.87974894
vt 0.4546143 0.75907665
vt 0.44890776 0.9475317
vt 0.4552816 0.9097136
vt 0.7630547 0.11574072
vt 0.4507311 0.85988605
vt 0.45390654 0.8940911
vt 0.45370063 0.714195
vt 0.45790753 0.6868806
vt 0.43216726 0.47902626
vt 0.45116735 0.4816252
vt 0.43797994 0.501972
vt 0.4751875 0.5970537
vt 0.45988134 0.7035661
vt 0.46279308 0.6346116
vt 0.46065775 0.7208884
vt 0.46296248 0.55650336
vt 0.45691127 0.48705328
vt 0.46020833 0.49703932
vt 0.45044675 0.51701367
vt 0.46062922 0.9435437
vt 0.46617618 0.6684202
vt 0.46787924 0.52554137
vt 0.4681539 0.88011426
vt 0.46056986 0.71502495
vt 0.46802628 0.73052794
vt 0.46739924 0.81682324
vt 0.4630612 0.93187356
vt 0.4628041 0.48893797
vt 0.46856824 0.48399472
vt 0.4773208 0.8610622
vt 0.4748 0.82970136
vt 0.47217792 0.89814955
vt 0.4750586 0.49354458
vt 0.47212058 0.7155994
vt 0.4797316 0.9252873
vt 0.47811276 0.7105942
vt 0.48505366 0.6820003
vt 0.47581017 0.7201386
vt 0.48219585 0.55201745
vt 0.4905839 0.50674355
vt 0.49112225 0.6531355
vt 0.4790929 0.9462045
vt 0.46696568 0.95548433
vt 0.48182812 0.72724074
vt 0.49001393 0.6979503
vt 0.48761624 0.62227696
vt 0.49122742 0.58149296
vt 0.4870195 0.9009987
vt 0.48638678 0.48636973
vt 0.48606217 0.7512304
vt 0.5010934 0.817985
vt 0.4924817 0.9399704
vt 0.49701688 0.8818662
vt 0.4921509 0.52681416
vt 0.4942552 0.73609746
vt 0.49597824 0.5747623
vt 0.5010123 0.48933876
vt 0.49431044 0.8462328
vt 0.49815595 0.56138474
vt 0.50190693 0.6009272
vt 0.50992984 0.53239006
vt 0.5037283 0.9449282
vt 0.49422956 0.47827637
vt 0.50362295 0.9105026
vt 0.50408274 0.78924656
vt 0.5012332 0.6395929
vt 0.49937275 0.6749305
vt 0.50765145 0.75459164
vt 0.50921017 0.6201953
vt 0.5080233 0.8335566
vt 0.515837 0.92571115
vt 0.50433165 0.5900308
vt 0.5083887 0.8957763
vt 0.5091164 0.6545469
vt 0.51317716 0.49632484
vt 0.5116944 0.8597596
vt 0.5142105 0.74432844
vt 0.5237767 0.59337986
vt 0.5170501 0.56632864
vt 0.51665324 0.6344398
vt 0.51305956 0.6007023
vt 0.51188576 0.6068285
vt 0.53530055 0.18835646
vt 0.54553 0.18992198
vt 0.5601852 0.18030584
vt 0.962731 0.98890066
vt 0.9697101 0.9975071
vt 0.9804131 0.9875017
vt 0.54760826 0.2173534
vt 0.52847457 0.17556977
vt 0.51605445 0.6136042
vt 0.5213308 0.6426232
vt 0.5205598 0.88345814
vt 0.5257968 0.5102553
vt 0.523769 0.82856214
vt 0.5278321 0.85157484
vt 0.5255958 0.9035878
vt 0.51698166 0.17999011
vt 0.90705127 0.64779204
vt 0.89635193 0.63915825
vt 0.90604395 0.63866633
vt 0.8984828 0.63307774
vt 0.5338015 0.8109091
vt 0.52817893 0.4899937
vt 0.95165694 0.9971835
vt 0.5227514 0.61045426
vt 0.52710396 0.54319656
vt 0.607906 0.9946581
vt 0.61256105 0.98878694
vt 0.6220257 0.99119467
vt 0.5403697 0.78764844
vt 0.52503556 0.2069965
vt 0.5169256 0.20076847
vt 0.52736145 0.94475377
vt 0.5241822 0.62594944
vt 0.63283473 0.9861111
vt 0.89689195 0.6211019
vt 0.5362466 0.8760211
vt 0.63152736 0.9946581
vt 0.54205364 0.9367526
vt 0.545501 0.5236429
vt 0.5376501 0.57678217
vt 0.948278 0.9853989
vt 0.88333684 0.62745935
vt 0.8997312 0.6129535
vt 0.89747626 0.60292023
vt 0.90705127 0.604386
vt 0.88898337 0.62265766
vt 0.54387665 0.60601884
vt 0.5393546 0.8330958
vt 0.8924729 0.61048204
vt 0.93554133 0.9975071
vt 0.54832083 0.61342907
vt 0.5346608 0.62318647
vt 0.54773194 0.49716985
vt 0.8866805 0.6173501
vt 0.5526272 0.5494469
vt 0.8854029 0.6073367
vt 0.5067664 0.20498037
vt 0.5421537 0.48482788
vt 0.5188458 0.22199255
vt 0.5485012 0.8485718
vt 0.8821225 0.61332434
vt 0.5524455 0.89289695
vt 0.5503713 0.9491503
vt 0.5570081 0.91429114
vt 0.5504772 0.57224363
vt 0.554455 0.8659137
vt 0.55777913 0.8261952
vt 0.558948 0.5922786
vt 0.55687344 0.48625308
vt 0.56174546 0.5202257
vt 0.5317622 0.239066
vt 0.56394637 0.8081333
vt 0.563687 0.9394846
vt 0.5654068 0.5060756
vt 0.56524533 0.59999555
vt 0.5601852 0.2475071
vt 0.56370676 0.8481673
vt 0.5609706 0.61061156
vt 0.56520057 0.55371183
vt 0.56562424 0.58351123
vt 0.5647632 0.49042654
vt 0.5662557 0.87872297
vt 0.5647557 0.4832126
vt 0.5715812 0.82245857
vt 0.567488 0.9502266
vt 0.56949675 0.5326644
vt 0.568074 0.9365433
vt 0.5676228 0.89855015
vt 0.5682787 0.9140657
vt 0.9269726 0.026343763
vt 0.91220486 0.048711777
vt 0.89921653 0.0240798
vt 0.92033905 0.014345527
vt 0.9285615 0.05112952
vt 0.9178707 0.05122882
vt 0.9340157 0.00035613775
vt 0.9201404 0.0006631017
vt 0.92588335 0.06516886
vt 0.9323323 0.07321507
vt 0.9196388 0.08015525
vt 0.94179523 0.043978095
vt 0.9365949 0.059342146
vt 0.94278693 0.059316218
vt 0.94826376 0.027288675
vt 0.94542485 0.06889659
vt 0.9454188 0.053851068
vt 0.9571327 0.037451386
vt 0.9518663 0.054704547
vt 0.9388559 0.08423227
vt 0.9704319 0.024162173
vt 0.9461098 0.08402461
vt 0.95171356 0.062222123
vt 0.958381 0.058655858
vt 0.9540665 0.073349476
vt 0.95731753 0.0865401
vt 0.94254583 0.092948735
vt 0.94802684 0.087676406
vt 0.96612203 0.07055026
vt 0.9823151 0.043828547
vt 0.97946703 0.05916083
vt 0.99354184 0.029053688
vt 0.9939459 0.015170753
vt 0.9742722 0.08139837
vt 0.969836 0.08819592
vt 0.98468417 0.075411916
vt 0.9939459 0.062363327
vt 0.98192483 0.08409244
vt 0.98921835 0.0806874
vt 0.8158832 0.7638889
vt 0.817547 0.7717236
vt 0.8258547 0.7638889
vt 0.63393307 0.9946581
vt 0.662037 0.9861111
vt 0.633547 0.9861111
vt 0.7235432 0.9611912
vt 0.7250209 0.9683049
vt 0.7485481 0.96551496
vt 0.7637361 0.9612709
vt 0.7442034 0.9594011
vt 0.7683572 0.96624476
vt 0.69611734 0.9644953
vt 0.7865895 0.96555585
vt 0.82086897 0.9678354
vt 0.8040455 0.9608117
vt 0.8023483 0.96666116
vt 0.7874938 0.9590456
vt 0.7042128 0.9590456
vt 0.6891026 0.95945555
vt 0.54646355 0.68686056
vt 0.5606984 0.6783269
vt 0.5572461 0.6994896
vt 0.114518866 0.9772699
vt 0.09866465 0.9718348
vt 0.13464224 0.97136384
vt 0.18126781 0.9678603
vt 0.17968988 0.97418934
vt 0.17095612 0.9690237
vt 0.054367945 0.9779623
vt 0.03383191 0.96826065
vt 0.060529973 0.97189486
vt 0.16761617 0.97473204
vt 0.06595317 0.9765632
vt 0.08947841 0.9780744
vt 0.1806661 0.9846865
vt 0.5402503 0.70102847
vt 0.5278572 0.6941769
vt 0.5396653 0.69049346
vt 0.15818663 0.9675926
vt 0.541807 0.69521254
vt 0.14628984 0.9763472
vt 0.06188396 0.9814337
vt 0.13096681 0.9784167
vt 0.5753589 0.6684473
vt 0.5821576 0.6978058
vt 0.5138889 0.70047826
vt 0.5242981 0.7083535
vt 0.07665728 0.9817547
vt 0.05977292 0.9846866
vt 0.17507045 0.97781956
vt 0.5490576 0.6962154
vt 0.5190255 0.7292059
vt 0.5391415 0.71585107
vt 0.5315918 0.7274156
vt 0.5733439 0.70796835
vt 0.55875397 0.71474504
vt 0.54997313 0.7155067
vt 0.54894555 0.7234035
vt 0.58226496 0.7275176
vt 0.5292557 0.7458866
vt 0.569403 0.7267424
vt 0.5532921 0.7314339
vt 0.55642974 0.7248396
vt 0.5401238 0.74257916
vt 0.52075684 0.75590956
vt 0.5560937 0.7527833
vt 0.57169455 0.76784766
vt 0.5138889 0.7745727
vt 0.5323407 0.76823854
vt 0.5503499 0.76582026
vt 0.71260685 0.8821225
vt 0.7289886 0.8821225
vt 0.7241724 0.877849
vt 0.5129755 0.9590195
vt 0.5396238 0.95836926
vt 0.52905715 0.9624425
vt 0.49076122 0.9578619
vt 0.49588296 0.9624405
vt 0.47825763 0.9612592
vt 0.55281883 0.9634221
vt 0.45888788 0.9577193
vt 0.5705614 0.9582083
vt 0.44917515 0.9641989
vt 0.44123933 0.9569088
vt 0.5753559 0.9654861
vt 0.5772792 0.9569088
vt 0.5108322 0.96391135
vt 0.52351844 0.9666196
vt 0.4750283 0.9675748
vt 0.46600026 0.96461457
vt 0.5709705 0.96738166
vt 0.5055947 0.9675825
vt 0.5407282 0.9675926
vt 0.72208655 0.8315443
vt 0.7168803 0.8332192
vt 0.7196053 0.81665874
vt 0.7176888 0.7528804
vt 0.7239787 0.75949836
vt 0.7214008 0.7844268
vt 0.72512484 0.8215961
vt 0.72531784 0.80224645
vt 0.7181711 0.7206483
vt 0.723628 0.7240931
vt 0.7198636 0.7381512
vt 0.7335272 0.82304925
vt 0.73491275 0.83511394
vt 0.7291613 0.8335778
vt 0.7168803 0.71331906
vt 0.7217243 0.715769
vt 0.7247676 0.74242765
vt 0.7284615 0.78012276
vt 0.73075575 0.8088093
vt 0.73534715 0.8016588
vt 0.73419297 0.7445465
vt 0.7353989 0.76976275
vt 0.7294833 0.75541794
vt 0.72973174 0.73186857
vt 0.72925955 0.71700704
vt 0.7344881 0.7861571
vt 0.7265165 0.71441126
vt 0.5757694 0.85587037
vt 0.57115924 0.8386752
vt 0.5806684 0.8488727
vt 0.57493937 0.88641155
vt 0.5701567 0.8950575
vt 0.57550424 0.87216204
vt 0.5749987 0.9009519
vt 0.5712875 0.914114
vt 0.5774439 0.92343616
vt 0.5725127 0.93426895
vt 0.57999855 0.9446783
vt 0.57765365 0.9529169
vt 0.58081084 0.87346196
vt 0.58204097 0.93368524
vt 0.58154935 0.91783327
vt 0.5803321 0.901385
vt 0.58404595 0.96157634
vt 0.5797702 0.9675926
vt 0.5866715 0.944731
vt 0.5872507 0.84958744
vt 0.58566374 0.8651421
vt 0.58725065 0.9657045
vt 0.8201567 0.7710114
vt 0.8201567 0.7831197
vt 0.8258547 0.77568555
vt 0.7332621 0.8543447
vt 0.71972936 0.8560624
vt 0.7332621 0.87001425
vt 0.7208677 0.86689156
vt 0.19944733 0.49186623
vt 0.190719 0.48829448
vt 0.17158331 0.49409473
vt 0.13753551 0.48867023
vt 0.15031877 0.4946581
vt 0.21491079 0.493191
vt 0.21602476 0.48674864
vt 0.11574074 0.49105018
vt 0.12545396 0.4895689
vt 0.1179438 0.48183763
vt 0.2204416 0.49184138
vt 0.16563675 0.4867419
vt 0.1303376 0.49284858
vt 0.13277903 0.48238665
vt 0.19386381 0.4844346
vt 0.21119894 0.48183763
vt 0.9914046 0.47443807
vt 0.9939459 0.44623613
vt 0.9839671 0.4647088
vt 0.9875724 0.5430912
vt 0.990191 0.5213559
vt 0.98346037 0.52740747
vt 0.9856332 0.5163288
vt 0.9842408 0.49454343
vt 0.9804131 0.5068254
vt 0.9939458 0.5408103
vt 0.9861125 0.44195157
vt 0.0040605804 0.14565527
vt 0.0061763413 0.15351462
vt 0.0033800807 0.16902286
vt 0.0031613605 0.23317373
vt 0.0067717945 0.21219969
vt 0.00947844 0.23896223
vt 0.009120681 0.19187784
vt 0.0017806384 0.19954562
vt 0.010536876 0.25391734
vt 0.0017806268 0.24907076
vt 0.010221273 0.15888643
vt 0.011594377 0.18222737
vt 0.012408082 0.22102565
vt 0.012464387 0.20248461
vt 0.011626122 0.15204418
vt 0.989168 0.98102665
vt 0.98183763 0.9846866
vt 0.9859777 0.9576756
vt 0.9831001 0.91206104
vt 0.98986363 0.9328365
vt 0.98183763 0.893189
vt 0.9885678 0.8933295
vt 0.9888264 0.9072552
vt 0.9929322 0.9698685
vt 0.9915186 0.9523628
vt 0.99190736 0.89904857
vt 0.99491096 0.9445533
vt 0.99955356 0.9537232
vt 0.99896604 0.97565186
vt 0.9983934 0.9173196
vt 0.9991885 0.90030557
vt 0.9945963 0.9207394
vt 0.99964386 0.934696
vt 0.9955372 0.8906695
vt 0.996545 0.9825209
vt 0.4644105 0.9850062
vt 0.49513632 0.98631454
vt 0.48165995 0.9892775
vt 0.4626457 0.9896098
vt 0.45052359 0.98397434
vt 0.5215593 0.98509586
vt 0.5179913 0.98951674
vt 0.5379586 0.98397434
vt 0.5377758 0.98780173
vt 0.4994596 0.994184
vt 0.47689715 0.9953704
vt 0.5172278 0.9946383
vt 0.46066022 0.99424624
vt 0.5487892 0.99329007
vt 0.5345528 0.9921813
vt 0.45049858 0.9928079
vt 0.71331906 0.87713677
vt 0.7282764 0.87713677
vt 0.7199224 0.87001425
vt 0.14741103 0.53421056
vt 0.16103849 0.5530627
vt 0.14707977 0.5530627
vt 0.15555155 0.5174682
vt 0.14961156 0.50625503
vt 0.17179716 0.5017806
vt 0.16320062 0.53367233
vt 0.1722483 0.52221686
vt 0.18056317 0.5400432
vt 0.18891676 0.5172835
vt 0.19582978 0.540003
vt 0.19544472 0.5244455
vt 0.18950924 0.5060204
vt 0.20192307 0.5283302
vt 0.19628124 0.51482207
vt 0.53668034 0.6511007
vt 0.5281339 0.63493836
vt 0.5513157 0.6340895
vt 0.55820817 0.64933205
vt 0.5795441 0.6562766
vt 0.57691705 0.6636062
vt 0.57492375 0.6577373
vt 0.5815892 0.66465545
vt 0.579519 0.6360082
vt 0.57367206 0.64337933
vt 0.57459676 0.6359286
vt 0.5639637 0.6426285
vt 0.5752548 0.6288746
vt 0.57737285 0.62001425
vt 0.58368945 0.62362987
vt 0.58368945 0.6805556
vt 0.72630334 0.8358262
vt 0.71748215 0.84152424
vt 0.7147436 0.8365456
vt 0.7368234 0.84152424
vt 0.9671183 0.8765556
vt 0.9832621 0.872151
vt 0.9748848 0.884048
vt 0.98272747 0.8873358
vt 0.9733932 0.8984343
vt 0.9650585 0.8950105
vt 0.95547205 0.8930763
vt 0.95358527 0.8995845
vt 0.9415035 0.8841105
vt 0.9500194 0.89638746
vt 0.9578763 0.899687
vt 0.9635521 0.9077501
vt 0.9444017 0.9029807
vt 0.9735963 0.91324
vt 0.9514754 0.9079409
vt 0.9248067 0.90328825
vt 0.91657114 0.88879865
vt 0.9731262 0.92660236
vt 0.9745374 0.91642076
vt 0.97992134 0.9213123
vt 0.9082346 0.8988096
vt 0.93419313 0.91699904
vt 0.9048549 0.9098645
vt 0.9488254 0.9226083
vt 0.9607897 0.93106306
vt 0.9548814 0.9160356
vt 0.9832621 0.94175744
vt 0.9705064 0.93987375
vt 0.92149234 0.91567785
vt 0.9725298 0.9574598
vt 0.9174579 0.9307827
vt 0.96646345 0.9479437
vt 0.9472895 0.9406137
vt 0.9295489 0.9338799
vt 0.8956553 0.92092294
vt 0.96063447 0.9447827
vt 0.9823153 0.973989
vt 0.95863014 0.9526938
vt 0.9528234 0.95694274
vt 0.9329555 0.95109016
vt 0.92031497 0.9448631
vt 0.93841445 0.97230595
vt 0.9413192 0.9595388
vt 0.9218794 0.95331514
vt 0.95985955 0.9820208
vt 0.9159587 0.9495012
vt 0.9330787 0.9650708
vt 0.9133363 0.9566687
vt 0.9194148 0.9629831
vt 0.90682334 0.96664965
vt 0.91397375 0.97206974
vt 0.89889884 0.97670555
vt 0.91354895 0.9810948
vt 0.9217458 0.9846866
vt 0.018856086 0.24709988
vt 0.023947513 0.24922913
vt 0.011752137 0.25178063
vt 0.025938371 0.24009335
vt 0.020469008 0.22676826
vt 0.01459526 0.22918898
vt 0.025780797 0.22827226
vt 0.024764571 0.21162444
vt 0.019085553 0.2107923
vt 0.02124229 0.19214153
vt 0.014556507 0.19817841
vt 0.02687488 0.19194615
vt 0.019349128 0.17429984
vt 0.026111199 0.17215133
vt 0.022602648 0.1609168
vt 0.027421653 0.16373348
vt 0.015545151 0.16003239
vt 0.020835018 0.15277344
vt 0.011752158 0.14707977
vt 0.8094729 0.78596866
vt 0.8094729 0.7710114
vt 0.80591166 0.7768472
vt 0.052350383 0.24964386
vt 0.043575946 0.2445116
vt 0.04821769 0.2308724
vt 0.042769678 0.23361105
vt 0.041550264 0.21892619
vt 0.052242666 0.21153176
vt 0.047441315 0.19846618
vt 0.040242165 0.18511647
vt 0.045552615 0.17510688
vt 0.052350428 0.17350346
vt 0.93275875 0.2516085
vt 0.92210555 0.27331418
vt 0.9177589 0.25269103
vt 0.9320029 0.2635274
vt 0.90703714 0.2694717
vt 0.050376453 0.15827495
vt 0.9398089 0.24218845
vt 0.94620496 0.2472384
vt 0.9439 0.25500667
vt 0.94943637 0.23821026
vt 0.94105804 0.26412547
vt 0.90349 0.2913111
vt 0.9526649 0.2502572
vt 0.9161136 0.28701246
vt 0.040820297 0.15550923
vt 0.9509321 0.23550141
vt 0.9537059 0.22524661
vt 0.95776784 0.23460954
vt 0.95264095 0.2609995
vt 0.9543546 0.24255252
vt 0.95085937 0.21435016
vt 0.9632113 0.21854627
vt 0.9654958 0.25219035
vt 0.96338475 0.22898138
vt 0.9484268 0.26857424
vt 0.936926 0.2905451
vt 0.96014214 0.20904559
vt 0.94360167 0.26902026
vt 0.97070706 0.21457899
vt 0.95664585 0.27047426
vt 0.96307427 0.23920393
vt 0.9377694 0.28206897
vt 0.96113116 0.24453211
vt 0.9421539 0.2741267
vt 0.9638823 0.26130408
vt 0.98143995 0.21405905
vt 0.9756436 0.22634178
vt 0.045789506 0.1523121
vt 0.9669611 0.2668221
vt 0.9723147 0.24311483
vt 0.9532685 0.27601242
vt 0.94552195 0.28178418
vt 0.98397434 0.22937816
vt 0.9446489 0.28711873
vt 0.92443246 0.30545676
vt 0.974101 0.25667608
vt 0.96974367 0.28246832
vt 0.9815795 0.24375457
vt 0.95119953 0.28973854
vt 0.9405754 0.30608058
vt 0.049704157 0.14423078
vt 0.95563084 0.29832184
vt 0.9650403 0.29486346
vt 0.9744173 0.29635084
vt 0.95695233 0.31272358
vt 0.96957743 0.30993396
vt 0.97479665 0.30685008
vt 0.98397434 0.32300568
vt 0.9711245 0.31983757
vt 0.4400946 0.016250432
vt 0.44025385 0.010039389
vt 0.45619658 0.010678589
vt 0.45283955 0.018140018
vt 0.44019344 0.025284886
vt 0.40546915 0.011610985
vt 0.42063004 0.019276619
vt 0.39290082 0.016688883
vt 0.3952728 0.021797001
vt 0.3781468 0.0143149495
vt 0.37142062 0.020577729
vt 0.36788666 0.009615362
vt 0.36202726 0.015141189
vt 0.35324392 0.017973125
vt 0.3624399 0.025284886
vt 0.35254672 0.011948347
vt 0.35471866 0.025237262
vt 0.34775436 0.02035582
vt 0.3472222 0.017008483
vt 0.7375356 0.80599064
vt 0.74227375 0.8116117
vt 0.7407152 0.82086897
vt 0.7436311 0.79162526
vt 0.74706155 0.8042907
vt 0.75106835 0.80260694
vt 0.7446672 0.8120979
vt 0.7485225 0.790672
vt 0.7400265 0.7709767
vt 0.74788374 0.7680951
vt 0.74429137 0.7470343
vt 0.7493195 0.73732483
vt 0.7391467 0.7334689
vt 0.7431389 0.72768176
vt 0.7469806 0.7280921
vt 0.74680716 0.72384655
vt 0.73907 0.7175926
vt 0.7375356 0.7178269
vt 0.8079324 0.018355668
vt 0.81347615 0.0136801
vt 0.8201772 0.021011412
vt 0.82086897 0.0032051206
vt 0.8103424 0.0066239834
vt 0.7961811 0.011323571
vt 0.7903039 0.019016504
vt 0.77950686 0.013156414
vt 0.7624716 0.009972572
vt 0.76960534 0.016885698
vt 0.7486946 0.015270472
vt 0.7387765 0.010958314
vt 0.7397258 0.016118407
vt 0.7332621 0.0032051206
vt 0.8357834 0.38061965
vt 0.8365255 0.40064102
vt 0.8287037 0.39737839
vt 0.8287098 0.38533628
vt 0.8307059 0.36255932
vt 0.8364457 0.35456562
vt 0.83408016 0.34344614
vt 0.837963 0.33028424
vt 0.8314473 0.3309481
vt 0.83492684 0.32086897
vt 0.8287037 0.32190263
vt 0.8194444 0.78034776
vt 0.81445867 0.7710114
vt 0.81445867 0.7838319
vt 0.7439459 0.5195869
vt 0.75188583 0.5157211
vt 0.747153 0.51301223
vt 0.7517094 0.4992038
vt 0.7449722 0.48965186
vt 0.75027657 0.4769467
vt 0.7466543 0.4640754
vt 0.7553419 0.4607674
vt 0.7494897 0.45192307
vt 0.7439459 0.45294362
vt 0.6787681 0.59081197
vt 0.670584 0.5848436
vt 0.68413013 0.5864739
vt 0.6771057 0.5815978
vt 0.7002511 0.5831845
vt 0.6987824 0.58927846
vt 0.71449476 0.5873593
vt 0.7281505 0.5828339
vt 0.72501516 0.5787037
vt 0.7269696 0.58669084
vt 0.7347122 0.58482385
vt 0.7302574 0.59081197
vt 0.7361111 0.57956517
vt 0.98902225 0.8545047
vt 0.9925213 0.87001425
vt 0.9852829 0.86781114
vt 0.9847598 0.85904694
vt 0.9782764 0.8661476
vt 0.9797659 0.84698445
vt 0.98551875 0.84046686
vt 0.9810463 0.83192486
vt 0.9906557 0.83368945
vt 0.9868299 0.8213332
vt 0.9816098 0.82029396
vt 0.98318064 0.8158832
vt 0.99252135 0.8183519
vt 0.97658086 0.5555284
vt 0.97970086 0.5692932
vt 0.97045785 0.57086897
vt 0.97124964 0.5574416
vt 0.96972936 0.53787816
vt 0.97520685 0.53614765
vt 0.9796891 0.5353028
vt 0.97329926 0.5208717
vt 0.97970086 0.52137196
vt 0.9719458 0.51032764
vt 0.97644234 0.51566637
vt 0.8908898 0.9781365
vt 0.89317477 0.96639335
vt 0.8992164 0.98183763
vt 0.88853276 0.96426773
vt 0.8917265 0.94405806
vt 0.89627624 0.9404267
vt 0.89731175 0.9527116
vt 0.89423025 0.93044186
vt 0.88950396 0.9302615
vt 0.89921653 0.9255698
vt 0.9033563 0.51254517
vt 0.90731734 0.508266
vt 0.9104497 0.52599716
vt 0.912037 0.51291543
vt 0.903958 0.4984324
vt 0.9081699 0.49404728
vt 0.90620834 0.47844243
vt 0.9018271 0.48617554
vt 0.9110868 0.47681051
vt 0.9013533 0.47095323
vt 0.9064798 0.4661681
vt 0.912037 0.46617448
vt 0.036686983 0.64640975
vt 0.049576603 0.6385666
vt 0.054718822 0.65262115
vt 0.04349335 0.6683444
vt 0.056916803 0.6732832
vt 0.05194395 0.6887412
vt 0.060392696 0.68227154
vt 0.038121138 0.6361897
vt 0.032511573 0.66320246
vt 0.07267496 0.6609263
vt 0.026725857 0.69312894
vt 0.02831141 0.6385348
vt 0.040572353 0.7019964
vt 0.07514245 0.67457235
vt 0.018267754 0.64723665
vt 0.019254472 0.6715246
vt 0.021840908 0.6865633
vt 0.013597586 0.65568316
vt 0.014792434 0.6861713
vt 0.010535422 0.6602541
vt 0.0067664306 0.6406622
vt 0.05735253 0.7044378
vt 0.02984221 0.62998575
vt 0.013625126 0.70054424
vt 0.015148245 0.63318723
vt 0.025309782 0.63036484
vt 0.02364732 0.70215064
vt 0.048671488 0.7080721
vt 0.019291995 0.7120309
vt 0.013301648 0.71067494
vt 0.031837597 0.7057632
vt 0.05391256 0.7157216
vt 0.03221949 0.7135855
vt 0.064103685 0.71682775
vt 0.020001044 0.7191061
vt 0.011457128 0.71855605
vt 0.041748527 0.71213585
vt 0.043693185 0.71811354
vt 0.022572841 0.7267926
vt 0.037418213 0.71552783
vt 0.03697729 0.7235377
vt 0.058961242 0.7261632
vt 0.0067663817 0.72868437
vt 0.048100855 0.72845805
vt 0.036685742 0.7332621
vt 0.9552834 0.13723338
vt 0.9474803 0.12525904
vt 0.9636604 0.12542468
vt 0.93762696 0.12816864
vt 0.96681166 0.13360429
vt 0.9714766 0.114316225
vt 0.9846866 0.13141644
vt 0.93978447 0.14452374
vt 0.948003 0.14399105
vt 0.9774545 0.14438993
vt 0.94701296 0.1505683
vt 0.952647 0.14672446
vt 0.941637 0.15826344
vt 0.9474482 0.15461886
vt 0.9652149 0.14659071
vt 0.94960773 0.16366541
vt 0.9587493 0.15008551
vt 0.93340456 0.16470581
vt 0.9415128 0.16772121
vt 0.9625339 0.1568203
vt 0.96448153 0.16003025
vt 0.81517094 0.76901865
vt 0.8087607 0.77029914
vt 0.8087607 0.75961536
vt 0.9820386 0.15994143
vt 0.9606005 0.18011737
vt 0.9593873 0.15667403
vt 0.9543596 0.15992439
vt 0.94541067 0.18237054
vt 0.9582372 0.19023347
vt 0.9846866 0.1733405
vt 0.97638774 0.19041061
vt 0.9635995 0.19693732
vt 0.6771929 0.98856974
vt 0.69408834 0.9875356
vt 0.68127465 0.9946581
vt 0.6606125 0.9875356
vt 0.71568483 0.9877003
vt 0.72400284 0.99173445
vt 0.71767217 0.9960826
vt 0.7014349 0.9926563
vt 0.7030005 0.9875356
vt 0.6927165 0.99039716
vt 0.69355804 0.9957149
vt 0.6883903 0.9960826
vt 0.7727114 0.707903
vt 0.76351416 0.6981016
vt 0.76032764 0.6905271
vt 0.78196555 0.70705515
vt 0.7789009 0.7171423
vt 0.7936676 0.73034596
vt 0.78638554 0.72955966
vt 0.79867154 0.70625275
vt 0.8039177 0.72982484
vt 0.81052834 0.71493936
vt 0.79729426 0.7550604
vt 0.8138086 0.7440542
vt 0.8180515 0.73304224
vt 0.82103056 0.701203
vt 0.80661905 0.75887305
vt 0.83336204 0.71941906
vt 0.828017 0.74637866
vt 0.82155126 0.7573964
vt 0.8311074 0.7036938
vt 0.8248912 0.70869744
vt 0.8322306 0.732266
vt 0.8415164 0.6969574
vt 0.8483845 0.711657
vt 0.8359094 0.75682944
vt 0.83686227 0.74758285
vt 0.8460074 0.7348032
vt 0.83002764 0.76602566
vt 0.8588603 0.74681157
vt 0.8575947 0.699095
vt 0.867579 0.7606341
vt 0.85333097 0.9721217
vt 0.8573238 0.96340847
vt 0.8643162 0.96331906
vt 0.86332124 0.7137735
vt 0.84405386 0.97268826
vt 0.84382415 0.96657604
vt 0.82656693 0.97859585
vt 0.8286424 0.96331906
vt 0.8372041 0.98183763
vt 0.8460024 0.98102486
vt 0.8675025 0.72378814
vt 0.87175983 0.7172387
vt 0.88582444 0.73680896
vt 0.87693346 0.7247938
vt 0.8793874 0.70214254
vt 0.8852956 0.7059609
vt 0.8763499 0.71129125
vt 0.8831764 0.7129286
vt 0.8847572 0.6975401
vt 0.87981 0.6905271
vt 0.89587617 0.6914065
vt 0.89427686 0.69831586
vt 0.89254534 0.71719944
vt 0.89376587 0.754362
vt 0.8945741 0.7260058
vt 0.9078742 0.6972815
vt 0.9011074 0.7218052
vt 0.9007415 0.73219484
vt 0.90662855 0.7474949
vt 0.90931755 0.71189195
vt 0.9048103 0.7243453
vt 0.91617924 0.70405036
vt 0.91702276 0.6917416
vt 0.93767804 0.5896063
vt 0.93759775 0.595647
vt 0.92995983 0.5885844
vt 0.93668604 0.5810467
vt 0.9234212 0.57848454
vt 0.9154608 0.5871931
vt 0.93148786 0.5671607
vt 0.8893626 0.5796848
vt 0.91695327 0.56028306
vt 0.87814176 0.5883792
vt 0.9030415 0.6001613
vt 0.88556975 0.60292023
vt 0.8954073 0.56373924
vt 0.9091192 0.5919557
vt 0.8700525 0.60122395
vt 0.9186784 0.54909354
vt 0.87753636 0.5695731
vt 0.85758513 0.60045576
vt 0.8607449 0.57872105
vt 0.8639121 0.565608
vt 0.90212667 0.5440501
vt 0.8741191 0.55437773
vt 0.8825077 0.54773855
vt 0.90174824 0.53356606
vt 0.8900581 0.54514974
vt 0.86170244 0.548724
vt 0.89087766 0.5371062
vt 0.8504882 0.55358773
vt 0.8523854 0.5705574
vt 0.874245 0.5438676
vt 0.8803543 0.5413777
vt 0.03390545 0.1889621
vt 0.03788891 0.17592031
vt 0.039529916 0.19600236
vt 0.032231316 0.15187484
vt 0.03439815 0.14546275
vt 0.035690524 0.16104257
vt 0.035652973 0.25418204
vt 0.026709402 0.2546296
vt 0.035010707 0.24523383
vt 0.039410055 0.22234493
vt 0.03490581 0.22465676
vt 0.037918348 0.2075187
vt 0.030535543 0.16993248
vt 0.028520351 0.18777621
vt 0.029303752 0.21396983
vt 0.03327468 0.20982003
vt 0.029389579 0.24130535
vt 0.027290137 0.15316755
vt 0.88325655 0.53491515
vt 0.026709402 0.14423078
vt 0.88053083 0.5264817
vt 0.8900273 0.5178926
vt 0.86247534 0.5223487
vt 0.8457751 0.527912
vt 0.875722 0.51785415
vt 0.868035 0.51744145
vt 0.8766326 0.51007456
vt 0.35684466 0.9828072
vt 0.3390239 0.9839002
vt 0.3325885 0.9751447
vt 0.37756813 0.97941005
vt 0.37692392 0.98397434
vt 0.8886509 0.4985112
vt 0.41574094 0.97699016
vt 0.4240222 0.9813588
vt 0.39618477 0.9823858
vt 0.84366095 0.50922346
vt 0.8672591 0.5096853
vt 0.31659544 0.9767956
vt 0.3170563 0.9720722
vt 0.43796515 0.97338617
vt 0.43900704 0.9778625
vt 0.35537523 0.9780728
vt 0.3975396 0.9767052
vt 0.3360522 0.9681272
vt 0.35838735 0.9737206
vt 0.41914034 0.9700825
vt 0.4013545 0.96991783
vt 0.8686555 0.4994396
vt 0.38157183 0.9736774
vt 0.4483618 0.96710986
vt 0.43714875 0.96688044
vt 0.44790763 0.976466
vt 0.32001114 0.9668803
vt 0.88900965 0.48018885
vt 0.90024734 0.47395563
vt 0.91257656 0.44045854
vt 0.9111417 0.42565286
vt 0.9236951 0.41558647
vt 0.8971774 0.44523728
vt 0.9098048 0.46037376
vt 0.8935293 0.4605682
vt 0.87701017 0.49001116
vt 0.92813677 0.35292023
vt 0.937678 0.3541454
vt 0.9360404 0.3661462
vt 0.9243123 0.39933538
vt 0.9324184 0.38574338
vt 0.9312685 0.3994565
vt 0.9154779 0.4091506
vt 0.9216578 0.3793677
vt 0.9261827 0.36138618
vt 0.91438335 0.3932423
vt 0.8997373 0.423653
vt 0.8798233 0.4652791
vt 0.87282884 0.47954053
vt 0.88549656 0.43884242
vt 0.908076 0.40719533
vt 0.95632535 0.74099696
vt 0.9648089 0.74591047
vt 0.9592774 0.7532051
vt 0.9477751 0.7428638
vt 0.96551436 0.7313646
vt 0.9426312 0.7334215
vt 0.9598311 0.73168963
vt 0.93078876 0.7362042
vt 0.9544391 0.7257124
vt 0.96873426 0.7221706
vt 0.93342316 0.7214626
vt 0.9442556 0.7195488
vt 0.96447086 0.70932585
vt 0.97467536 0.70718217
vt 0.9435071 0.7079181
vt 0.95136714 0.69949627
vt 0.9213437 0.72246134
vt 0.9264962 0.70814353
vt 0.9670989 0.6978965
vt 0.97286206 0.6979142
vt 0.9377704 0.69715095
vt 0.9603124 0.6912886
vt 0.88347113 0.6819801
vt 0.8928399 0.67748356
vt 0.8821226 0.6716274
vt 0.9233897 0.69806206
vt 0.9773198 0.6929687
vt 0.97075963 0.6893565
vt 0.9361136 0.6827908
vt 0.97488683 0.6855632
vt 0.882721 0.6542153
vt 0.9188437 0.682435
vt 0.9611035 0.6806412
vt 0.89707977 0.66652924
vt 0.9749755 0.67613435
vt 0.9464415 0.66688263
vt 0.96586585 0.66792876
vt 0.8865472 0.94480056
vt 0.8841792 0.9516511
vt 0.8751179 0.9567446
vt 0.9247954 0.6661117
vt 0.8821225 0.62856126
vt 0.8856178 0.96593446
vt 0.88853276 0.98183763
vt 0.87528795 0.97984964
vt 0.88853276 0.9557609
vt 0.8793788 0.9610988
vt 0.8770121 0.9689251
vt 0.95714897 0.659539
vt 0.8690472 0.9683068
vt 0.8636658 0.9781479
vt 0.8663827 0.96267325
vt 0.9477386 0.65791595
vt 0.86217946 0.9709197
vt 0.91459936 0.6587894
vt 0.93826365 0.65334386
vt 0.9728828 0.6424554
vt 0.9790719 0.6464446
vt 0.96266735 0.64736885
vt 0.9493003 0.6490993
vt 0.98251987 0.6356665
vt 0.9341168 0.45161957
vt 0.93590784 0.42630148
vt 0.9385046 0.44927716
vt 0.94206005 0.40238142
vt 0.9363697 0.40292668
vt 0.93784195 0.38782048
vt 0.942764 0.4727894
vt 0.93991387 0.49109685
vt 0.93702495 0.47183084
vt 0.94622505 0.390154
vt 0.9411201 0.43189657
vt 0.946225 0.48861492
vt 0.963104 0.64457315
vt 0.96899796 0.63334894
vt 0.956385 0.64834577
vt 0.95410746 0.6390529
vt 0.9432413 0.6386701
vt 0.9266771 0.64016247
vt 0.9832621 0.6190231
vt 0.9503784 0.6330049
vt 0.9693592 0.61844087
vt 0.93304366 0.62721956
vt 0.94358784 0.62984717
vt 0.9119737 0.6323912
vt 0.9552318 0.62603605
vt 0.7104701 0.84223646
vt 0.7165013 0.8426832
vt 0.71294296 0.85363245
vt 0.94445056 0.62719214
vt 0.97964644 0.60719377
vt 0.95092165 0.6223752
vt 0.71893895 0.85363245
vt 0.7247151 0.8469566
vt 0.9584006 0.61187965
vt 0.9353642 0.6134896
vt 0.97488934 0.80295515
vt 0.9687189 0.77918106
vt 0.975378 0.77501434
vt 0.90633905 0.61917675
vt 0.9723255 0.8671244
vt 0.9660514 0.85479945
vt 0.97519106 0.85321444
vt 0.96648675 0.82618994
vt 0.9754273 0.8324364
vt 0.9717936 0.76671225
vt 0.96583813 0.80015767
vt 0.957899 0.8610212
vt 0.9544458 0.87824756
vt 0.95853716 0.78519136
vt 0.958011 0.84218854
vt 0.95731014 0.76348823
vt 0.9230006 0.6071937
vt 0.93151605 0.88283473
vt 0.9368753 0.8683813
vt 0.95708805 0.8187995
vt 0.9567274 0.7714596
vt 0.95772135 0.8027696
vt 0.91830856 0.8788268
vt 0.9437398 0.81779754
vt 0.9443092 0.7947665
vt 0.9458026 0.8463213
vt 0.94118166 0.77467483
vt 0.9392425 0.7628553
vt 0.9255478 0.8427319
vt 0.9272325 0.78352046
vt 0.9217277 0.76576316
vt 0.9183041 0.80319464
vt 0.91422564 0.8680979
vt 0.9051684 0.81592065
vt 0.9029029 0.83361214
vt 0.9076418 0.7708215
vt 0.90435284 0.7853736
vt 0.90031445 0.87619364
vt 0.89172214 0.8554537
vt 0.8981125 0.76318175
vt 0.8882207 0.79872936
vt 0.88211113 0.7740372
vt 0.87883157 0.87222975
vt 0.8802496 0.82335824
vt 0.8720936 0.8334787
vt 0.8809727 0.7624644
vt 0.87133694 0.7646354
vt 0.8689482 0.80921924
vt 0.8697621 0.78916353
vt 0.8706496 0.8504476
vt 0.86858976 0.86385405
vt 0.86858976 0.771204
vt 0.85777175 0.44559443
vt 0.87000096 0.44308078
vt 0.868775 0.44839174
vt 0.872151 0.45174867
vt 0.85400563 0.44056654
vt 0.8622405 0.45851678
vt 0.8523808 0.4535913
vt 0.83541733 0.44730532
vt 0.8683201 0.4660592
vt 0.85000044 0.4668013
vt 0.8157578 0.44341123
vt 0.8057056 0.42770654
vt 0.8235908 0.43386787
vt 0.8253613 0.461015
vt 0.81371325 0.45498997
vt 0.7978165 0.4360788
vt 0.799564 0.45111072
vt 0.862777 0.4758637
vt 0.83642995 0.48324776
vt 0.8001641 0.47401404
vt 0.8527698 0.4871055
vt 0.7841348 0.43913895
vt 0.794731 0.4617164
vt 0.8200722 0.48471987
vt 0.78602445 0.47436488
vt 0.829228 0.48914713
vt 0.8047828 0.49150503
vt 0.83385885 0.4962356
vt 0.82437605 0.4920299
vt 0.82277364 0.5000951
vt 0.7909897 0.49056756
vt 0.8320891 0.502666
vt 0.8358795 0.51344717
vt 0.83020455 0.5183536
vt 0.81023943 0.5113276
vt 0.7855154 0.5177191
vt 0.84143406 0.53576267
vt 0.82277703 0.5221808
vt 0.830889 0.5324714
vt 0.8152549 0.52232707
vt 0.80272996 0.5272102
vt 0.82424307 0.5325786
vt 0.8327246 0.5442426
vt 0.81373096 0.53063095
vt 0.4303321 0.9648564
vt 0.4100087 0.9683049
vt 0.43013144 0.95869154
vt 0.31843403 0.9656132
vt 0.31146318 0.95865023
vt 0.33218685 0.96355146
vt 0.30716285 0.9616976
vt 0.38142923 0.9624437
vt 0.39181677 0.96589726
vt 0.36421594 0.9653066
vt 0.41399398 0.9609722
vt 0.81739706 0.5365142
vt 0.8469271 0.5512648
vt 0.8373631 0.5543068
vt 0.3468547 0.9597561
vt 0.3267947 0.9581672
vt 0.37111434 0.9592645
vt 0.3970648 0.95861363
vt 0.30377492 0.9550948
vt 0.318429 0.95199984
vt 0.33445737 0.95341635
vt 0.41672406 0.9545603
vt 0.43482906 0.9504986
vt 0.3523827 0.95465636
vt 0.30934486 0.9504986
vt 0.8470084 0.56796396
vt 0.85113543 0.5865358
vt 0.83986855 0.59254783
vt 0.82394296 0.54618096
vt 0.78126746 0.5367686
vt 0.8584102 0.60900635
vt 0.84781355 0.6065169
vt 0.83188903 0.5696127
vt 0.8025251 0.54175335
vt 0.7943726 0.58995235
vt 0.8035528 0.5939174
vt 0.7948738 0.6010649
vt 0.866722 0.63325566
vt 0.87102234 0.646226
vt 0.8646392 0.6462028
vt 0.85556996 0.6279668
vt 0.80365527 0.59896815
vt 0.8122892 0.59847075
vt 0.86406016 0.6810092
vt 0.8709218 0.67029953
vt 0.872151 0.686485
vt 0.8642171 0.6886132
vt 0.80885243 0.60155684
vt 0.7541942 0.5412753
vt 0.76487577 0.54770976
vt 0.86459404 0.6665379
vt 0.80641484 0.608376
vt 0.81813174 0.6140548
vt 0.8103522 0.6159126
vt 0.79961497 0.6003245
vt 0.78727746 0.5963974
vt 0.8105818 0.5571144
vt 0.81707656 0.5910214
vt 0.81477827 0.6058539
vt 0.8005553 0.6163741
vt 0.781986 0.54957956
vt 0.8259527 0.5561153
vt 0.8173017 0.5998335
vt 0.8185997 0.6182642
vt 0.813712 0.6212968
vt 0.8055938 0.6214239
vt 0.80499226 0.5863942
vt 0.7866091 0.5759437
vt 0.7918642 0.61694
vt 0.80157506 0.6292184
vt 0.789794 0.6253069
vt 0.84957033 0.63645416
vt 0.79891986 0.6091822
vt 0.837833 0.6054083
vt 0.82939976 0.59151655
vt 0.8247161 0.60847706
vt 0.743687 0.54899824
vt 0.74825525 0.5593884
vt 0.8536477 0.6593272
vt 0.7887746 0.61152947
vt 0.76568866 0.55928624
vt 0.79182005 0.56881475
vt 0.79287344 0.63640416
vt 0.78115755 0.62338734
vt 0.85542834 0.67701674
vt 0.8552077 0.68623537
vt 0.8128123 0.5741372
vt 0.8548805 0.6909616
vt 0.84302175 0.6205361
vt 0.828727 0.6167367
vt 0.8141629 0.62603205
vt 0.7791664 0.60208166
vt 0.79496056 0.6898462
vt 0.7778683 0.69408834
vt 0.7700982 0.6880671
vt 0.74352056 0.6012714
vt 0.7438102 0.57447636
vt 0.75772136 0.59186774
vt 0.780305 0.5836132
vt 0.7658228 0.57098526
vt 0.7427825 0.6250754
vt 0.7313081 0.61763555
vt 0.84611344 0.6870206
vt 0.7722196 0.6419489
vt 0.7308045 0.6940707
vt 0.7292113 0.686803
vt 0.74653465 0.69089806
vt 0.84367734 0.67708635
vt 0.8338796 0.65542346
vt 0.82789737 0.63117635
vt 0.82413256 0.6880315
vt 0.8265402 0.6778056
vt 0.8041696 0.68008125
vt 0.8064856 0.66632265
vt 0.80321 0.6486858
vt 0.7990046 0.62434775
vt 0.77961785 0.66205853
vt 0.776744 0.6803244
vt 0.75235826 0.6650224
vt 0.74813044 0.6815568
vt 0.7409309 0.6479021
vt 0.7306908 0.66769755
vt 0.7248559 0.6346022
vt 0.72111344 0.6490883
vt 0.71657187 0.6904674
vt 0.7161681 0.68187666
vt 0.71687216 0.6637105
vt 0.82419026 0.3865465
vt 0.8244424 0.40064102
vt 0.8272045 0.39764726
vt 0.81929743 0.38148904
vt 0.8273016 0.38327444
vt 0.8214068 0.37568408
vt 0.81542236 0.36889565
vt 0.8225272 0.36695397
vt 0.81911284 0.3628494
vt 0.82352275 0.34962863
vt 0.8108974 0.34980738
vt 0.8189007 0.34371167
vt 0.8279914 0.34049743
vt 0.8271312 0.335114
vt 0.8108974 0.33964717
vt 0.8180199 0.75747865
vt 0.8087607 0.75747865
vt 0.8141773 0.7624644
vt 0.9960826 0.4329568
vt 0.99125344 0.42355323
vt 0.9880418 0.43554127
vt 0.98254985 0.38449955
vt 0.98744357 0.36995685
vt 0.9835283 0.36914283
vt 0.98587716 0.39233434
vt 0.98660946 0.41090107
vt 0.98289543 0.40789717
vt 0.990928 0.39535463
vt 0.9861649 0.42386484
vt 0.9871003 0.335114
vt 0.9854966 0.3479687
vt 0.9925379 0.33876443
vt 0.9900065 0.34615165
vt 0.99285305 0.3623001
vt 0.9960826 0.33954644
vt 0.9940869 0.41813982
vt 0.5777634 0.8431751
vt 0.57633793 0.8274722
vt 0.580252 0.8390266
vt 0.57789814 0.7901917
vt 0.5750399 0.80281717
vt 0.5730057 0.77848715
vt 0.57845515 0.7726465
vt 0.57659763 0.7605704
vt 0.57948697 0.8108931
vt 0.58135337 0.82520485
vt 0.5871482 0.8472222
vt 0.5769956 0.75508636
vt 0.5822186 0.76346636
vt 0.5834574 0.7866404
vt 0.58369565 0.7518648
vt 0.5854469 0.8327936
vt 0.5841645 0.81066483
vt 0.5893875 0.8349731
vt 0.5881184 0.7549219
vt 0.5884119 0.7706215
vt 0.5893875 0.7467949
vt 0.9264375 0.4598241
vt 0.9307684 0.46164274
vt 0.9260436 0.47926265
vt 0.9326923 0.45641804
vt 0.92518324 0.45434403
vt 0.9201881 0.46338606
vt 0.9326923 0.54343003
vt 0.9249991 0.5291159
vt 0.93080324 0.5276145
vt 0.92088723 0.47715676
vt 0.9278923 0.5032723
vt 0.92544305 0.51593125
vt 0.9220177 0.49924153
vt 0.92649525 0.5480769
vt 0.92057216 0.51943785
vt 0.92044216 0.54074866
vt 0.91706663 0.49551892
vt 0.9155983 0.50619286
vt 0.9182698 0.44907403
vt 0.98885137 0.31751323
vt 0.9861376 0.2954774
vt 0.9846866 0.32287478
vt 0.9846867 0.24122465
vt 0.9857716 0.26335502
vt 0.98873186 0.2519815
vt 0.99179614 0.30029917
vt 0.99326885 0.27858746
vt 0.99113667 0.23539889
vt 0.98537755 0.33191895
vt 0.9942547 0.3372507
vt 0.99397814 0.24801815
vt 0.9947212 0.32087743
vt 0.9960826 0.29653382
vt 0.25071967 0.97274625
vt 0.25751692 0.9791129
vt 0.23770075 0.97945565
vt 0.27128923 0.9787544
vt 0.2700733 0.9744347
vt 0.2921443 0.9795536
vt 0.22691612 0.9768603
vt 0.22657007 0.9826857
vt 0.20519294 0.9823948
vt 0.20486683 0.97626984
vt 0.304372 0.97493035
vt 0.31026605 0.98125064
vt 0.30367938 0.9846866
vt 0.1893165 0.97774345
vt 0.18951724 0.9846866
vt 0.28415996 0.9729941
vt 0.19395107 0.9724079
vt 0.28093532 0.9833251
vt 0.22604348 0.9720338
vt 0.20747912 0.9685117
vt 0.18198006 0.96904546
vt 0.266936 0.96702486
vt 0.23945785 0.9668803
vt 0.3158832 0.9744054
vt 0.4619881 0.9721661
vt 0.45200285 0.97426975
vt 0.4509323 0.96688044
vt 0.5538692 0.9741705
vt 0.5557209 0.9668803
vt 0.57222825 0.96943676
vt 0.4555585 0.97707504
vt 0.47923517 0.9708171
vt 0.4941741 0.97570086
vt 0.4704515 0.9798787
vt 0.527474 0.97051257
vt 0.5175918 0.9790214
vt 0.5375126 0.9814679
vt 0.5772792 0.9759418
vt 0.49815106 0.98301464
vt 0.4552668 0.9816552
vt 0.44622508 0.98090714
vt 0.49841794 0.9697795
vt 0.5174834 0.98397434
vt 0.9822772 0.7510514
vt 0.9768519 0.759051
vt 0.9773338 0.7394283
vt 0.9842691 0.68625355
vt 0.9805351 0.693258
vt 0.9768519 0.6868547
vt 0.98002654 0.7158779
vt 0.9841343 0.72712874
vt 0.98498 0.70328474
vt 0.9797174 0.77011144
vt 0.98829794 0.68744195
vt 0.9857456 0.7694907
vt 0.98007834 0.79135495
vt 0.98698205 0.78739536
vt 0.98708975 0.8036459
vt 0.9811475 0.80711377
vt 0.9879702 0.8130342
vt 0.9880025 0.7505667
vt 0.98913455 0.7250293
vt 0.98967236 0.7055037
vt 0.8187322 0.9752241
vt 0.81641984 0.98397434
vt 0.8006272 0.97855675
vt 0.70789915 0.98397434
vt 0.70849556 0.97736925
vt 0.72476846 0.9800103
vt 0.7259364 0.97620666
vt 0.7433847 0.97499174
vt 0.6962513 0.98064274
vt 0.70165765 0.97429264
vt 0.8029442 0.97213024
vt 0.73735493 0.97098404
vt 0.772463 0.97442186
vt 0.6905271 0.9743434
vt 0.7195938 0.9709372
vt 0.7572397 0.968075
vt 0.7804134 0.9675926
vt 0.8101852 0.7852564
vt 0.81374645 0.7763501
vt 0.8101852 0.7710114
vt 0.6513716 0.0068389773
vt 0.66501856 0.00035613775
vt 0.68780035 0.0057269335
vt 0.5698158 0.023671806
vt 0.5623548 0.006865382
vt 0.5766042 0.0065079927
vt 0.59466803 0.006031275
vt 0.5855217 0.014287472
vt 0.62202567 0.006565571
vt 0.6239433 0.022802949
vt 0.68186766 0.02069074
vt 0.7130963 0.0045681
vt 0.72240305 0.014913619
vt 0.72709745 0.005631566
vt 0.5611833 0.016095757
vt 0.7375356 0.015024364
vt 0.72961193 0.027599096
vt 0.704601 0.029774487
vt 0.7238096 0.042851686
vt 0.5765398 0.047373354
vt 0.608416 0.05427903
vt 0.5615849 0.04140389
vt 0.73736995 0.0359779
vt 0.70931077 0.06740993
vt 0.7371026 0.06084299
vt 0.56608045 0.06924796
vt 0.6659256 0.07724357
vt 0.72537684 0.079824924
vt 0.57892025 0.073473394
vt 0.5892676 0.07400668
vt 0.59592354 0.08602595
vt 0.6267032 0.093270004
vt 0.7368033 0.0914253
vt 0.5791164 0.08075166
vt 0.5744094 0.084329784
vt 0.58686304 0.08118081
vt 0.71970606 0.08675802
vt 0.5831202 0.08920866
vt 0.70397455 0.09080756
vt 0.56908536 0.101466596
vt 0.5608974 0.088932216
vt 0.7182701 0.096120775
vt 0.57928145 0.09986848
vt 0.7244989 0.1051079
vt 0.68655676 0.1213572
vt 0.6086529 0.1161024
vt 0.7323665 0.11449927
vt 0.7195453 0.11919826
vt 0.65054893 0.1163882
vt 0.63000494 0.11184335
vt 0.5738595 0.1224643
vt 0.6660789 0.1281426
vt 0.5865942 0.13329285
vt 0.7269474 0.14027852
vt 0.635953 0.13683403
vt 0.6165533 0.15071267
vt 0.5718297 0.14948356
vt 0.69365394 0.16340387
vt 0.65923893 0.1568296
vt 0.59364164 0.16905814
vt 0.5789945 0.17353868
vt 0.7198198 0.16470039
vt 0.72854924 0.16877627
vt 0.7224982 0.17040038
vt 0.65273726 0.17385536
vt 0.70615095 0.18697321
vt 0.721948 0.18681824
vt 0.5695216 0.1750089
vt 0.5840194 0.18054318
vt 0.62226105 0.19524539
vt 0.71379876 0.18680263
vt 0.72770137 0.19420952
vt 0.59059876 0.193026
vt 0.56978446 0.19593477
vt 0.5761887 0.19593793
vt 0.6578655 0.19267404
vt 0.582454 0.20290858
vt 0.6844536 0.20218658
vt 0.7191166 0.20341688
vt 0.59503365 0.21482015
vt 0.57602227 0.21244502
vt 0.6585304 0.21675825
vt 0.7213688 0.22147882
vt 0.7120619 0.22275329
vt 0.5718259 0.22157156
vt 0.7294928 0.21568513
vt 0.6966298 0.22173679
vt 0.6129033 0.2332862
vt 0.5863803 0.22978419
vt 0.68014336 0.23343909
vt 0.57886106 0.228262
vt 0.723232 0.2336067
vt 0.73158836 0.23601484
vt 0.7096851 0.24204254
vt 0.66009325 0.24618536
vt 0.57993025 0.24168062
vt 0.7241706 0.24542046
vt 0.6418223 0.2488401
vt 0.59588706 0.25237942
vt 0.69072396 0.25340384
vt 0.6256651 0.26158166
vt 0.58121645 0.2556708
vt 0.7282152 0.25839037
vt 0.7231501 0.26534677
vt 0.7043112 0.2673214
vt 0.5994577 0.274145
vt 0.68119866 0.27489054
vt 0.6430362 0.274148
vt 0.582882 0.27379084
vt 0.66321534 0.2866037
vt 0.7065629 0.28743565
vt 0.59174603 0.2918877
vt 0.6171669 0.28878546
vt 0.7242633 0.28680634
vt 0.57528615 0.28073198
vt 0.5822628 0.29976624
vt 0.69052774 0.29672658
vt 0.6470736 0.2974367
vt 0.7204115 0.30977952
vt 0.6087188 0.3076911
vt 0.6285177 0.3097018
vt 0.6676336 0.30752522
vt 0.73505664 0.31349117
vt 0.71046865 0.32038617
vt 0.64977026 0.3189137
vt 0.58545256 0.32312405
vt 0.5985465 0.32051706
vt 0.72916067 0.3227222
vt 0.57282525 0.31404865
vt 0.6938358 0.32698798
vt 0.5747172 0.3259312
vt 0.6123201 0.33298254
vt 0.66981006 0.32666206
vt 0.6327914 0.33376276
vt 0.72159815 0.33032072
vt 0.59560835 0.34099758
vt 0.65783244 0.3404261
vt 0.5826694 0.34032786
vt 0.7248946 0.34397864
vt 0.68188334 0.34374833
vt 0.7040556 0.3442415
vt 0.7143946 0.3404417
vt 0.587179 0.34307504
vt 0.71964794 0.34394133
vt 0.7302492 0.34208137
vt 0.57844955 0.34939432
vt 0.5695618 0.33140862
vt 0.6163518 0.34956074
vt 0.71095186 0.3566593
vt 0.58840716 0.3591404
vt 0.64186305 0.355955
vt 0.727324 0.35170674
vt 0.73097235 0.35682833
vt 0.599921 0.36147386
vt 0.5816701 0.35914594
vt 0.6694109 0.35808456
vt 0.7195397 0.3617332
vt 0.72558707 0.36362183
vt 0.6920693 0.3640691
vt 0.5742293 0.36113298
vt 0.6131003 0.3695773
vt 0.5830789 0.37119865
vt 0.651646 0.37972313
vt 0.593919 0.37117898
vt 0.5880214 0.36792243
vt 0.710795 0.3731807
vt 0.7221353 0.37726283
vt 0.7301166 0.37539113
vt 0.5762685 0.38471603
vt 0.7066807 0.38971412
vt 0.68102485 0.38269532
vt 0.60417265 0.38089836
vt 0.58821493 0.3813461
vt 0.62383455 0.38868058
vt 0.7216182 0.39654982
vt 0.58724535 0.391428
vt 0.60407406 0.3993814
vt 0.7354406 0.3973589
vt 0.6301886 0.40796852
vt 0.6877698 0.40106237
vt 0.58636063 0.4077989
vt 0.65928715 0.4059683
vt 0.57220167 0.39851183
vt 0.7288214 0.4106629
vt 0.5784918 0.41757405
vt 0.70619214 0.41405863
vt 0.59460217 0.4184941
vt 0.64869535 0.42369664
vt 0.7217153 0.41829312
vt 0.6099097 0.4235772
vt 0.6905428 0.42872202
vt 0.67047113 0.42590952
vt 0.58632624 0.42899394
vt 0.71975857 0.43052793
vt 0.7310679 0.4323387
vt 0.5945196 0.43169463
vt 0.62809587 0.4396783
vt 0.70500445 0.4353606
vt 0.6054762 0.44211018
vt 0.65261996 0.4404239
vt 0.5855655 0.4419706
vt 0.7245651 0.44055688
vt 0.7174852 0.43602526
vt 0.59199506 0.44013476
vt 0.7011562 0.45202053
vt 0.7103129 0.4448712
vt 0.71958923 0.44459367
vt 0.6777092 0.452734
vt 0.5897556 0.450561
vt 0.7300584 0.45332873
vt 0.5979578 0.45681924
vt 0.658567 0.45958424
vt 0.724156 0.45422375
vt 0.7182219 0.45513445
vt 0.63605046 0.46407998
vt 0.61065257 0.4641949
vt 0.5850353 0.45708472
vt 0.5901644 0.46149635
vt 0.7232162 0.4640894
vt 0.7129587 0.4697039
vt 0.59269834 0.4713217
vt 0.7322883 0.46458972
vt 0.58648545 0.47289926
vt 0.6192314 0.48133326
vt 0.69782937 0.47704482
vt 0.7225349 0.4714129
vt 0.6500332 0.4787693
vt 0.67682177 0.4745202
vt 0.72137165 0.48382986
vt 0.7311125 0.4827947
vt 0.5804529 0.49248588
vt 0.5910549 0.48717684
vt 0.7138998 0.4892274
vt 0.67036235 0.49294794
vt 0.6389228 0.50211114
vt 0.60198414 0.49835747
vt 0.70429665 0.4980718
vt 0.7203624 0.49199522
vt 0.71914876 0.49792302
vt 0.7252376 0.49876302
vt 0.5890633 0.50307
vt 0.68855 0.5014542
vt 0.7148547 0.50364274
vt 0.7333192 0.5057601
vt 0.616286 0.5112986
vt 0.59933835 0.50815135
vt 0.59181744 0.5068457
vt 0.7198551 0.50730884
vt 0.6751887 0.51920956
vt 0.7260669 0.5149383
vt 0.5835456 0.5144558
vt 0.5766307 0.51554316
vt 0.6955811 0.51627773
vt 0.58813345 0.5189512
vt 0.5966517 0.51696527
vt 0.6340272 0.52331704
vt 0.65543926 0.5179354
vt 0.5923784 0.51726955
vt 0.7131905 0.5213216
vt 0.6047032 0.5257366
vt 0.5910571 0.5237675
vt 0.73499256 0.5290427
vt 0.6639023 0.5345691
vt 0.7284378 0.5265504
vt 0.621275 0.53575444
vt 0.59041333 0.5324848
vt 0.6901204 0.53462404
vt 0.7217494 0.5314574
vt 0.5788692 0.53643894
vt 0.7107747 0.53705066
vt 0.729183 0.5381033
vt 0.6405315 0.54546016
vt 0.5992543 0.5375922
vt 0.5835045 0.54638386
vt 0.7215739 0.5428813
vt 0.70521134 0.5509313
vt 0.5916485 0.550583
vt 0.73418313 0.55153173
vt 0.6039219 0.5534181
vt 0.57696575 0.553805
vt 0.6803503 0.55683887
vt 0.65641576 0.5589909
vt 0.6364252 0.56088585
vt 0.7291242 0.5582999
vt 0.72078556 0.5586097
vt 0.5846239 0.5634333
vt 0.5930631 0.5666908
vt 0.61518514 0.5643112
vt 0.57763016 0.5679212
vt 0.70482475 0.5676661
vt 0.7319766 0.5676582
vt 0.7218741 0.56758505
vt 0.6834829 0.5697421
vt 0.58445346 0.5717512
vt 0.63294005 0.5701675
vt 0.61056435 0.57235724
vt 0.6615908 0.56892264
vt 0.6503981 0.5765483
vt 0.6666749 0.57281595
vt 0.72499967 0.5730926
vt 0.5936035 0.5738033
vt 0.69610524 0.5754111
vt 0.71090937 0.57231873
vt 0.6225153 0.5781631
vt 0.6739891 0.57839173
vt 0.6011611 0.5787037
vt 0.7354406 0.3973589
vt 0.7364291 0.4190123
vt 0.7288214 0.4106629
vt 0.7310679 0.4323387
vt 0.7375356 0.4337377
vt 0.7300584 0.45332873
vt 0.589223 0.61670864
vt 0.596068 0.6301074
vt 0.58653843 0.63363045
vt 0.5933932 0.6479021
vt 0.5866829 0.6555428
vt 0.58972424 0.66905427
vt 0.66323096 0.5950953
vt 0.64555377 0.5798074
vt 0.65933335 0.57656693
vt 0.6412234 0.6064628
vt 0.62288284 0.59878856
vt 0.67977375 0.59975934
vt 0.6771638 0.61062205
vt 0.61831635 0.6079522
vt 0.69473857 0.610165
vt 0.68799543 0.6248851
vt 0.66001403 0.61859626
vt 0.6236194 0.62860644
vt 0.70329016 0.62102973
vt 0.7084768 0.612618
vt 0.6051225 0.6158013
vt 0.596068 0.6301074
vt 0.589223 0.61670864
vt 0.6465805 0.632449
vt 0.607242 0.6483659
vt 0.69828564 0.63496846
vt 0.7118946 0.6311618
vt 0.66867954 0.64113086
vt 0.6914915 0.64750904
vt 0.62539506 0.65358305
vt 0.5933932 0.6479021
vt 0.6489906 0.65457994
vt 0.70680285 0.65585625
vt 0.6768639 0.66410553
vt 0.6993391 0.66695464
vt 0.5978881 0.6763891
vt 0.58972424 0.66905427
vt 0.6116453 0.67500824
vt 0.63529223 0.6844342
vt 0.7101329 0.6836633
vt 0.65661347 0.6791536
vt 0.69807947 0.68244374
vt 0.6816125 0.68752915
vt 0.5904113 0.69156754
vt 0.664761 0.7000135
vt 0.6071037 0.69244885
vt 0.61819917 0.70046854
vt 0.6971086 0.70011055
vt 0.70924836 0.6996419
vt 0.63279897 0.71198267
vt 0.5995652 0.7090617
vt 0.6089018 0.7093242
vt 0.5866627 0.70630115
vt 0.6851164 0.7143088
vt 0.69542503 0.7197083
vt 0.6509275 0.71389425
vt 0.5927565 0.7230137
vt 0.7118946 0.71960247
vt 0.61797273 0.7247542
vt 0.6064937 0.7302814
vt 0.6696204 0.7281991
vt 0.70625293 0.73471564
vt 0.6429006 0.72852933
vt 0.6912478 0.74004143
vt 0.59883446 0.74026203
vt 0.64094734 0.7452442
vt 0.6227769 0.74179626
vt 0.66778755 0.7440875
vt 0.5897985 0.74347454
vt 0.6096828 0.7510808
vt 0.59418833 0.76176715
vt 0.711396 0.75395936
vt 0.6972158 0.764282
vt 0.6817629 0.7583819
vt 0.65747875 0.7661919
vt 0.62904924 0.76191896
vt 0.6065833 0.7669812
vt 0.7116631 0.7728012
vt 0.66814697 0.7821024
vt 0.6214933 0.78017634
vt 0.5968755 0.7852954
vt 0.68539244 0.7858627
vt 0.7001411 0.7874797
vt 0.5891373 0.78655374
vt 0.6441526 0.79320765
vt 0.6076418 0.7847019
vt 0.70879835 0.7988283
vt 0.60698587 0.8047215
vt 0.6942826 0.80145943
vt 0.6213575 0.8160178
vt 0.59063727 0.8080267
vt 0.67566955 0.8024927
vt 0.68643403 0.8160745
vt 0.67074764 0.82551646
vt 0.7012389 0.8237631
vt 0.71187556 0.82016194
vt 0.64489 0.8243368
vt 0.6027252 0.82785076
vt 0.5910452 0.8270912
vt 0.70842755 0.83913654
vt 0.69206214 0.84235245
vt 0.6033247 0.8496445
vt 0.6325829 0.8540954
vt 0.67413074 0.8493645
vt 0.59163517 0.84452
vt 0.70008713 0.86046946
vt 0.58927155 0.86218995
vt 0.65869117 0.86278766
vt 0.7105656 0.86170214
vt 0.5979951 0.8693696
vt 0.6798226 0.8733983
vt 0.60812014 0.87987745
vt 0.6972047 0.87474066
vt 0.65999144 0.88472164
vt 0.7071639 0.8841587
vt 0.62269735 0.9035398
vt 0.68998694 0.889976
vt 0.58786404 0.8768711
vt 0.5920342 0.8924545
vt 0.59990317 0.90406245
vt 0.7007105 0.908333
vt 0.6658476 0.9063315
vt 0.71066314 0.89625394
vt 0.6888196 0.91418004
vt 0.7099242 0.91060054
vt 0.70933187 0.9281957
vt 0.6697387 0.92640084
vt 0.59762794 0.93166786
vt 0.591643 0.91823095
vt 0.61099464 0.93356854
vt 0.6932221 0.93066543
vt 0.635016 0.93725014
vt 0.58947724 0.93287724
vt 0.6577418 0.94258755
vt 0.6765488 0.9433529
vt 0.706677 0.9402191
vt 0.5931595 0.94062436
vt 0.6939069 0.94278884
vt 0.60623115 0.94515485
vt 0.6432357 0.94457835
vt 0.6244202 0.9453904
vt 0.710887 0.9462606
vt 0.69589686 0.9506537
vt 0.6376101 0.9528191
vt 0.620575 0.9519989
vt 0.67813414 0.9516659
vt 0.6610469 0.95477206
vt 0.6108512 0.9537634
vt 0.96427894 0.45560157
vt 0.9717714 0.46121228
vt 0.960744 0.46146345
vt 0.9773276 0.45334756
vt 0.9456448 0.5841184
vt 0.94778025 0.5989683
vt 0.9437047 0.590908
vt 0.93847543 0.5793912
vt 0.9362823 0.5449655
vt 0.94373906 0.5181307
vt 0.94649535 0.54042494
vt 0.9632248 0.6012945
vt 0.95709664 0.47564554
vt 0.960744 0.46146345
vt 0.9660286 0.4728477
vt 0.95418483 0.516303
vt 0.96501905 0.49127048
vt 0.9540851 0.5007091
vt 0.9717714 0.46121228
vt 0.93923 0.5691285
vt 0.9326923 0.55989325
vt 0.959634 0.588295
vt 0.9505547 0.5615714
vt 0.9548093 0.57373
vt 0.96773785 0.5063587
vt 0.979125 0.46782118
vt 0.9630315 0.53175414
vt 0.9747699 0.48631787
vt 0.97039145 0.5868085
vt 0.9773276 0.45334756
vt 0.983262 0.46158552
vt 0.9832621 0.5976175
vt 0.9568897 0.5486833
vt 0.9331511 0.60292023
vn -0.99988616 0.015050764 0.0010923526
vn -0.99999356 0.00093504315 0.0034619381
vn -0.9995415 0.0279543 0.011631411
vn -0.99929374 0.032319296 -0.019169308
vn -0.93632925 0.0372397 0.34914288
vn -0.9870705 0.081377186 0.13809273
vn -0.9706582 -0.18113424 0.15815505
vn -0.9899433 -0.13992207 0.020834178
vn -0.9996765 -0.025303198 -0.002570057
vn -0.9070942 -0.4208 -0.010366908
vn -0.98632 -0.16476639 0.004991766
vn -0.99999726 0.0022942687 0.00042435637
vn -0.999947 -0.0064719305 0.00800607
vn -0.7966504 -0.6036267 0.03135075
vn -0.95027184 -0.3114083 -0.0028826958
vn -0.9913017 -0.129069 -0.0257306
vn -0.99838406 0.012484727 -0.055438396
vn -0.96565413 0.10133961 -0.23925379
vn -0.94956094 -0.1691868 -0.26402617
vn -0.9108821 0.007210291 -0.4126036
vn -0.9529615 0.12734984 0.2750389
vn -0.9486478 0.12854443 -0.28903916
vn -0.84713256 -0.0038804938 0.5313674
vn -0.616963 0.18855536 0.7640704
vn -0.41158065 -0.91135347 0.0060154395
vn -0.98898566 0.028999135 0.1451426
vn -0.92129207 0.32298252 0.21657142
vn -0.98824793 0.15196362 0.016523588
vn -0.9999587 0.008955833 0.0015507077
vn -0.87338483 0.48702288 -0.0027715643
vn -0.99163306 0.12232355 -0.041241515
vn -0.9992697 0.024909034 -0.028975552
vn -0.97928137 0.05667693 -0.19441126
vn -0.9480013 0.30043298 -0.10504027
vn -0.8541975 0.09498264 0.5111995
vn -0.87975764 0.24525256 -0.40728086
vn -0.8662815 0.11757138 0.48552373
vn -0.29977053 -0.9540108 0.0010310212
vn -0.4275362 -0.90272754 -0.047914874
vn -0.28320405 -0.95905954 0.0005570437
vn -0.3595783 -0.9331133 -0.0017378535
vn -0.46908855 0.257438 -0.8447968
vn -0.49983656 -0.14952967 -0.8531145
vn -0.53674126 -0.3256828 0.77835697
vn -0.43769005 0.1707503 -0.8827637
vn -0.2619625 0.06707557 0.96274424
vn -0.3852113 -0.78405565 -0.48669186
vn -0.24994157 -0.90439737 0.3458245
vn -0.42366365 -0.0004851658 -0.9058195
vn -0.697867 0.5311516 -0.4804786
vn -0.8177313 0.47817665 0.32040998
vn -0.60980415 0.0926363 -0.7871197
vn -0.34068835 0.18650572 -0.92149174
vn -0.55900466 0.39856145 -0.72709185
vn -0.8598495 0.48504326 -0.15934817
vn -0.984876 0.0906153 -0.14767592
vn -0.83083487 0.5497006 0.08684848
vn -0.7269543 0.09280195 0.6803861
vn -0.95988786 0.026706839 -0.2791093
vn -0.68003696 -0.09456508 0.72705376
vn -0.7885148 -0.07522487 0.61039793
vn -0.81585586 0.043650348 -0.57660544
vn -0.9004644 0.014740054 0.43467978
vn -0.98836565 0.00766581 -0.15190318
vn -0.5731103 -0.132793 0.8086474
vn -0.8598245 -0.4061188 -0.3094662
vn -0.45176047 0.08416332 -0.88816047
vn -0.8354519 0.059931237 0.546286
vn -0.83083487 0.5497006 0.08684848
vn -0.9480013 0.30043298 -0.10504027
vn -0.86599684 -0.02691918 -0.49932438
vn -0.7212676 -0.03741445 0.6916453
vn -0.718585 0.051606208 -0.69352174
vn -0.76367074 0.04493251 0.64404047
vn -0.82946986 0.009953785 -0.55846274
vn -0.7205208 0.6929579 -0.025674433
vn -0.7501441 -0.6483995 0.12985346
vn 0.06653734 0.124887206 0.98993737
vn -0.5220987 0.45696083 -0.72013867
vn -0.24689312 0.72647166 -0.6413133
vn 0.23674011 0.14917521 0.96005255
vn -0.066207 0.42397264 0.9032518
vn 0.3480014 0.092907436 0.93287903
vn -0.45423472 0.45018783 -0.7687664
vn -0.67060167 0.63353103 -0.38591692
vn -0.078374155 0.8940201 -0.44111854
vn 0.5079856 0.63355803 0.5835708
vn -0.066207 0.42397264 0.9032518
vn -0.7135342 0.6993711 -0.041820955
vn -0.9997018 0.022248285 0.010066731
vn -0.616963 0.18855536 0.7640704
vn -0.9529615 0.12734984 0.2750389
vn -0.9870705 0.081377186 0.13809273
vn -0.8662815 0.11757138 0.48552373
vn -0.6971074 0.43651202 0.5687693
vn -0.92129207 0.32298252 0.21657142
vn -0.8177313 0.47817665 0.32040998
vn -0.33144924 0.2819477 0.90035933
vn -0.8541975 0.09498264 0.5111995
vn -0.34973708 0.100063756 0.9314887
vn -0.3911451 0.1659288 0.90524757
vn -0.35497138 0.346401 0.8683327
vn -0.6273088 0.5945136 0.50302815
vn -0.01545768 0.79810876 0.6023151
vn -0.44073617 0.37449014 0.8157872
vn -0.62081045 0.7065607 0.3396563
vn -0.5770524 0.8111422 0.09517809
vn -0.24689312 0.72647166 -0.6413133
vn -0.3735703 0.48326412 0.7917708
vn -0.3835995 0.6848374 0.6195556
vn -0.1708317 0.63672006 0.7519336
vn -0.42863193 0.641218 0.63648576
vn -0.48292693 0.646192 -0.5909462
vn -0.9997033 -0.002190757 -0.024258954
vn -0.6575376 0.054317165 0.7514612
vn -0.84576595 0.14441717 0.51363766
vn -0.9885019 -0.0024427464 0.15118887
vn -0.90827566 0.05762976 -0.41438398
vn -0.9972217 -0.028094864 -0.06898958
vn -0.72347873 -0.036727272 0.689369
vn -0.42863193 0.641218 0.63648576
vn -0.008068408 0.039440762 0.9991893
vn 0.18834534 0.16005574 0.96897274
vn -0.306747 0.91142327 0.27425158
vn -0.55799335 0.8198029 0.1287114
vn -0.71794856 -0.040552087 0.694914
vn 0.084773116 -0.030908164 0.9959208
vn -0.3650451 -0.6147087 0.69919616
vn 0.20175585 -0.13279144 0.97039217
vn 0.041588783 0.8323288 0.5527197
vn 0.041588783 0.8323288 0.5527197
vn 0.7968968 0.06224764 0.60089993
vn 0.84303594 0.19005153 0.5031608
vn 0.9441554 -0.013597934 0.3292198
vn 0.99906504 -0.0087503595 0.042337153
vn 0.9321214 -0.06543424 0.35618547
vn -0.21921332 0.8575968 0.46526685
vn -0.53665584 0.6442391 0.5449371
vn -0.769113 0.63110447 -0.100858
vn -0.18972464 0.38368064 0.9037664
vn -0.45051447 0.7999384 0.39640298
vn -0.99601316 0.089190975 -0.0016728131
vn -0.6934238 0.30883005 0.6509896
vn -0.7638824 0.02960381 0.64467615
vn 0.023336466 0.46031466 0.8874491
vn -0.40199295 0.6927416 0.5987577
vn -0.013093559 0.5135354 0.8579685
vn -0.9108412 0.1188722 0.39526904
vn -0.8316489 0.32657427 0.44912064
vn -0.94688135 0.19037747 0.25917578
vn -0.37096193 0.27941364 0.88561577
vn -0.9156022 0.010619264 0.40194502
vn -0.524811 -0.16079496 0.83589375
vn -0.9056489 -0.15374021 0.395176
vn -0.8908414 -0.04390192 0.4521882
vn -0.9965919 -0.023528876 0.079062894
vn -0.9991529 0.00878718 0.04020287
vn -0.9305552 0.032151084 0.36473724
vn -0.92359453 0.22326796 0.31164816
vn -0.9595067 -0.010378497 0.2814945
vn -0.9955811 -0.026628029 0.09005102
vn -0.99984074 0.0029684338 0.01759895
vn -0.9868911 0.15892714 0.028074183
vn -0.98681235 -0.13578631 0.08811073
vn -0.99997187 0.006695033 0.0033841867
vn -0.99998116 -0.0020645924 0.0057834955
vn -0.9999232 0.00009479506 -0.012391797
vn -0.97293216 -0.2310034 -0.0063545904
vn -0.99989676 -0.0012686162 -0.014311602
vn -0.9995506 0.00077227666 -0.029966332
vn -0.9574444 0.28841367 0.010847365
vn -0.9626826 -0.16367836 -0.21552628
vn -0.86606693 -0.47510895 -0.15556219
vn -0.9524452 0.2932283 -0.08285715
vn -0.97644895 0.006131081 -0.21566133
vn -0.9643729 -0.016503328 -0.2640314
vn -0.85176814 0.15364414 -0.50088376
vn -0.3204411 0.94313365 0.088410825
vn -0.5161416 0.8564274 0.01140203
vn -0.81069636 -0.58486056 0.02663596
vn -0.7911456 0.0038435578 -0.6116158
vn -0.62813497 -0.19180618 -0.7540934
vn -0.4955932 0.86820555 0.024627399
vn -0.22895105 0.9733898 -0.0096803345
vn -0.576185 -0.5967476 -0.55848294
vn -0.5115201 0.7711739 -0.378996
vn -0.42880347 -0.023238262 -0.9030989
vn -0.5424064 0.49661747 0.6776182
vn -0.8598245 -0.4061188 -0.3094662
vn -0.31303245 0.43919364 -0.8420924
vn -0.67698324 -0.7253329 -0.12484332
vn -0.7501441 -0.6483995 0.12985346
vn -0.9574444 0.28841367 0.010847365
vn -0.22895105 0.9733898 -0.0096803345
vn -0.9524452 0.2932283 -0.08285715
vn -0.19560675 0.9798825 -0.03960255
vn -0.5115201 0.7711739 -0.378996
vn -0.4955932 0.86820555 0.024627399
vn -0.022575308 0.99974406 -0.0014584028
vn -0.5161416 0.8564274 0.01140203
vn -0.3204411 0.94313365 0.088410825
vn 0.03404907 0.927227 0.37294874
vn -0.5424064 0.49661747 0.6776182
vn -0.014688788 0.9575553 -0.28787512
vn -0.31303245 0.43919364 -0.8420924
vn -0.032040875 0.53424096 0.8447248
vn -0.009730204 0.9993531 -0.03462118
vn 0.0033245692 0.820221 -0.57203716
vn 0.00024660217 0.995062 0.09925485
vn 0.007877957 0.9537519 -0.30049154
vn 0.00062451983 0.9999929 -0.0037065223
vn -0.041611265 0.93562907 0.3505235
vn 0.00030261825 0.99879754 -0.049024217
vn 0.018844718 0.6160187 -0.78750604
vn 0.0038165571 0.99960065 -0.027999308
vn 0.058136646 0.9844674 0.16566259
vn 0.003197554 0.9667624 -0.25565636
vn 0.030254593 0.777457 0.628208
vn 0.011718911 0.75558 -0.6549515
vn 0.0027312723 0.99997354 0.006744565
vn 0.16140816 0.69336444 0.7022771
vn 0.29834065 0.70467454 -0.6437597
vn 0.0038290704 0.9999305 -0.011151428
vn 0.44148484 0.81041557 0.38512042
vn 0.0650556 0.99580747 0.064306095
vn 0.1267384 0.95678884 -0.2617107
vn 0.45431387 0.82329804 0.34026343
vn 0.62677366 0.6006935 -0.49630842
vn 0.21431197 0.96038175 -0.17814958
vn 0.5187932 0.50763047 -0.68786985
vn 0.55052096 0.7712016 -0.31964782
vn 0.6708282 0.5686975 -0.47599646
vn 0.736409 0.49319488 -0.4630989
vn 0.21902642 0.96841675 -0.119148575
vn 0.81231904 0.38455623 -0.43846804
vn 0.41283718 0.90499854 0.10267977
vn 0.46120316 0.87012327 0.17371584
vn 0.35602212 0.6500896 -0.6712911
vn 0.259975 0.44878027 -0.85499084
vn 0.40459788 0.6556099 -0.6375549
vn 0.67407835 0.5368506 -0.5073557
vn 0.101983 0.8097881 -0.5777913
vn 0.6985375 0.71329314 -0.05708102
vn 0.77311885 0.53787136 -0.33612737
vn 0.2771781 0.18431388 -0.9429744
vn 0.7196081 0.46925473 -0.5118243
vn 0.75316983 0.6251968 -0.2046074
vn 0.51135397 0.40694177 -0.7569118
vn 0.41493264 0.18621862 -0.8905917
vn 0.29521844 -0.5183183 -0.8026158
vn 0.7442577 0.5668387 -0.35323414
vn 0.93941176 0.120016724 0.3210943
vn 0.14511454 0.83732754 0.5270905
vn 0.7534996 0.35857582 -0.551055
vn 0.79941183 0.5168837 -0.3062222
vn 0.7420144 0.5874852 -0.32291764
vn 0.90650034 0.19818579 -0.37279966
vn 0.45976362 0.5927348 -0.66127366
vn 0.5491185 0.28787404 -0.78460014
vn 0.8027386 0.4790716 -0.3551073
vn 0.70871747 0.5667463 -0.42014065
vn 0.85807973 0.41879013 0.2971768
vn 0.77448475 0.61928743 -0.12905993
vn 0.6665406 0.66207397 -0.3426101
vn 0.4771995 0.7605647 -0.44025216
vn 0.68272257 0.60246617 -0.41343
vn 0.64577 0.7148221 0.2683476
vn 0.5288636 0.79562294 -0.29544446
vn 0.25092694 0.9523743 0.17325956
vn 0.5259127 0.72311497 0.44779524
vn 0.23381236 0.69946146 0.67534095
vn 0.7870191 0.50192225 -0.35871306
vn 0.7575637 0.6169896 -0.21312226
vn 0.889095 0.33231112 -0.31476876
vn 0.6650366 0.71104014 -0.22835976
vn 0.27198187 0.9395516 -0.20801128
vn 0.20379128 0.7155064 -0.66822135
vn 0.32927012 0.9353617 -0.12914994
vn 0.61895764 0.7852775 -0.015191417
vn -0.0022834328 0.9921656 -0.12490879
vn 0.64678997 0.7246823 0.2376937
vn 0.28731057 0.95654553 0.049732096
vn 0.029584978 0.9521408 -0.30422467
vn 0.019525476 0.9056359 0.42360643
vn 0.08686358 0.44902828 -0.88928527
vn -0.12233945 0.98989457 -0.071706474
vn -0.051538225 0.95799625 0.28211173
vn -0.35247925 0.9352537 0.03254182
vn -0.46149048 0.83856726 0.28953663
vn -0.015830928 0.65272677 -0.757428
vn -0.51858646 0.77643096 -0.3580824
vn -0.8465068 0.50626737 -0.16468026
vn -0.56064814 0.6903015 0.45733747
vn -0.39950347 0.78611505 -0.47161436
vn -0.32457128 0.4139562 0.8504668
vn -0.7969205 0.4071023 -0.44630197
vn -0.2200389 0.2103604 -0.95253944
vn -0.81176007 0.012409004 0.5838592
vn -0.9595067 -0.010378497 0.2814945
vn -0.8908414 -0.04390192 0.4521882
vn -0.9305552 0.032151084 0.36473724
vn -0.98681235 -0.13578631 0.08811073
vn -0.97293216 -0.2310034 -0.0063545904
vn -0.8516213 -0.51417637 0.10180254
vn -0.81069636 -0.58486056 0.02663596
vn -0.34684843 -0.18535595 0.9194234
vn -0.9056489 -0.15374021 0.395176
vn -0.81709635 -0.46848527 0.33596894
vn -0.9056489 -0.15374021 0.395176
vn -0.22222936 -0.018247945 0.97482365
vn -0.18057236 -0.0021506369 0.98355937
vn -0.44119948 0.05869458 0.89548755
vn -0.92359453 0.22326796 0.31164816
vn -0.7446676 -0.56534564 0.3547598
vn -0.45710462 -0.63151383 0.6262952
vn -0.5424064 0.49661747 0.6776182
vn -0.665903 -0.73580384 0.1231501
vn -0.80957437 -0.20829318 -0.5488199
vn -0.60610235 0.067160524 0.79254615
vn -0.7446676 -0.56534564 0.3547598
vn -0.62131184 -0.7715214 0.13684416
vn -0.67698324 -0.7253329 -0.12484332
vn -0.28498158 -0.50931764 0.8120228
vn -0.60610235 0.067160524 0.79254615
vn -0.34684843 -0.18535595 0.9194234
vn -0.4485724 -0.81716335 0.36197633
vn -0.33445233 -0.66445386 0.6683133
vn -0.4485724 -0.81716335 0.36197633
vn 0.08092931 -0.99138767 -0.102961
vn -0.665903 -0.73580384 0.1231501
vn -0.4528325 -0.8012563 0.391064
vn -0.3618401 -0.781212 0.5087039
vn 0.6642305 -0.06596994 0.74461114
vn -0.3618401 -0.781212 0.5087039
vn 0.6642305 -0.06596994 0.74461114
vn -0.11217261 -0.17955565 0.9773316
vn -0.57346356 -0.8185289 0.03391169
vn -0.44293153 -0.8483716 0.2899608
vn -0.3650451 -0.6147087 0.69919616
vn -0.47121993 -0.7740597 0.42282778
vn -0.8684542 -0.4279117 -0.2503574
vn -0.43242472 -0.6982845 0.5704451
vn -0.5043827 -0.60197073 0.61905515
vn -0.5581963 -0.6360223 0.53281564
vn -0.20697689 -0.5028149 -0.8392483
vn -0.4858081 -0.80839765 0.33239084
vn 0.8743145 -0.45966384 0.15583096
vn -0.6275507 -0.6793239 0.38039333
vn -0.2960675 -0.40845427 0.8634287
vn -0.54748756 -0.7431315 0.3847245
vn -0.7888788 -0.5855209 -0.18664263
vn -0.5997679 -0.7539303 0.26808137
vn -0.5740118 -0.5420972 0.6137109
vn -0.6443515 -0.3070005 0.7004012
vn -0.7888788 -0.5855209 -0.18664263
vn -0.99601316 0.089190975 -0.0016728131
vn -0.6443515 -0.3070005 0.7004012
vn -0.654439 -0.65372723 0.37993467
vn -0.7638824 0.02960381 0.64467615
vn -0.7867531 -0.60019374 0.14417702
vn -0.67871743 -0.44499868 0.58422494
vn -0.67871743 -0.44499868 0.58422494
vn -0.7475426 -0.20653789 0.6312861
vn -0.8851505 -0.27753732 0.3734724
vn -0.98526883 -0.1704362 -0.014028525
vn -0.8851505 -0.27753732 0.3734724
vn -0.98926973 -0.13113634 0.06440991
vn -0.9175575 -0.38118294 0.11308315
vn -0.9156022 0.010619264 0.40194502
vn -0.5203709 0.004119801 0.8539304
vn -0.9567671 -0.0014494928 0.2908515
vn -0.94688135 0.19037747 0.25917578
vn -0.99290395 0.08691734 0.08116143
vn -0.99871916 -0.03965319 0.031426527
vn -0.9108412 0.1188722 0.39526904
vn -0.524811 -0.16079496 0.83589375
vn -0.8316489 0.32657427 0.44912064
vn -0.98926973 -0.13113634 0.06440991
vn -0.9567671 -0.0014494928 0.2908515
vn -0.7475426 -0.20653789 0.6312861
vn -0.9156022 0.010619264 0.40194502
vn -0.5203709 0.004119801 0.8539304
vn -0.36348012 0.012534224 0.9315176
vn -0.53674126 -0.3256828 0.77835697
vn -0.2619625 0.06707557 0.96274424
vn -0.84713256 -0.0038804938 0.5313674
vn -0.036354154 0.16286317 0.98597866
vn -0.616963 0.18855536 0.7640704
vn -0.33144924 0.2819477 0.90035933
vn -0.0840652 0.28069204 0.9561093
vn -0.04518194 -0.13581946 0.9897028
vn -0.0053506745 -0.0039512985 0.9999779
vn -0.18057236 -0.0021506369 0.98355937
vn -0.22222936 -0.018247945 0.97482365
vn 0.04537731 0.23640391 0.9705947
vn -0.34973708 0.100063756 0.9314887
vn -0.34684843 -0.18535595 0.9194234
vn -0.008020164 0.006175539 0.99994874
vn -0.44119948 0.05869458 0.89548755
vn 0.042415194 0.016483929 0.9989641
vn -0.3911451 0.1659288 0.90524757
vn -0.05650721 0.076346934 0.9954788
vn 0.017784167 0.3119919 0.94991827
vn -0.032040875 0.53424096 0.8447248
vn -0.5424064 0.49661747 0.6776182
vn -0.35497138 0.346401 0.8683327
vn -0.0025942803 -0.009965284 0.99994695
vn -0.11217261 -0.17955565 0.9773316
vn 0.07219051 -0.026801264 0.9970307
vn 0.025692403 -0.46641546 0.8841926
vn -0.44073617 0.37449014 0.8157872
vn -0.13813245 0.20581259 0.9687934
vn -0.3735703 0.48326412 0.7917708
vn 0.03702094 0.22003676 0.97478884
vn -0.1708317 0.63672006 0.7519336
vn -0.0010957526 0.051937614 0.9986497
vn -0.11004156 0.30760762 0.9451288
vn 0.00095143827 0.19362767 0.98107463
vn 0.008450324 0.32728386 0.9448883
vn 0.016123293 -0.0057324553 0.99985355
vn -0.0017363377 0.23225763 0.97265273
vn -0.032040875 0.53424096 0.8447248
vn -0.0017363377 0.23225763 0.97265273
vn -0.041611265 0.93562907 0.3505235
vn 0.071212664 -0.06268917 0.99548924
vn 0.15905008 -0.089937404 0.98316544
vn -0.006391519 -0.594325 0.8041996
vn 0.06893927 -0.0332902 0.99706525
vn -0.2960675 -0.40845427 0.8634287
vn -0.05575043 -0.07003579 0.9959854
vn -0.18972464 0.38368064 0.9037664
vn 0.059170317 0.12677662 0.99016494
vn 0.030254593 0.777457 0.628208
vn -0.019735184 0.0155832805 0.9996838
vn -0.5740118 -0.5420972 0.6137109
vn 0.0236375 0.04457564 0.9987263
vn 0.0236375 0.04457564 0.9987263
vn 0.00070474966 0.013626794 0.9999069
vn -0.0051374105 0.024779793 0.99967974
vn 0.04973154 -0.05311554 0.99734926
vn -0.023129728 -0.06579423 0.9975651
vn 0.00075044675 -0.0075711887 0.99997103
vn -0.041414812 0.052101497 0.99778265
vn -0.013093559 0.5135354 0.8579685
vn -0.29423445 -0.15620144 0.94288236
vn -0.010516882 -0.2543862 0.96704555
vn 0.15657121 0.09612264 0.98297805
vn 0.0033646212 0.009618414 0.9999481
vn 0.05914369 -0.07929369 0.99509525
vn 0.00419673 -0.00093097065 0.99999076
vn -0.7475426 -0.20653789 0.6312861
vn 0.0007253905 0.011055246 0.9999386
vn 0.023336466 0.46031466 0.8874491
vn 0.014181147 0.078130685 0.99684227
vn 0.013011609 0.3145884 0.949139
vn 0.00050757395 0.0077633983 0.9999697
vn 0.16140816 0.69336444 0.7022771
vn -0.1177528 0.0009522019 0.99304247
vn 0.011143344 0.21192594 0.9772222
vn -0.004701244 -0.04829678 0.998822
vn -0.2732613 -0.0071496554 0.9619133
vn -0.37096193 0.27941364 0.88561577
vn -0.006226018 0.016055584 0.9998517
vn -0.05174365 -0.049033664 0.9974559
vn -0.015907826 -0.028862951 0.99945676
vn -0.22939676 -0.0155596975 0.9732086
vn 0.027904551 -0.00054805283 0.9996104
vn -0.04941756 -0.0018942901 0.99877644
vn -0.36348012 0.012534224 0.9315176
vn -0.5203709 0.004119801 0.8539304
vn -0.027458271 -0.13068824 0.9910432
vn -0.524811 -0.16079496 0.83589375
vn -0.049507968 -0.0366117 0.9981025
vn -0.018749865 -0.009379038 0.99978024
vn -0.010496685 0.29868552 0.95429385
vn -0.0053569404 0.07095939 0.99746484
vn -0.01286083 0.004295964 0.9999081
vn 0.104866534 0.08443125 0.99089575
vn 0.011488887 0.011545794 0.9998673
vn -0.055481672 -0.12928285 0.9900544
vn -0.14428346 -0.060789775 0.9876674
vn 0.026478747 0.15206821 0.98801523
vn 0.006469649 0.34565312 0.93834007
vn -0.028582234 -0.41993004 0.9071063
vn -0.05174365 -0.049033664 0.9974559
vn 0.1711074 -0.59098154 0.78832924
vn 0.0067382157 -0.0024248902 0.99997437
vn -0.006311589 0.04783816 0.99883515
vn 0.16140816 0.69336444 0.7022771
vn 0.31358483 0.21094804 0.92583233
vn 0.1711074 -0.59098154 0.78832924
vn -0.05174365 -0.049033664 0.9974559
vn 0.34240064 0.5038177 0.79305077
vn 0.021170296 -0.059721317 0.99799055
vn -0.028582234 -0.41993004 0.9071063
vn -0.15655449 -0.07325352 0.98494905
vn -0.006311589 0.04783816 0.99883515
vn 0.014914112 0.04015642 0.9990821
vn -0.028786698 -0.10671565 0.99387276
vn 0.020652382 0.006214188 0.9997674
vn -0.3734018 0.37383157 0.84901184
vn -0.19909526 -0.29800072 0.933572
vn 0.030009342 -0.2283793 0.9731096
vn 0.031408135 -0.77231956 0.63445723
vn -0.19909526 -0.29800072 0.933572
vn 0.0048967353 -0.014874354 0.9998774
vn 0.053822313 0.06678841 0.99631447
vn -0.012818524 -0.062015444 0.9979929
vn 0.0010489527 -0.0016758322 0.99999803
vn -0.15655449 -0.07325352 0.98494905
vn 0.4336758 0.4538156 0.77844507
vn -0.15655449 -0.07325352 0.98494905
vn 0.005225299 -0.006572683 0.9999648
vn 0.003555364 0.00038879938 0.9999936
vn 0.4457799 0.45697668 0.7697094
vn 0.028196385 -0.8585164 0.5120103
vn 0.007404557 0.012150359 0.9998988
vn 0.0056574424 -0.06832017 0.9976474
vn -0.020229442 -0.010971739 0.9997352
vn 0.2754465 0.2618117 0.9249778
vn 0.013883585 0.21777415 0.9759004
vn 0.00896397 0.3529674 0.93559265
vn -0.000052357766 0.34141022 0.9399144
vn -0.020229442 -0.010971739 0.9997352
vn 0.024126347 0.022716224 0.9994508
vn 0.021170296 -0.059721317 0.99799055
vn 0.0062121344 0.0024776899 0.99997765
vn 0.1863818 -0.25151423 0.9497381
vn 0.1863818 -0.25151423 0.9497381
vn 0.0052697225 -0.09303392 0.995649
vn 0.03031587 -0.7760876 0.629896
vn 0.32395163 -0.28957617 0.90066695
vn 0.015166608 -0.0125504155 0.9998062
vn 0.26790494 0.18802844 0.94491917
vn 0.04073357 0.023902265 0.9988841
vn 0.0032011156 -0.049102142 0.99878865
vn -0.22054164 0.26455203 0.938815
vn 0.20171928 -0.20540309 0.95766324
vn -0.22054164 0.26455203 0.938815
vn 0.20171928 -0.20540309 0.95766324
vn 0.043517616 -0.20229323 0.9783576
vn 0.007813111 0.0012371736 0.9999687
vn 0.0042161155 -0.00017351862 0.9999911
vn 0.0683805 0.07330906 0.9949623
vn 0.013380792 0.2609741 0.96525306
vn 0.013530369 -0.09596104 0.99529314
vn -0.06961629 0.091678165 0.99335223
vn -0.06961629 0.091678165 0.99335223
vn -0.0018964127 -0.070253134 0.9975274
vn 0.07324375 0.10963201 0.99127
vn 0.020041844 -0.02734777 0.99942505
vn 0.29715258 -0.293982 0.90844643
vn 0.29715258 -0.293982 0.90844643
vn 0.07305093 0.16679083 0.98328245
vn 0.4881704 -0.6035772 0.6303842
vn -0.030322712 0.02362206 0.999261
vn -0.2966634 0.48381853 0.8233532
vn -0.2966634 0.48381853 0.8233532
vn 0.0032390878 0.37427717 0.92731124
vn 0.0028182738 0.34153908 0.9398633
vn 0.07828907 -0.20351887 0.97593594
vn 0.0059508206 0.018962873 0.9998025
vn 0.014169099 0.36808705 0.9296834
vn -0.03561996 0.09061781 0.99524856
vn 0.5259127 0.72311497 0.44779524
vn 0.23381236 0.69946146 0.67534095
vn 0.24328372 -0.5367074 0.8079345
vn -0.0009613784 -0.10807469 0.9941423
vn 0.14287682 -0.051703975 0.9883891
vn 0.032515943 -0.59077394 0.80618167
vn 0.0011731288 0.00017490552 0.9999993
vn 0.24328372 -0.5367074 0.8079345
vn 0.15906402 -0.27328297 0.94869125
vn -0.2269882 0.8019072 0.5526493
vn -0.107232064 0.3430283 0.93318427
vn -0.107232064 0.3430283 0.93318427
vn -0.100155696 0.38331598 0.91817087
vn 0.016098049 -0.020003216 0.9996703
vn -0.09638712 -0.15899226 0.9825635
vn -0.3142058 0.20011273 0.9280246
vn 0.004534039 -0.007870587 0.99995875
vn -0.00883913 -0.029580817 0.9995233
vn 0.05089493 -0.12341216 0.9910495
vn -0.02719876 0.27606955 0.9607527
vn 0.108316064 0.14392544 0.98364276
vn -0.0025246285 -0.08838197 0.99608344
vn -0.086088255 -0.62939733 0.7723003
vn 0.25570968 -0.051647104 0.96537304
vn -0.0061116605 0.19144973 0.9814834
vn -0.020157538 -0.25402382 0.9669879
vn -0.020157538 -0.25402382 0.9669879
vn -0.26298708 0.6449982 0.7175062
vn -0.013958439 0.03887457 0.9991466
vn -0.12856948 -0.046087697 0.990629
vn -0.00034860423 -0.0010061509 0.9999994
vn -0.017601425 -0.0482683 0.9986793
vn -0.015099127 -0.5339628 0.84537315
vn -0.03238697 0.16936104 0.98502177
vn -0.0049934913 0.13669844 0.9906001
vn -0.007942914 -0.11520137 0.9933104
vn -0.13633081 0.008838907 0.99062395
vn -0.0027960665 -0.018470885 0.9998255
vn -0.13633081 0.008838907 0.99062395
vn 0.003351655 0.2730682 0.96198887
vn -0.00124439 -0.09695881 0.9952876
vn -0.020664783 -0.0409612 0.998947
vn -0.013363717 0.03297327 0.9993669
vn -0.06306824 0.26869944 0.96115714
vn -0.0025520052 -0.05552812 0.99845386
vn 0.018261774 -0.041108992 0.9989878
vn 0.019525476 0.9056359 0.42360643
vn -0.0013339806 -0.10449337 0.9945247
vn -0.018319475 0.009106846 0.9997907
vn -0.32457128 0.4139562 0.8504668
vn 0.00725914 -0.071974136 0.9973801
vn -0.0025020246 0.3485677 0.9372803
vn -0.0017337876 0.0020679915 0.99999636
vn -0.04303349 0.03510781 0.9984566
vn -0.0020356236 0.33818826 0.9410763
vn 0.0010264204 0.0031179346 0.99999464
vn 0.016413476 -0.140437 0.9899536
vn 0.0026434276 -0.5610504 0.82777745
vn 0.0007270588 -0.014336827 0.99989694
vn -0.005726016 0.16979891 0.98546207
vn -0.0024655787 0.0016822449 0.9999955
vn -0.0025528856 0.00006107659 0.9999967
vn -0.08028818 0.11341005 0.9902989
vn -0.4631961 0.4138712 0.7836836
vn -0.358728 -0.101038985 0.92795765
vn -0.22051375 0.07922795 0.9721608
vn -0.34430957 0.3947024 0.85185736
vn -0.010833574 -0.0015978157 0.99994004
vn -0.3330869 -0.016887635 0.9427449
vn -0.0006764489 0.0015660605 0.99999857
vn -0.0014265424 0.33211532 0.9432377
vn -0.012726237 0.0084627215 0.99988323
vn 0.0004522325 -0.08323979 0.99652946
vn -0.050561156 0.04349371 0.99777347
vn -0.0010181952 0.0019103284 0.9999977
vn 0.02358451 -0.28985742 0.9567792
vn -0.0033360384 -0.02044996 0.9997853
vn -0.00017142696 0.0033214001 0.99999446
vn 0.0031615177 -0.08595678 0.99629384
vn 0.044787966 -0.005673877 0.9989804
vn 0.059486084 -0.042928725 0.99730563
vn 0.0026434276 -0.5610504 0.82777745
vn -0.07767246 -0.9557325 0.28379983
vn 0.02358451 -0.28985742 0.9567792
vn -0.0053399727 0.32756785 0.9448126
vn -0.03735102 -0.091488995 0.9951053
vn -0.0010716845 0.002184669 0.999997
vn -0.0028206683 -0.048951387 0.9987972
vn -0.009646979 0.08727535 0.9961375
vn -0.0036319941 0.0018879035 0.9999916
vn -0.361766 0.21592438 0.90691894
vn 0.10537259 -0.021459622 0.99420124
vn -0.13736185 -0.23249987 0.9628476
vn -0.0010610815 0.24333104 0.96994275
vn -0.0012551185 0.0014061651 0.9999982
vn -0.008784983 -0.09278893 0.9956471
vn 0.0050980346 0.34469903 0.9386994
vn -0.0032120568 0.0015158108 0.9999937
vn -0.014761973 -0.92361796 0.38303003
vn -0.0017227337 0.0030683018 0.9999938
vn -0.19063823 0.21164365 0.95857394
vn 0.019575756 -0.35612363 0.9342338
vn 0.019575756 -0.35612363 0.9342338
vn -0.001878714 -0.08591134 0.996301
vn -0.0019121357 0.0030438784 0.99999356
vn -0.0041260766 -0.0011391146 0.9999908
vn 0.004963044 0.03753872 0.99928284
vn -0.0075355875 0.60050964 0.799582
vn 0.0024627158 0.32351974 0.9462182
vn -0.0062811095 -0.054784067 0.9984785
vn -0.0062588956 0.021216663 0.9997553
vn -0.0018966276 0.0025924933 0.9999948
vn -0.0014294448 0.00031453496 0.9999989
vn -0.07289189 -0.13600504 0.988023
vn -0.08372085 -0.204486 0.97528267
vn -0.015012031 -0.94357353 0.33082265
vn -0.005672754 0.02995733 0.9995351
vn -0.0017885576 0.001945815 0.9999965
vn 0.008170975 -0.08810409 0.9960778
vn 0.010674442 -0.014065618 0.9998441
vn -0.04425568 -0.1551659 0.98689663
vn 0.0027361007 0.3444596 0.9387972
vn -0.0021881605 0.0031078344 0.9999928
vn -0.0477246 -0.4791552 0.87643176
vn 0.0064967056 0.33008566 0.9439286
vn 0.010284398 0.17867759 0.98385394
vn 0.0013318671 -0.023698695 0.99971825
vn 0.04255516 0.08791419 0.99521863
vn -0.0013217969 0.0016447045 0.9999978
vn -0.0477246 -0.4791552 0.87643176
vn 0.03049525 0.36348143 0.93110216
vn -0.001629146 0.002606561 0.9999953
vn -0.00027814377 0.00031568835 0.99999994
vn -0.0021930728 0.20922612 0.9778648
vn -0.0037132245 0.0036855766 0.9999863
vn -0.002903843 0.003517408 0.99998957
vn -0.0022539108 0.00066414895 0.99999726
vn -0.0075355875 0.60050964 0.799582
vn -0.0021930728 0.20922612 0.9778648
vn -0.0009868774 0.8463439 0.532636
vn 0.0063004033 -0.033080455 0.99943286
vn -0.051117443 -0.29748753 0.95335627
vn 0.008087494 0.353653 0.9353417
vn 0.0537156 0.33390975 0.9410733
vn 0.010907059 0.17760876 0.98404074
vn -0.0015719882 -0.9270792 0.37486222
vn -0.004689898 -0.024010036 0.9997007
vn 0.004477457 0.33568344 0.9419642
vn -0.000868909 0.0032099867 0.99999446
vn 0.0002333957 0.18466675 0.9828012
vn 0.0002333957 0.18466675 0.9828012
vn 0.0049237306 -0.100424334 0.99493253
vn -0.010987467 0.37274972 0.9278669
vn -0.00046974124 0.0032132703 0.99999475
vn 0.0059061637 -0.10842028 0.9940876
vn -0.0011722023 0.0044695297 0.99998933
vn -0.0031293898 0.0010434884 0.9999946
vn -0.005198669 -0.04434187 0.9990029
vn -0.00076805364 0.0018281543 0.99999803
vn -0.0008311981 0.00035230874 0.9999996
vn -0.0004976931 0.8173913 0.57608265
vn 0.004298577 0.31551683 0.94891024
vn -0.004460427 0.3590825 0.9332952
vn -0.020221084 -0.6782398 0.73456234
vn 0.005532784 0.09514944 0.99544764
vn 0.0048851473 -0.09802558 0.9951719
vn -0.028060194 0.23050602 0.97266626
vn -0.012598191 -0.055969484 0.998353
vn 0.0006646403 0.0053438325 0.9999855
vn -0.0013237926 0.003119186 0.9999943
vn -0.0018789294 -0.21643186 0.9762959
vn 0.0029380915 0.33969125 0.94053245
vn -0.00018569021 0.0027821308 0.9999961
vn -0.0006240725 0.0027823327 0.99999595
vn 0.043603808 -0.086253226 0.9953186
vn 0.0014027314 0.004721397 0.99998784
vn -0.00022929178 0.0020337645 0.9999979
vn 0.0685195 -0.73067117 0.6792825
vn 0.0053371033 0.0036661415 0.999979
vn 0.026050707 0.1581061 0.9870784
vn 0.026050707 0.1581061 0.9870784
vn 0.00404874 0.06292238 0.9980102
vn 0.00043089283 -0.09249883 0.9957127
vn -0.00046632608 0.0042894273 0.9999907
vn -0.00022426587 0.0010853407 0.9999994
vn 0.008098645 0.17457443 0.9846107
vn 0.022681197 0.8523408 0.5224947
vn 0.0023754798 -0.003594479 0.9999907
vn 0.017671438 -0.037504982 0.9991402
vn 0.0020949843 0.33588743 0.94189984
vn 0.000265309 0.0035639948 0.9999936
vn 0.0006551929 0.0012397453 0.99999905
vn 0.0018336447 0.33037326 0.9438486
vn 0.00037513312 0.018884875 0.9998216
vn 0.08541529 -0.95195216 0.294094
vn 0.0020656711 0.0042189397 0.999989
vn -0.032638617 -0.031945344 0.99895656
vn 0.007835433 0.466623 0.8844216
vn 0.007835433 0.466623 0.8844216
vn 0.0010861264 0.0019346394 0.99999756
vn 0.0026626675 -0.10113461 0.9948692
vn -0.0021680465 -0.1757094 0.9844397
vn 0.00067074463 0.045219462 0.9989768
vn 0.053335503 -0.06175513 0.99666524
vn 0.020665357 -0.052005354 0.998433
vn 0.0020843733 0.3397013 0.9405311
vn 0.0196069 -0.028127354 0.99941206
vn -0.00089362543 -0.07658122 0.9970629
vn 0.003572881 -0.0027649323 0.9999898
vn 0.018899253 -0.031919744 0.99931175
vn -0.0006556807 0.0030342445 0.9999952
vn -0.030353036 -0.677774 0.7346435
vn 0.012232307 0.28418458 0.95869154
vn 0.0068394514 0.26093847 0.9653312
vn 0.0030203133 0.003950482 0.99998766
vn 0.0075223977 -0.6143424 0.7890037
vn -0.0025736738 0.3398904 0.9404615
vn -0.00030858445 0.0014752432 0.99999887
vn 0.0015208034 0.0032170506 0.9999937
vn 0.18415314 -0.21378504 0.95936626
vn 0.0017169325 0.00094451837 0.9999981
vn 0.2098876 0.039388124 0.9769318
vn 0.0019175719 0.002433287 0.9999952
vn 0.0009287417 0.00018956122 0.9999995
vn 0.0021235698 0.13968796 0.9901933
vn 0.0032105017 0.31492713 0.94911045
vn 0.035435904 -0.019453969 0.9991826
vn 0.0007816771 0.0053046015 0.99998564
vn 0.009378655 -0.02831999 0.99955493
vn 0.08829072 0.20035055 0.97573787
vn 0.0015659184 -0.090426244 0.99590194
vn 0.0003459679 0.047213655 0.99888474
vn 0.015437952 0.028844053 0.9994647
vn -0.009955193 0.2016318 0.9794108
vn 0.007226942 -0.13238275 0.9911723
vn -0.0020089142 0.8842322 0.46704325
vn 0.15857637 0.061884593 0.98540545
vn 0.00022021716 0.3438234 0.9390343
vn -0.00019844527 0.0036899617 0.99999315
vn 0.05052832 -0.01054273 0.998667
vn 0.099527545 -0.22779939 0.96860814
vn -0.06854899 0.16852483 0.98331094
vn -0.008803706 -0.68531525 0.7281933
vn 0.0017126874 0.0006827463 0.9999983
vn 0.20022342 -0.31866667 0.9264783
vn 0.0036636933 -0.02392932 0.9997069
vn -0.023668718 0.065073565 0.9975997
vn 0.008616936 0.33534434 0.94205624
vn -0.0013678521 0.03520346 0.9993792
vn 0.0062492993 0.41669422 0.90902525
vn 0.0013944956 0.3308616 0.94367826
vn 0.0011368011 0.0050249756 0.9999867
vn -0.00020911584 -0.006761381 0.9999771
vn 0.003869411 -0.087934375 0.9961188
vn 0.16370775 0.06248656 0.9845279
vn -0.050248843 -0.13836046 0.98910636
vn 0.08176334 -0.3757812 0.9230944
vn 0.0008169078 0.0053210817 0.9999855
vn -0.003898338 0.25547057 0.966809
vn 0.0015940415 0.0023154425 0.99999607
vn -0.15138978 -0.09661414 0.9837412
vn -0.0025100017 0.020157568 0.99979365
vn 0.0018370178 0.0006570821 0.9999981
vn 0.025135802 -0.3405184 0.9399018
vn 0.1784823 0.25138733 0.9512878
vn 0.0026640112 0.34788406 0.9375338
vn -0.14537287 -0.10356646 0.98394144
vn -0.012856647 -0.114556685 0.9933335
vn -0.056425516 0.037580386 0.9976993
vn 0.014782813 0.002847648 0.9998867
vn 0.0052832873 -0.06666173 0.99776167
vn 0.002258258 0.21206665 0.9772526
vn 0.0018346577 0.0003230433 0.9999983
vn -0.011096738 -0.012779889 0.99985677
vn -0.1261025 -0.24049169 0.962425
vn -0.020356003 0.05253494 0.9984116
vn -0.017139783 -0.010735518 0.9997955
vn 0.0009238248 0.0025231105 0.99999636
vn 0.06700802 0.20983055 0.9754389
vn 0.008331989 0.3225125 0.94652855
vn 0.0013962482 0.0050204033 0.9999864
vn 0.0066799163 0.16780236 0.985798
vn 0.0010469254 0.005508845 0.99998426
vn -0.06701502 -0.10693337 0.99200517
vn 0.0065831197 0.0070434115 0.9999535
vn -0.00093098514 0.34670562 0.93797356
vn 0.002412409 -0.09715179 0.9952667
vn -0.030073319 -0.110802434 0.99338734
vn -0.005570146 0.69691956 0.7171277
vn -0.03750623 0.005118242 0.9992833
vn 0.032513723 -0.15819106 0.9868731
vn 0.0013898066 0.001360434 0.9999981
vn -0.0024184017 0.105989836 0.99436426
vn 0.0006108196 0.00409409 0.9999914
vn 0.0011523468 -0.0006473817 0.9999991
vn 0.051251516 -0.5408503 0.839556
vn -0.0026861255 0.097967334 0.99518603
vn -0.0009847569 0.0004319215 0.9999994
vn -0.0027005542 0.16462608 0.9863523
vn -0.005528529 0.80044353 0.5993827
vn 0.00019201149 0.1820681 0.9832859
vn 0.0010277483 0.0048944564 0.9999875
vn -0.0038106465 -0.06707741 0.9977405
vn -0.007382043 -0.062345557 0.9980273
vn 0.00997477 -0.0024303393 0.9999473
vn 0.0035979603 -0.055726357 0.9984396
vn -0.008100564 -0.1354865 0.9907461
vn 0.0004275739 0.0029523748 0.9999955
vn -0.0000854093 0.004525833 0.99998975
vn 0.0016653131 -0.10718025 0.9942382
vn 0.0067484155 0.00737287 0.99995005
vn -0.00032067846 0.32527208 0.9456204
vn 0.032231968 -0.069036916 0.99709326
vn 0.04955915 -0.42685807 0.90295964
vn 0.048618365 -0.8811857 0.47026372
vn -0.0047768294 0.29943502 0.9541047
vn 0.085701585 -0.2500732 0.9644266
vn -0.009908785 -0.020516811 0.9997404
vn -0.00042138202 0.005171418 0.9999865
vn 0.0020388665 0.024425566 0.9996996
vn 0.0074411687 -0.010257246 0.9999197
vn 0.000976207 0.105658 0.99440205
vn -0.00070496654 0.5848364 0.81115097
vn -0.006114763 0.34698448 0.93785095
vn 0.0021616286 -0.00086735404 0.99999726
vn -0.0034437738 0.20782262 0.97816044
vn 0.12378043 -0.9858941 0.1126556
vn -0.0000011340074 -0.10332128 0.99464804
vn -0.000999832 -0.003458626 0.9999935
vn -0.012776158 0.3240822 0.94594264
vn 0.017354498 -0.034163617 0.99926555
vn -0.002462383 0.00032074598 0.9999969
vn -0.0011646958 0.0049253083 0.9999872
vn -0.0011456399 0.00927944 0.9999563
vn -0.0006360904 0.00395675 0.99999195
vn 0.051153164 -0.21640877 0.9749618
vn 0.0008921424 0.17704573 0.9842022
vn 0.0078032995 -0.027764706 0.999584
vn -0.026342684 -0.9613311 0.27413225
vn 0.025421191 -0.10842873 0.9937791
vn -0.0012294118 0.0054946938 0.99998415
vn -0.01953326 0.2136855 0.9767072
vn 0.032530572 -0.30877206 0.9505796
vn 0.011085676 -0.034318835 0.9993495
vn -0.004762694 -0.04901659 0.9987866
vn -0.0013467282 -0.025886407 0.999664
vn -0.0016379313 0.0041595963 0.99999
vn -0.004916 -0.2118554 0.97728866
vn -0.015094267 0.006702826 0.9998636
vn -0.004249249 0.19916303 0.97995716
vn 0.021133306 0.21122329 0.9772093
vn -0.004249249 0.19916303 0.97995716
vn -0.007740983 0.8765505 0.48124766
vn -0.00070496654 0.5848364 0.81115097
vn -0.0050847754 0.32785416 0.94471467
vn -0.001409443 -0.005721377 0.99998266
vn -0.06571469 -0.23628882 0.96945816
vn -0.011521985 -0.003161679 0.9999286
vn -0.048435617 -0.5275337 0.8481522
vn -0.0038347964 0.34169748 0.93980217
vn -0.0015298702 0.0055162595 0.9999836
vn -0.015598331 -0.1013152 0.9947321
vn -0.0007699996 0.14716592 0.98911154
vn -0.0014621962 0.004924994 0.9999868
vn -0.004300979 -0.0016309038 0.99998945
vn 0.028257051 0.007874198 0.99956965
vn -0.0047561494 0.068579316 0.99763435
vn -0.002522695 0.0040071374 0.9999888
vn 0.19600032 -0.43434754 0.87916213
vn 0.22765322 -0.11238552 0.96723497
vn -0.0069796923 0.32491952 0.9457159
vn -0.10079111 -0.44494537 0.88986784
vn -0.0057516433 0.25348455 0.96732235
vn -0.0042578755 -0.026349679 0.99964374
vn -0.0025999926 -0.00003714495 0.9999966
vn -0.07589751 -0.14420797 0.98663247
vn -0.0015459164 -0.024587994 0.9996965
vn -0.0314889 -0.121007256 0.99215204
vn -0.016244126 0.35131013 0.93611825
vn -0.0023830251 0.68162876 0.73169434
vn 0.0023444653 -0.090248965 0.9959165
vn 0.025028193 -0.0036332863 0.99968016
vn 0.10350924 0.19129284 0.97605985
vn -0.0052788644 0.0023658127 0.99998325
vn -0.0047561494 0.068579316 0.99763435
vn 0.3900138 0.5718505 0.7217176
vn -0.0041707093 0.0032569906 0.999986
vn -0.009355147 0.010422369 0.99990195
vn 0.075292006 0.11369205 0.990659
vn 0.79438466 -0.1285779 0.59365034
vn 0.026116405 -0.017594162 0.9995041
vn -0.007977357 -0.079716496 0.99678564
vn -0.02040789 0.33701062 0.94127965
vn 0.025580969 -0.00008795677 0.9996728
vn -0.0061136866 -0.000098217046 0.9999813
vn 0.041590687 -0.11442068 0.9925614
vn 0.022124765 -0.0034907626 0.9997491
vn -0.006038571 0.17577103 0.98441255
vn 0.023583893 0.036589935 0.99905205
vn 0.31387153 -0.2723446 0.90956753
vn 0.047892746 -0.0700009 0.9963966
vn -0.016118713 0.31463552 0.9490757
vn 0.23771375 0.38067994 0.8936302
vn 0.1901198 0.08129621 0.9783892
vn -0.006833442 0.22364384 0.974647
vn -0.006833442 0.22364384 0.974647
vn 0.062308773 -0.10691835 0.9923135
vn -0.013018878 -0.00078637444 0.99991494
vn 0.8142654 -0.21612506 0.5387596
vn 0.6365183 -0.24346901 0.73182464
vn -0.06833761 -0.36909592 0.9268755
vn -0.016249042 -0.011804877 0.9997983
vn 0.02675069 0.3815503 0.9239609
vn -0.0069648013 0.003367766 0.9999701
vn -0.0071163215 0.0024667336 0.9999716
vn 0.13099553 0.28494126 0.9495518
vn -0.005173771 0.9040602 0.4273739
vn -0.04615307 0.34662327 0.9368683
vn 0.21304505 -0.08992139 0.9728957
vn 0.1901198 0.08129621 0.9783892
vn 0.22739415 -0.058781903 0.97202706
vn -0.007977357 -0.079716496 0.99678564
vn -0.35646912 -0.41808745 0.83554333
vn -0.17060836 0.10472412 0.97975796
vn 0.1868054 0.2600311 0.9473582
vn -0.2371683 0.24179038 0.94089776
vn -0.12948531 -0.11274573 0.98515075
vn 0.13099553 0.28494126 0.9495518
vn 0.22525352 -0.14134689 0.9639927
vn 0.22696882 0.07591862 0.97093844
vn -0.013496256 0.15604903 0.9876571
vn -0.0066365516 0.0050464068 0.99996525
vn -0.05614277 -0.07995092 0.9952165
vn 0.117855385 -0.06950371 0.99059546
vn 0.37326768 0.66514105 0.6467292
vn 0.3699326 0.7909417 0.48740238
vn -0.028680978 0.3238431 0.94567597
vn -0.17623499 0.3173321 0.9317948
vn 0.13893703 0.10752113 0.9844469
vn -0.007725202 0.001451802 0.9999691
vn 0.48006567 -0.25213262 0.8402179
vn -0.022669492 -0.011523926 0.9996766
vn -0.0066116876 0.002518675 0.99997497
vn 0.13893703 0.10752113 0.9844469
vn 0.4496768 -0.09885328 0.88770425
vn 0.25409085 -0.16464053 0.9530642
vn -0.08720016 0.14573617 0.98547304
vn -0.05872068 0.21747965 0.9742969
vn 0.465479 0.55452275 0.68980706
vn 0.6980386 -0.46417317 0.54523885
vn 0.6619521 0.56180996 0.4961744
vn 0.3916469 -0.020568736 0.91988564
vn -0.011091051 0.30059403 0.95368767
vn -0.13441333 -0.15370008 0.97893274
vn -0.015285631 0.7225731 0.6911255
vn -0.008185715 0.027776085 0.9995807
vn -0.0065111583 -0.06044678 0.99815017
vn 0.34779698 0.1900922 0.9180971
vn 0.34779698 0.1900922 0.9180971
vn 0.5236326 0.010017069 0.8518853
vn 0.63450164 -0.27530655 0.72222847
vn -0.020153234 0.30866402 0.9509576
vn -0.009591448 0.10040287 0.99490064
vn -0.0068745124 0.0032296763 0.99997115
vn -0.009591448 0.10040287 0.99490064
vn -0.037144177 0.33089676 0.94293565
vn 0.10222318 0.27200767 0.9568502
vn -0.20073499 -0.32237378 0.9250841
vn -0.00274217 -0.026038447 0.99965715
vn -0.0089613935 0.0041978117 0.999951
vn -0.084987424 0.30831763 0.9474795
vn -0.007552806 0.21400434 0.9768035
vn -0.013780762 0.7434267 0.6686755
vn -0.0065671103 -0.019047169 0.99979705
vn -0.0086187115 0.0020020832 0.99996084
vn 0.15935889 0.46312305 0.87184966
vn 0.34688136 0.83678144 0.42363918
vn -0.04059816 -0.5573439 0.8292886
vn -0.7223836 0.0068920003 0.69145817
vn 0.06847832 -0.015682979 0.9975293
vn -0.29446328 0.095523335 0.9508768
vn -0.7405722 0.0677179 0.6685559
vn -0.07129651 0.08428151 0.993888
vn 0.1541081 -0.59250456 0.79068893
vn 0.08002686 -0.20997189 0.97442675
vn -0.0130018 0.24117622 0.97039425
vn -0.040968042 0.09525915 0.9946091
vn -0.14754333 -0.77044255 0.62020093
vn 0.09370522 -0.6824684 0.72488356
vn -0.59529704 -0.08871328 0.7985934
vn 0.11042344 -0.09732827 0.9891076
vn -0.59535223 -0.11074746 0.7957956
vn 0.011519094 0.29026428 0.9568772
vn 0.0075967647 0.0014827022 0.99997
vn 0.6913778 0.081022665 0.717936
vn 0.020637853 0.0032561687 0.9997817
vn 0.5819044 0.04478635 0.81202304
vn 0.90962845 -0.02642434 0.41458148
vn 0.5446145 -0.091505036 0.83367974
vn 0.15935889 0.46312305 0.87184966
vn -0.012473823 0.26989162 0.9628099
vn -0.063373595 0.372198 0.9259873
vn 0.63264525 0.32275704 0.70398
vn 0.049218163 -0.8616875 0.50504684
vn 0.260083 -0.44814628 0.8552905
vn 0.45775503 -0.8057685 0.3757626
vn 0.24782853 -0.7235635 0.6442336
vn -0.012473823 0.26989162 0.9628099
vn 0.63264525 0.32275704 0.70398
vn 0.14607379 0.5001022 0.8535574
vn 0.7214595 -0.24758144 0.6466835
vn 0.0053946716 0.0023875886 0.9999826
vn -0.05939432 0.19759814 0.9784821
vn 0.015422373 0.3016578 0.95329154
vn 0.023481807 0.8706712 0.49130464
vn -0.02088001 -0.432962 0.9011703
vn 0.25270683 -0.41799226 0.87259483
vn 0.010787206 -0.009813151 0.99989367
vn 0.0059086923 -0.00056710234 0.99998236
vn 0.0031815039 0.12011867 0.99275446
vn 0.07979546 -0.028108459 0.9964149
vn 0.31620237 0.54291147 0.7779866
vn 0.10590553 0.26801932 0.9575749
vn 0.050786294 0.0066048508 0.9986877
vn -0.000269643 0.080781356 0.9967318
vn 0.10590553 0.26801932 0.9575749
vn 0.28552127 0.18801421 0.93974906
vn 0.28555328 0.2879822 0.9140709
vn 0.35660538 0.0012306784 0.9342543
vn 0.16510741 0.13115378 0.97751635
vn 0.36288902 0.30676597 0.87988985
vn 0.6228639 0.07920999 0.77830994
vn 0.24762991 -0.0019687018 0.9688527
vn 0.2796384 -0.29134077 0.9148349
vn 0.67817473 -0.30734506 0.66754633
vn 0.4807697 0.00043228074 0.8768468
vn 0.625818 -0.025344152 0.7795572
vn 0.24068968 0.8407104 0.48505107
vn 0.75492465 0.24368194 0.60885787
vn 0.75492465 0.24368194 0.60885787
vn 0.36917633 0.28868952 0.8833839
vn 0.39302057 -0.006395282 0.91950744
vn -0.02739028 -0.3576306 -0.93346137
vn -0.3852113 -0.78405565 -0.48669186
vn -0.49983656 -0.14952967 -0.8531145
vn -0.42366365 -0.0004851658 -0.9058195
vn -0.014099018 -0.0066079027 -0.99987876
vn -0.43769005 0.1707503 -0.8827637
vn -0.7911456 0.0038435578 -0.6116158
vn -0.18352939 0.007835457 -0.982983
vn -0.42880347 -0.023238262 -0.9030989
vn -0.46908855 0.257438 -0.8447968
vn 0.010647557 0.27963617 -0.960047
vn -0.054165315 0.1642377 -0.98493254
vn -0.31303245 0.43919364 -0.8420924
vn -0.62813497 -0.19180618 -0.7540934
vn -0.086874604 -0.060910806 -0.9943554
vn -0.34068835 0.18650572 -0.92149174
vn -0.60980415 0.0926363 -0.7871197
vn -0.06326335 0.08810094 -0.9941006
vn -0.047340546 0.04889506 -0.9976814
vn -0.55900466 0.39856145 -0.72709185
vn -0.0006525017 0.0035566408 -0.99999344
vn -0.0007236771 -0.0004939932 -0.99999964
vn 0.044421077 0.15860146 -0.9863429
vn 0.0033245692 0.820221 -0.57203716
vn -0.01590061 0.16355957 -0.9864053
vn -0.31303245 0.43919364 -0.8420924
vn -0.01590061 0.16355957 -0.9864053
vn -0.45423472 0.45018783 -0.7687664
vn 0.0019110076 0.0022810153 -0.9999956
vn -0.26907927 -0.5217229 -0.80956876
vn 0.027370658 0.14742643 -0.98869425
vn 0.001410837 -0.0639192 -0.9979541
vn 0.025677087 0.0023852868 -0.99966747
vn 0.02333845 -0.5962606 -0.8024516
vn 0.0033206043 0.00084842404 -0.9999941
vn 0.0065641287 0.11373037 -0.99349
vn -0.079035416 0.10203029 -0.99163663
vn 0.003016604 0.001211386 -0.9999947
vn 0.013968188 0.0025940486 -0.9998991
vn 0.0045088576 0.003077903 -0.9999851
vn -0.018576784 0.11618185 -0.9930542
vn 0.01613907 0.16690983 -0.9858401
vn 0.01613907 0.16690983 -0.9858401
vn -0.15480375 0.486522 -0.85984427
vn -0.025519377 -0.054608993 -0.99818164
vn 0.0038258242 -0.5588384 -0.82926774
vn 0.03937566 0.10843862 -0.993323
vn -0.0050004153 -0.008047663 -0.9999551
vn 0.00937235 0.030682668 -0.99948525
vn 0.2664854 0.6014573 -0.75314987
vn -0.3372284 -0.36112604 -0.869405
vn 0.0022510283 -0.052461367 -0.9986204
vn -0.2444381 0.6332739 -0.73431206
vn -0.018576784 0.11618185 -0.9930542
vn 0.2664854 0.6014573 -0.75314987
vn -0.1785129 0.7195111 -0.671146
vn 0.018844718 0.6160187 -0.78750604
vn -0.36750773 0.5086906 -0.7785705
vn 0.007431684 0.2893903 -0.95718235
vn 0.018466214 0.31234473 -0.94978935
vn 0.018844718 0.6160187 -0.78750604
vn 0.00625152 -0.00084419886 -0.9999801
vn 0.0050305882 0.003414716 -0.9999815
vn -0.057844922 -0.06835079 -0.995983
vn 0.018827066 0.14607812 -0.9890939
vn -0.1253157 0.318957 -0.93944794
vn 0.027638756 -0.0888019 -0.9956658
vn 0.09782739 0.15459034 -0.9831234
vn 0.010686024 0.058807187 -0.99821216
vn 0.012028011 -0.0561474 -0.99835
vn -0.19699624 0.66066074 -0.7243755
vn -0.6518976 -0.37151736 -0.6610631
vn 0.007851059 0.30091724 -0.95361793
vn 0.02082984 -0.019859001 -0.9995858
vn -0.29520455 0.22904171 -0.92757434
vn -0.014316655 0.21789716 -0.97586673
vn 0.0074929027 0.010764922 -0.999914
vn 0.011718911 0.75558 -0.6549515
vn -0.91066474 0.33119687 -0.2469785
vn -0.68364835 -0.29298085 -0.6684214
vn 0.10643934 0.081090026 -0.9910071
vn 0.03186192 -0.44757366 -0.89367926
vn -0.35328165 -0.2066197 -0.9124146
vn -0.9200291 0.007858833 -0.3917712
vn -0.085287854 -0.00078780757 -0.99635607
vn -0.75686836 0.08591592 -0.64789563
vn -0.034473334 0.001402566 -0.9994046
vn -0.23067099 0.09579435 -0.9683049
vn -0.0787809 -0.04687154 -0.99578947
vn -0.24345204 0.034539152 -0.96929777
vn -0.33623073 0.06388492 -0.93961036
vn -0.010897107 0.027256884 -0.99956906
vn 0.008026473 0.105789155 -0.9943562
vn 0.013658637 0.30394292 -0.9525923
vn -0.014427595 -0.030513095 -0.99943024
vn -0.15170652 -0.05246078 -0.9870324
vn 0.29834065 0.70467454 -0.6437597
vn 0.022480605 -0.07167212 -0.99717486
vn 0.0038780014 -0.0014405611 -0.9999914
vn 0.000021207992 -0.00884429 -0.9999609
vn 0.024729835 -0.093252145 -0.99533534
vn 0.04501398 0.039755657 -0.998195
vn 0.01626465 0.07838885 -0.9967902
vn 0.0016414645 -0.0038206892 -0.99999136
vn 0.5187932 0.50763047 -0.68786985
vn 0.035836346 -0.6089539 -0.79239565
vn 0.003268849 -0.049036335 -0.99879164
vn -0.00013971809 -0.0030815152 -0.99999523
vn 0.010368574 0.090235956 -0.9958664
vn -0.016392328 0.28612572 -0.95805186
vn 0.0083485665 0.050068907 -0.9987109
vn 0.259975 0.44878027 -0.85499084
vn 0.40459788 0.6556099 -0.6375549
vn 0.0021035764 -0.08418263 -0.9964481
vn 0.025212012 0.064866014 -0.99757546
vn 0.0082145315 0.0030634608 -0.99996156
vn 0.02740688 -0.26203883 -0.9646681
vn 0.015933504 -0.033302225 -0.9993183
vn 0.012168601 -0.10512006 -0.99438506
vn 0.35602212 0.6500896 -0.6712911
vn 0.0316103 0.021843115 -0.99926156
vn 0.013448259 -0.01869955 -0.9997347
vn -0.004920275 -0.05612728 -0.9984115
vn 0.046136126 -0.031528797 -0.99843746
vn -0.0017031566 -0.026986841 -0.9996343
vn 0.0066172476 0.33772516 -0.94122154
vn -0.020871762 0.022134548 -0.9995371
vn 0.51135397 0.40694177 -0.7569118
vn 0.027782038 -0.94351405 -0.33016577
vn 0.013314165 0.009564186 -0.9998656
vn -0.0027784815 0.21501386 -0.976607
vn 0.41493264 0.18621862 -0.8905917
vn 0.006585497 -0.00066801836 -0.99997807
vn 0.0062821372 0.0007430869 -0.99998
vn -0.012204956 0.007740552 -0.9998956
vn 0.002627156 0.30715793 -0.9516549
vn 0.40604904 0.2919606 -0.865958
vn 0.08530011 -0.07736861 -0.99334687
vn 0.059776716 -0.025161335 -0.9978946
vn 0.0010986519 -0.07439989 -0.9972279
vn 0.41493264 0.18621862 -0.8905917
vn 0.7534996 0.35857582 -0.551055
vn 0.40604904 0.2919606 -0.865958
vn -0.014022702 -0.037491668 -0.99919856
vn 0.66302097 0.36973333 -0.6509228
vn -0.017127004 0.016568398 -0.99971604
vn 0.0030057074 -0.038305685 -0.99926156
vn 0.007004308 -0.00039140397 -0.9999754
vn 0.5491185 0.28787404 -0.78460014
vn 0.45976362 0.5927348 -0.66127366
vn 0.08689885 0.1268416 -0.98810923
vn 0.00015114089 0.33546618 -0.94205225
vn 0.7420144 0.5874852 -0.32291764
vn -0.05261358 0.059809897 -0.99682224
vn 0.40604904 0.2919606 -0.865958
vn 0.45976362 0.5927348 -0.66127366
vn 0.08689885 0.1268416 -0.98810923
vn 0.0064689144 -0.07931525 -0.9968286
vn -0.010253422 -0.0122301895 -0.9998726
vn 0.0053184666 -0.18075073 -0.98351455
vn -0.012623453 0.17573696 -0.9843562
vn 0.4771995 0.7605647 -0.44025216
vn 0.12927395 -0.029626748 -0.99116623
vn 0.08530011 -0.07736861 -0.99334687
vn 0.12927395 -0.029626748 -0.99116623
vn 0.059776716 -0.025161335 -0.9978946
vn 0.016032977 0.01008324 -0.99982065
vn 0.11814083 -0.1571897 -0.9804765
vn 0.008233552 -0.001557099 -0.9999649
vn 0.012195848 -0.044141136 -0.99895084
vn 0.11814083 -0.1571897 -0.9804765
vn 0.04145062 -0.777473 -0.6275489
vn 0.04909863 -0.08218117 -0.9954072
vn -0.1426071 0.40525037 -0.9030146
vn -0.004479084 0.33188555 -0.943309
vn 0.0017729 0.34290838 -0.9393672
vn 0.20379128 0.7155064 -0.66822135
vn -0.0051735565 0.049265053 -0.9987723
vn 0.00787262 0.0004193514 -0.99996895
vn 0.0050425674 -0.07618116 -0.9970812
vn 0.005224847 0.007328313 -0.99995947
vn 0.0012182498 0.22228217 -0.9749816
vn 0.18341021 0.1814089 -0.96615297
vn 0.008542357 -0.14631225 -0.98920155
vn -0.1426071 0.40525037 -0.9030146
vn 0.20379128 0.7155064 -0.66822135
vn 0.030001858 0.073674366 -0.99683094
vn 0.11262333 -0.020612782 -0.99342394
vn 0.0016076475 -0.006013611 -0.9999806
vn -0.020349454 0.38202816 -0.9239266
vn -0.020349454 0.38202816 -0.9239266
vn 0.08686358 0.44902828 -0.88928527
vn 0.0096717095 0.0025538455 -0.99995
vn 0.039706126 -0.014801798 -0.99910176
vn -0.012561374 0.028546367 -0.99951357
vn 0.25524724 0.024215763 -0.9665725
vn 0.020846458 0.0029654643 -0.9997783
vn 0.0031389256 0.29759866 -0.9546859
vn -0.05866081 -0.63156146 -0.7731035
vn 0.008542357 -0.14631225 -0.98920155
vn 0.009205898 -0.003812104 -0.99995035
vn -0.011231963 -0.9758209 -0.21828295
vn 0.0037276538 -0.038734786 -0.99924254
vn -0.3257088 -0.392754 -0.86003375
vn -0.1436317 0.5996112 -0.78729683
vn -0.0034983025 0.03489088 -0.999385
vn -0.07969914 -0.12726003 -0.9886622
vn -0.23891468 0.086890645 -0.9671452
vn -0.23891468 0.086890645 -0.9671452
vn -0.011764704 -0.004088133 -0.99992245
vn -0.3257088 -0.392754 -0.86003375
vn -0.03467188 0.05306268 -0.99798906
vn -0.19235843 -0.5086695 -0.8391982
vn -0.010236261 0.1700524 -0.98538184
vn -0.008327185 -0.0728882 -0.99730533
vn 0.0050300877 0.0077222986 -0.9999575
vn -0.015830928 0.65272677 -0.757428
vn 0.0035019026 -0.0042891097 -0.9999847
vn 0.004792197 -0.028303612 -0.9995879
vn 0.0033292603 -0.0014246703 -0.99999344
vn -0.08426113 -0.07410034 -0.99368465
vn 0.0025417423 -0.008890966 -0.99995726
vn 0.003383292 -0.00024311092 -0.9999942
vn -0.2200389 0.2103604 -0.95253944
vn 0.01256538 0.31159425 -0.9501322
vn 0.0003355093 0.13845672 -0.9903684
vn -0.013824341 0.01822078 -0.9997384
vn 0.0044498057 -0.24770325 -0.96882576
vn -0.0347658 -0.09236898 -0.9951177
vn -0.029764324 -0.86305565 -0.5042311
vn 0.006002995 0.0005149416 -0.9999818
vn 0.015925996 0.052506454 -0.9984936
vn 0.006209898 0.0005834764 -0.99998057
vn -0.5389491 0.17359732 -0.82425594
vn -0.07381405 0.024030846 -0.99698246
vn 0.0026219757 -0.0013794419 -0.9999956
vn 0.000759407 -0.040865097 -0.9991644
vn -0.040857915 0.02475415 -0.9988583
vn -0.5769757 -0.13800085 -0.80501854
vn -0.37564892 0.15491071 -0.91372347
vn -0.2414043 -0.0038423555 -0.970417
vn 0.009878583 -0.05270217 -0.99856144
vn 0.009401354 -0.46441284 -0.8855689
vn -0.17029622 0.16657633 -0.9712114
vn -0.46638834 0.5678169 -0.67828155
vn -0.007914341 0.00012522348 -0.99996865
vn 0.003317344 0.0034067149 -0.9999887
vn -0.0006537216 -0.005416411 -0.9999851
vn 0.00177811 -0.07157607 -0.99743354
vn 0.004344927 -0.019114463 -0.99980783
vn 0.0013616064 -0.0012034856 -0.99999833
vn 0.0060617216 0.115320265 -0.99330986
vn 0.0026881502 0.0008949736 -0.999996
vn -0.01310312 0.006351556 -0.99989396
vn -0.0040103323 -0.0016685337 -0.9999906
vn 0.0014149868 -0.0011243357 -0.9999984
vn 0.0021197835 0.3175772 -0.94823
vn -0.03995393 0.046650406 -0.9981119
vn -0.3622829 0.31624404 -0.87677866
vn 0.00034516456 -0.0021281047 -0.9999977
vn 0.009435861 -0.17814255 -0.98395944
vn -0.0027716558 -0.07140337 -0.9974437
vn 0.00015855579 -0.0021723437 -0.9999976
vn 0.00030483407 -0.0012212109 -0.9999992
vn -0.20892888 0.6641555 -0.7178065
vn -0.0024906585 -0.044326205 -0.999014
vn -0.00008493302 -0.002637578 -0.99999654
vn -0.0022361174 0.3056983 -0.9521258
vn 0.0007039186 -0.001430935 -0.99999875
vn 0.024126781 -0.5811759 -0.8134202
vn -0.011791281 0.35854816 -0.93343675
vn 0.000739589 -0.00032707842 -0.9999997
vn 0.0018623739 -0.0808191 -0.99672705
vn 0.0012817512 -0.003929553 -0.9999915
vn 0.00041310588 -0.0018876246 -0.99999815
vn 0.0021447048 0.096841514 -0.9952975
vn -0.0008924228 0.007069597 -0.9999746
vn 0.026141137 -0.30058873 -0.95339555
vn 0.00066033745 -0.0012912451 -0.9999989
vn 0.0004025269 -0.0011133321 -0.9999993
vn 0.00970894 -0.97829425 -0.20699304
vn 0.00028466748 -0.0021969066 -0.99999756
vn 0.00022204999 -0.031129425 -0.99951535
vn -0.047597874 -0.10627702 -0.99319667
vn -0.0012544168 -0.0017588547 -0.9999977
vn -0.00039753754 -0.0010226821 -0.9999994
vn 0.0062691574 0.32240337 -0.9465816
vn -0.030568955 -0.81121737 -0.5839451
vn -0.009957664 0.19562875 -0.9806275
vn 0.018007016 0.19972727 -0.9796861
vn -0.019980503 -0.3250829 -0.94547445
vn 0.000300697 -0.00045068577 -0.9999999
vn -0.0008372467 -0.0008853329 -0.9999993
vn 0.0010203293 0.3283996 -0.94453835
vn -0.008157022 -0.009680864 -0.9999199
vn -0.009734114 -0.033694286 -0.99938476
vn 0.00017654024 -0.0021116624 -0.99999774
vn -0.00041498904 -0.003160654 -0.99999493
vn -0.07212168 -0.15861996 -0.98470205
vn -0.0029493019 -0.00078669377 -0.99999535
vn 0.0012620479 0.013960264 -0.9999018
vn -0.0009670832 -0.00028095706 -0.99999946
vn 0.0013944443 0.22201803 -0.97504157
vn -0.0044106804 -0.033211105 -0.99943864
vn 0.000009148051 -0.0011129564 -0.9999994
vn 0.00041003092 0.00009970787 -0.99999994
vn -0.0022704205 -0.0007748952 -0.99999714
vn 0.005929718 0.4076144 -0.9131349
vn -0.0005033434 -0.0025446508 -0.99999666
vn -0.0018980898 -0.016872168 -0.9998559
vn -0.010204462 0.060748786 -0.99810094
vn -0.048727058 -0.43874496 -0.8972896
vn -0.0002810276 -0.0036629194 -0.99999326
vn -0.0040544164 -0.05595706 -0.99842495
vn -0.0024306308 -0.006945289 -0.99997294
vn 0.008822162 0.7038009 -0.71034247
vn -0.0006398823 -0.0021728452 -0.99999744
vn -0.0005995038 -0.09588622 -0.99539214
vn -0.000093732815 -0.0019431503 -0.9999981
vn -0.0034673586 0.001108996 -0.9999934
vn 0.000102301135 -0.0025416934 -0.9999968
vn -0.00046085037 -0.0019792765 -0.9999979
vn 0.0038493804 0.0039842795 -0.9999847
vn 0.0021532674 0.18030655 -0.9836081
vn -0.0020253262 0.00015223258 -0.9999979
vn -0.0024701543 -0.06439895 -0.99792117
vn -0.0012517133 0.3222835 -0.94664234
vn -0.0052051675 -0.021358404 -0.99975836
vn 0.0053191106 -0.044119917 -0.99901205
vn -0.000060980536 -0.00067980494 -0.99999976
vn 0.000048619204 -0.002307141 -0.9999973
vn -0.00086656376 0.001965444 -0.9999977
vn 0.00120729 -0.0007283244 -0.999999
vn -0.000057538873 -0.23427956 -0.9721693
vn -0.000057538873 -0.23427956 -0.9721693
vn 0.021089084 -0.82659465 -0.5624024
vn -0.048727058 -0.43874496 -0.8972896
vn -0.010212815 -0.8166327 -0.5770674
vn -0.0011374556 -0.0022585378 -0.9999968
vn 0.0013295125 0.0040430883 -0.99999094
vn 0.0012231887 0.3357331 -0.94195634
vn -0.0005445867 0.081685714 -0.99665797
vn -0.00059651915 -0.0014618149 -0.99999875
vn 0.0037261466 0.08060396 -0.99673927
vn 0.0024484408 -0.0012396679 -0.99999624
vn -0.000028758815 -0.0023427655 -0.99999726
vn -0.0029303983 -0.080184005 -0.99677575
vn -0.002808825 0.0006163163 -0.9999959
vn 0.02229925 -0.71907234 -0.6945774
vn -0.0033705533 0.0048381626 -0.9999826
vn -0.0021239647 -0.00029279472 -0.9999977
vn -0.000763717 -0.087662004 -0.99614996
vn -0.011590421 0.7531752 -0.6577178
vn -0.003422344 -0.05748042 -0.9983408
vn 0.0029625078 -0.26056886 -0.9654507
vn 0.0029625078 -0.26056886 -0.9654507
vn -0.0026183957 0.3251365 -0.94566345
vn -0.0023545183 0.0026582256 -0.9999937
vn -0.0026273055 -0.00069727213 -0.9999963
vn -0.0005069062 -0.74090964 -0.6716045
vn 0.00009719588 0.13797885 -0.9904352
vn -0.005830881 0.5526363 -0.8334021
vn -0.00042270392 0.039716 -0.9992109
vn -0.00049306435 0.3360219 -0.94185406
vn 0.0003228533 0.0004340463 -0.9999999
vn 0.00042286285 0.3227841 -0.9464725
vn -0.006197404 -0.062495247 -0.998026
vn -0.00062662543 -0.0011038558 -0.99999917
vn -0.00013225837 -0.20637915 -0.9784721
vn 0.00076918484 0.018793274 -0.9998231
vn -0.00013225837 -0.20637915 -0.9784721
vn 0.0039026295 -0.03161021 -0.99949265
vn 0.01224309 0.0119207 -0.99985397
vn -0.00014328878 -0.0020068153 -0.999998
vn -0.0027022678 0.017932113 -0.99983555
vn -0.0017024992 -0.0008472362 -0.9999982
vn -0.004358357 -0.005452496 -0.9999756
vn 0.0022519692 0.12160031 -0.9925766
vn -0.00014328878 -0.0020068153 -0.999998
vn 0.0003228533 0.0004340463 -0.9999999
vn -0.0021076505 -0.0032965166 -0.9999924
vn 0.0006779763 -0.4239213 -0.9056988
vn -0.0054524154 0.83030707 -0.5572795
vn 0.0006779763 -0.4239213 -0.9056988
vn -0.0037353262 0.24718463 -0.9689612
vn 0.0010051843 0.2159903 -0.976395
vn -0.014074377 -0.07220747 -0.9972903
vn -0.016503762 -0.079137854 -0.99672705
vn -0.003151859 0.0020550827 -0.9999929
vn -0.002076753 -0.0010311615 -0.9999973
vn -0.002840059 -0.00011397684 -0.99999595
vn -0.0040677683 0.00041347742 -0.99999166
vn -0.003887006 -0.00052889175 -0.9999923
vn -0.00047682715 0.3367882 -0.9415803
vn 0.0022519692 0.12160031 -0.9925766
vn 0.0023084944 0.021100625 -0.9997747
vn 0.005031091 -0.012773657 -0.99990577
vn -0.004396281 0.032447755 -0.99946374
vn -0.0021076505 -0.0032965166 -0.9999924
vn -0.011128495 0.010382677 -0.9998842
vn 0.019608883 0.34146774 -0.9396889
vn -0.003535792 -0.0027835479 -0.99998987
vn -0.0028574187 -0.013358736 -0.99990666
vn -0.005771493 -0.08091769 -0.9967041
vn 0.000015901032 -0.0049551097 -0.9999877
vn 0.019608883 0.34146774 -0.9396889
vn 0.005285195 0.17324354 -0.98486483
vn -0.003956492 0.0023486447 -0.9999894
vn 0.0023084944 0.021100625 -0.9997747
vn -0.0027700714 0.33037272 -0.94384646
vn 0.008258161 0.017441377 -0.9998138
vn -0.002898412 0.32640216 -0.94522655
vn -0.00528044 0.0005769015 -0.9999859
vn -0.0036624132 -0.0001278229 -0.99999326
vn 0.0056859036 0.020783385 -0.99976784
vn -0.0048184097 -0.000061705425 -0.9999884
vn -0.004933656 -0.0009884016 -0.99998736
vn -0.008759805 -0.31789815 -0.9480844
vn -0.012298541 -0.006985747 -0.9999
vn -0.0032366267 0.22436059 -0.97450083
vn -0.0072242133 0.017285667 -0.99982446
vn -0.00015297589 0.34029746 -0.9403178
vn -0.0074049695 -0.011878426 -0.999902
vn 0.04862674 -0.16819182 -0.9845542
vn -0.00423102 -0.003710234 -0.99998415
vn 0.0046736966 0.45076266 -0.8926316
vn -0.0026795596 0.33499396 -0.94221646
vn -0.011878637 -0.016126787 -0.9997994
vn -0.0060309228 0.00032630734 -0.99998176
vn -0.008621446 0.03572768 -0.9993244
vn -0.0034276382 -0.075902306 -0.99710935
vn -0.0048412723 0.0067648715 -0.99996537
vn -0.0053998856 -0.00025603222 -0.9999854
vn -0.004636318 0.00024811193 -0.9999892
vn -0.003363085 0.0011851494 -0.9999936
vn -0.0045361696 -0.08219693 -0.99660575
vn -0.00423102 -0.003710234 -0.99998415
vn 0.034765076 -0.059225295 -0.9976391
vn -0.0062487815 0.11740771 -0.99306417
vn -0.003735744 0.015375187 -0.99987483
vn -0.0069529926 0.00062874303 -0.9999756
vn -0.004832325 0.32990786 -0.9440008
vn -0.0035117662 -0.002853659 -0.99998975
vn -0.0035117662 -0.002853659 -0.99998975
vn -0.005829672 0.32368448 -0.94614714
vn -0.0031945056 -0.06547246 -0.9978493
vn 0.08398902 -0.4902036 -0.86755186
vn -0.0015368253 -0.034179665 -0.9994145
vn 0.0006141512 0.004080543 -0.9999915
vn -0.0033455936 0.33734503 -0.94137514
vn 0.00077603926 0.17140687 -0.98520005
vn 0.03335829 -0.084479034 -0.9958667
vn -0.005514463 0.0059330347 -0.9999672
vn 0.0046736966 0.45076266 -0.8926316
vn -0.03338182 0.5430635 -0.8390278
vn -0.008621446 0.03572768 -0.9993244
vn 0.0024397757 0.007577654 -0.9999683
vn 0.013926853 -0.037171952 -0.99921185
vn -0.00542408 0.00065279036 -0.9999851
vn 0.046065968 0.18724169 -0.9812331
vn 0.0005882053 -0.0038564978 -0.9999924
vn 0.023318598 0.07938736 -0.99657106
vn 0.027334418 0.040572107 -0.99880266
vn 0.0006141512 0.004080543 -0.9999915
vn 0.0019585055 -0.35724843 -0.93400735
vn -0.0054277335 0.0007161008 -0.99998504
vn -0.0077934917 0.009786771 -0.99992174
vn -0.00010362652 0.30942068 -0.95092523
vn 0.23441687 0.25096977 -0.93918204
vn 0.008020079 0.03589428 -0.9993234
vn -0.016527286 0.09526213 -0.995315
vn -0.0018744583 -0.13518243 -0.990819
vn 0.06487055 0.08761784 -0.9940397
vn -0.0017014008 0.55483437 -0.83195907
vn -0.00578153 0.3366566 -0.94160974
vn -0.019260434 0.30835932 -0.95107496
vn 0.0017566903 0.118149094 -0.9929943
vn -0.023240192 0.049045075 -0.99852616
vn 0.11171612 -0.18584435 -0.9762077
vn -0.03145932 -0.056683768 -0.99789643
vn 0.3263173 -0.39279643 -0.8597837
vn 0.019173395 -0.011697984 -0.99974775
vn 0.11184443 0.4058106 -0.907088
vn -0.015756488 -0.011152809 -0.9998137
vn -0.014811348 0.024643233 -0.9995866
vn 0.010382823 -0.005993137 -0.9999281
vn -0.0666301 -0.42408913 -0.903166
vn -0.10827374 -0.8229969 -0.55763143
vn 0.18536371 0.28604332 -0.94011676
vn 0.48837513 -0.30067027 -0.8191991
vn -0.0015693952 0.0033931169 -0.999993
vn 0.0076568415 -0.0018685684 -0.99996895
vn -0.012443824 0.08289507 -0.9964806
vn 0.016558327 0.5818259 -0.8131448
vn 0.0046615605 -0.059431802 -0.99822146
vn -0.040050015 0.06869306 -0.9968336
vn -0.050621103 -0.13248713 -0.98989123
vn -0.010393282 0.30241466 -0.9531198
vn -0.005944772 0.005462086 -0.9999674
vn 0.19840421 0.36427853 -0.9099104
vn -0.034772784 -0.051894914 -0.998047
vn 0.02083252 0.37372196 -0.9273068
vn -0.012977262 0.31736952 -0.94821316
vn -0.0024438477 -0.007637425 -0.9999679
vn 0.030835394 0.029134812 -0.9990998
vn -0.002492723 0.003746274 -0.99998987
vn -0.035829335 -0.38908446 -0.92050505
vn 0.07678141 0.81202096 -0.5785556
vn -0.0050578094 0.0023492724 -0.99998444
vn 0.02865442 -0.0072436845 -0.99956316
vn 0.024197478 -0.013085654 -0.99962157
vn 0.42186907 -0.17472693 -0.8896612
vn 0.18145347 -0.04402907 -0.9824134
vn 0.056277696 0.021026937 -0.99819374
vn -0.015522278 0.2955813 -0.9551915
vn -0.010903941 -0.02004781 -0.9997396
vn -0.02815024 -0.03028844 -0.99914473
vn -0.0028597405 0.16038883 -0.98704976
vn 0.37649602 -0.2692707 -0.88642204
vn -0.009209255 0.05591518 -0.99839306
vn -0.013563354 0.32894263 -0.9442525
vn 0.44628063 0.20226169 -0.8717361
vn -0.027327878 -0.028649665 -0.9992159
vn -0.0032395949 -0.004023622 -0.99998665
vn 0.17459288 -0.064243674 -0.98254263
vn -0.06928936 -0.1541812 -0.98561
vn 0.369473 0.12473888 -0.9208311
vn 0.5154579 -0.121034645 -0.84832406
vn 0.09419463 0.28651494 -0.9534341
vn 0.02865442 -0.0072436845 -0.99956316
vn -0.0649287 0.64971876 -0.75739676
vn -0.009209255 0.05591518 -0.99839306
vn 0.02083252 0.37372196 -0.9273068
vn 0.013409369 0.29196152 -0.9563361
vn 0.18145347 -0.04402907 -0.9824134
vn 0.50954694 0.3748771 -0.77448636
vn 0.7309986 -0.46325436 -0.5010354
vn 0.013165605 0.2838143 -0.9587889
vn -0.005967251 0.0065130303 -0.99996096
vn -0.06606851 0.17567724 -0.98222834
vn -0.03479692 0.30937815 -0.95030224
vn -0.0044072666 0.07673297 -0.99704194
vn 0.44628063 0.20226169 -0.8717361
vn -0.06928936 -0.1541812 -0.98561
vn -0.16720238 -0.23481168 -0.95755255
vn -0.10252425 -0.6410943 -0.7605832
vn -0.6312319 -0.7438679 -0.21956047
vn -0.046557922 0.072469756 -0.99628335
vn -0.026180077 0.23739938 -0.97105926
vn -0.026180077 0.23739938 -0.97105926
vn -0.16720238 -0.23481168 -0.95755255
vn -0.00214236 0.00006749069 -0.9999977
vn 0.369473 0.12473888 -0.9208311
vn -0.10252425 -0.6410943 -0.7605832
vn 0.7189322 0.43353233 -0.5433104
vn 0.013409369 0.29196152 -0.9563361
vn -0.0103751505 0.34959826 -0.93684226
vn 0.42771763 0.034225408 -0.9032642
vn -0.022274585 -0.27178717 -0.96209955
vn 0.64746064 -0.07165726 -0.75872254
vn 0.092454374 -0.5745291 -0.81324565
vn 0.092454374 -0.5745291 -0.81324565
vn -0.024907714 0.28756422 -0.9574374
vn 0.89857364 0.15470514 -0.410648
vn -0.0067722094 -0.007977026 -0.9999452
vn -0.00081269024 -0.0000842879 -0.99999964
vn -0.0010414663 -0.0010215455 -0.9999989
vn -0.036829833 0.9145704 -0.4027463
vn -0.1814384 -0.6295943 -0.75544095
vn 0.6470575 -0.20344219 -0.7347979
vn 0.11567929 -0.17815098 -0.9771799
vn 0.6900424 -0.60981065 -0.38983652
vn -0.595181 -0.7758717 -0.20924316
vn -0.0012416887 -0.03343751 -0.99944
vn -0.062191226 0.19087824 -0.9796416
vn -0.036334205 -0.63931376 -0.7680871
vn -0.0371281 0.51156056 -0.8584447
vn 0.17351401 -0.3009661 -0.93771654
vn -0.1814384 -0.6295943 -0.75544095
vn 0.0066492036 0.03125582 -0.9994893
vn 0.16480839 -0.96819866 -0.1882274
vn 0.0059039015 -0.001272381 -0.99998176
vn 0.24241118 -0.6010221 -0.7615834
vn 0.35957602 0.41301167 -0.8367356
vn -0.0371281 0.51156056 -0.8584447
vn 0.25211763 0.52555144 -0.81254685
vn -0.032625694 0.2822744 -0.9587788
vn 0.3438652 -0.8173338 -0.46230096
vn -0.0234392 0.2028667 -0.97892576
vn 0.008745882 -0.31945196 -0.9475621
vn 0.0015795818 0.012859398 -0.9999161
vn 0.02213728 -0.00081687723 -0.9997546
vn 0.00223018 0.30121356 -0.9535541
vn 0.16867629 0.14660463 -0.97470784
vn 0.05056124 -0.03182269 -0.9982138
vn -0.018026013 0.36100256 -0.9323906
vn 0.10281193 0.0061965324 -0.99468154
vn 0.3776597 0.4573515 -0.8051104
vn 0.1716185 0.1707715 -0.97024953
vn 0.028554482 -0.041096587 -0.99874705
vn 0.41339713 -0.0028907254 -0.91054624
vn 0.6063783 -0.19373211 -0.77121544
vn 0.1716185 0.1707715 -0.97024953
vn 0.33924365 0.3104867 -0.88798183
vn 0.36356 -0.6985831 -0.61628383
vn 0.33429334 0.0005393072 -0.94246894
vn 0.32124794 -0.017021826 -0.94684213
vn 0.33483014 0.051231157 -0.94088477
vn 0.32841745 0.3134518 -0.89100504
vn 0.30726627 0.66723543 -0.67851627
vn 0.7180838 0.017137589 -0.69574565
vn 0.3072916 -0.45725468 -0.8345598
vn 0.7188436 0.0047912244 -0.6951554
vn 0.5787465 -0.019340273 -0.8152782
vn 0.16768193 0.13830532 -0.9760914
vn 0.6147856 -0.0025652116 -0.7886901
vn -0.72678137 0.6868064 0.009263308
vn -0.83083487 0.5497006 0.08684848
vn -0.87338483 0.48702288 -0.0027715643
vn -0.7205208 0.6929579 -0.025674433
vn -0.7135342 0.6993711 -0.041820955
vn -0.066207 0.42397264 0.9032518
vn -0.5770524 0.8111422 0.09517809
vn -0.24689312 0.72647166 -0.6413133
vn -0.67060167 0.63353103 -0.38591692
vn -0.40705624 0.6633948 -0.62786347
vn -0.45423472 0.45018783 -0.7687664
vn -0.60435534 0.79363954 -0.069935255
vn -0.68491906 0.7016034 -0.19656691
vn -0.78053766 0.47143328 -0.41050172
vn -0.55799335 0.8198029 0.1287114
vn -0.04529804 0.6740226 -0.73732054
vn -0.5309899 0.43204954 0.7289602
vn -0.4254758 0.8486366 -0.31430277
vn -0.088679925 0.99170744 0.093017064
vn -0.15480375 0.486522 -0.85984427
vn -0.769113 0.63110447 -0.100858
vn 0.2664854 0.6014573 -0.75314987
vn 0.5822704 0.5537325 -0.5952659
vn -0.2976377 0.8536833 -0.42736003
vn -0.1785129 0.7195111 -0.671146
vn -0.36750773 0.5086906 -0.7785705
vn -0.018576784 0.11618185 -0.9930542
vn -0.2444381 0.6332739 -0.73431206
vn -0.38109654 0.7141575 -0.58714944
vn -0.6523363 0.5505935 -0.52086866
vn -0.4016088 0.82032704 -0.40715343
vn -0.7911988 0.20826301 -0.5750052
vn -0.99601316 0.089190975 -0.0016728131
vn -0.19699624 0.66066074 -0.7243755
vn -0.1253157 0.318957 -0.93944794
vn -0.43341327 0.705644 -0.56055284
vn -0.74293685 0.48153278 -0.46494195
vn -0.29520455 0.22904171 -0.92757434
vn -0.91066474 0.33119687 -0.2469785
vn -0.665903 -0.73580384 0.1231501
vn -0.80957437 -0.20829318 -0.5488199
vn -0.7446676 -0.56534564 0.3547598
vn -0.80957437 -0.20829318 -0.5488199
vn -0.9997018 0.022248285 0.010066731
vn -0.60610235 0.067160524 0.79254615
vn -0.013054739 0.12640023 0.9918934
vn -0.9997018 0.022248285 0.010066731
vn -0.76367074 0.04493251 0.64404047
vn 0.067826115 -0.09527432 0.99313766
vn 0.4280585 0.038112566 0.902947
vn -0.7885148 -0.07522487 0.61039793
vn -0.60610235 0.067160524 0.79254615
vn -0.68003696 -0.09456508 0.72705376
vn -0.8177313 0.47817665 0.32040998
vn 0.3621892 -0.099381976 0.92679137
vn -0.9004644 0.014740054 0.43467978
vn 0.4344357 -0.13159953 0.89103717
vn 0.6933092 0.09581678 0.7142419
vn 0.6642305 -0.06596994 0.74461114
vn -0.8598245 -0.4061188 -0.3094662
vn -0.576185 -0.5967476 -0.55848294
vn -0.32787403 -0.74337703 -0.5830001
vn 0.3388553 -0.035073783 -0.94018453
vn -0.86599684 -0.02691918 -0.49932438
vn -0.718585 0.051606208 -0.69352174
vn -0.8598245 -0.4061188 -0.3094662
vn -0.042884912 -0.0077774893 -0.9990497
vn -0.45176047 0.08416332 -0.88816047
vn -0.5220987 0.45696083 -0.72013867
vn -0.9480013 0.30043298 -0.10504027
vn -0.984876 0.0906153 -0.14767592
vn 0.2422824 0.12403219 -0.9622449
vn -0.17965119 -0.09762145 -0.9788746
vn 0.23641954 -0.07621804 -0.96865714
vn -0.32787403 -0.74337703 -0.5830001
vn -0.36581653 -0.85944307 -0.35712165
vn -0.67698324 -0.7253329 -0.12484332
vn -0.7501441 -0.6483995 0.12985346
vn -0.98836565 0.00766581 -0.15190318
vn 0.4297188 -0.48242086 0.76329017
vn 0.3584047 0.11730855 -0.9261667
vn 0.726043 -0.01634135 -0.6874551
vn 0.7118889 0.019228803 -0.7020288
vn -0.62813497 -0.19180618 -0.7540934
vn -0.26907927 -0.5217229 -0.80956876
vn -0.62131184 -0.7715214 0.13684416
vn -0.49729744 -0.8183844 -0.28799698
vn 0.8721475 -0.05314862 -0.48634762
vn -0.078374155 0.8940201 -0.44111854
vn 0.69406116 -0.6007969 -0.3966387
vn 0.69406116 -0.6007969 -0.3966387
vn -0.57346356 -0.8185289 0.03391169
vn -0.47577125 -0.8032318 -0.35841382
vn -0.47107065 -0.7968871 -0.37823725
vn -0.46162277 -0.6525608 -0.60089004
vn -0.52768916 -0.49016497 -0.69374526
vn -0.9066975 -0.42079148 -0.028881978
vn -0.25640583 -0.9072041 0.33352178
vn -0.3372284 -0.36112604 -0.869405
vn -0.5961736 -0.6589383 -0.45866913
vn -0.6488555 -0.6359971 -0.417725
vn -0.48974997 -0.778726 -0.39208516
vn 0.2143902 -0.7196912 -0.6603646
vn -0.54074246 -0.7506774 -0.37958002
vn -0.7888788 -0.5855209 -0.18664263
vn -0.68701893 -0.68408704 -0.24501
vn -0.6518976 -0.37151736 -0.6610631
vn -0.99601316 0.089190975 -0.0016728131
vn -0.7638018 -0.305211 -0.56872934
vn -0.83501333 -0.49187145 -0.24660741
vn -0.7269543 0.09280195 0.6803861
vn -0.83083487 0.5497006 0.08684848
vn -0.066207 0.42397264 0.9032518
vn -0.82946986 0.009953785 -0.55846274
vn -0.9997018 0.022248285 0.010066731
vn -0.273773 -0.07070252 -0.9591921
vn -0.95988786 0.026706839 -0.2791093
vn 0.021116985 0.08910267 -0.9957986
vn -0.06850887 0.12588239 -0.9896768
vn 0.062289875 -0.10836294 -0.992158
vn -0.81585586 0.043650348 -0.57660544
vn -0.80957437 -0.20829318 -0.5488199
vn -0.24689312 0.72647166 -0.6413133
vn -0.8598495 0.48504326 -0.15934817
vn 0.08092931 -0.99138767 -0.102961
vn -0.665903 -0.73580384 0.1231501
vn -0.058830436 0.005237615 -0.99825424
vn 0.63257885 -0.03476547 -0.77371526
vn 0.9646046 0.02285141 -0.26270854
vn 0.25569266 0.10251502 -0.9613074
vn 0.80650383 -0.06757519 -0.5873544
vn 0.84426117 0.0137614785 -0.5357553
vn 0.7265441 -0.06149584 -0.6843625
vn 0.4297188 -0.48242086 0.76329017
vn -0.7501441 -0.6483995 0.12985346
vn -0.5731103 -0.132793 0.8086474
vn -0.8354519 0.059931237 0.546286
vn 0.3480014 0.092907436 0.93287903
vn -0.7212676 -0.03741445 0.6916453
vn 0.9007544 -0.085627146 0.42580456
vn 0.5061166 -0.118868075 0.8542344
vn 0.23674011 0.14917521 0.96005255
vn 0.94145954 0.088710755 0.3252451
vn 0.06653734 0.124887206 0.98993737
vn 0.2422824 0.12403219 -0.9622449
vn -0.042884912 -0.0077774893 -0.9990497
vn 0.69406116 -0.6007969 -0.3966387
vn -0.066207 0.42397264 0.9032518
vn 0.5079856 0.63355803 0.5835708
vn 0.9098319 0.059410203 0.41070226
vn 0.93282795 -0.020251164 0.35975257
vn 0.9951746 0.046216685 -0.086553745
vn 0.3584047 0.11730855 -0.9261667
vn 0.23641954 -0.07621804 -0.96865714
vn 0.3388553 -0.035073783 -0.94018453
vn 0.9807213 0.015342398 -0.19480845
vn 0.8721475 -0.05314862 -0.48634762
vn 0.726043 -0.01634135 -0.6874551
vn 0.7118889 0.019228803 -0.7020288
vn -0.078374155 0.8940201 -0.44111854
vn 0.3621892 -0.099381976 0.92679137
vn -0.8177313 0.47817665 0.32040998
vn -0.01545768 0.79810876 0.6023151
vn 0.8328646 -0.060287412 0.55018365
vn 0.067826115 -0.09527432 0.99313766
vn 0.4344357 -0.13159953 0.89103717
vn 0.94904256 -0.013952144 0.314839
vn 0.4280585 0.038112566 0.902947
vn 0.9747815 0.0290906 0.2212571
vn -0.013054739 0.12640023 0.9918934
vn 0.9993959 0.0032959334 0.03459635
vn 0.6933092 0.09581678 0.7142419
vn 0.9646046 0.02285141 -0.26270854
vn 0.7265441 -0.06149584 -0.6843625
vn 0.63257885 -0.03476547 -0.77371526
vn 0.84426117 0.0137614785 -0.5357553
vn 0.80650383 -0.06757519 -0.5873544
vn 0.6642305 -0.06596994 0.74461114
vn 0.062289875 -0.10836294 -0.992158
vn -0.24689312 0.72647166 -0.6413133
vn 0.25569266 0.10251502 -0.9613074
vn 0.08092931 -0.99138767 -0.102961
vn -0.28498158 -0.50931764 0.8120228
vn -0.60610235 0.067160524 0.79254615
vn 0.6642305 -0.06596994 0.74461114
vn -0.40705624 0.6633948 -0.62786347
vn -0.15480375 0.486522 -0.85984427
vn -0.45423472 0.45018783 -0.7687664
vn -0.079035416 0.10203029 -0.99163663
vn -0.9997033 -0.002190757 -0.024258954
vn -0.6301061 -0.098022506 -0.7702973
vn -0.9885019 -0.0024427464 0.15118887
vn -0.90827566 0.05762976 -0.41438398
vn -0.71794856 -0.040552087 0.694914
vn -0.84576595 0.14441717 0.51363766
vn -0.8684542 -0.4279117 -0.2503574
vn -0.42863193 0.641218 0.63648576
vn -0.9972217 -0.028094864 -0.06898958
vn -0.48292693 0.646192 -0.5909462
vn -0.3650451 -0.6147087 0.69919616
vn -0.13878807 0.000080237034 -0.9903221
vn -0.72347873 -0.036727272 0.689369
vn -0.14165659 0.10003384 -0.98484856
vn 0.2432882 -0.10839385 -0.96387845
vn -0.20697689 -0.5028149 -0.8392483
vn -0.58835804 -0.049679235 0.80707294
vn -0.9066975 -0.42079148 -0.028881978
vn -0.7692914 0.07251215 -0.63476986
vn -0.78053766 0.47143328 -0.41050172
vn -0.7030336 0.046862133 0.70961094
vn -0.75457525 -0.10387964 -0.6479392
vn -0.96889424 -0.019668654 -0.24669221
vn -0.981105 0.029569998 -0.19120298
vn -0.27734804 -0.056793496 -0.95908946
vn -0.5309899 0.43204954 0.7289602
vn -0.52768916 -0.49016497 -0.69374526
vn -0.52768916 -0.49016497 -0.69374526
vn 0.26053172 0.13436963 -0.95606905
vn -0.7692914 0.07251215 -0.63476986
vn -0.75457525 -0.10387964 -0.6479392
vn -0.27734804 -0.056793496 -0.95908946
vn 0.2226652 -0.03740066 -0.9741773
vn -0.22434501 0.050138194 -0.97321916
vn -0.981105 0.029569998 -0.19120298
vn -0.04529804 0.6740226 -0.73732054
vn -0.78053766 0.47143328 -0.41050172
vn 0.60892797 0.069370806 -0.79018635
vn 0.74589825 0.098491296 -0.65873766
vn 0.70696867 -0.10563527 -0.69931144
vn 0.7515383 -0.017133994 -0.6594669
vn 0.2143902 -0.7196912 -0.6603646
vn -0.25640583 -0.9072041 0.33352178
vn -0.9066975 -0.42079148 -0.028881978
vn -0.58835804 -0.049679235 0.80707294
vn -0.7030336 0.046862133 0.70961094
vn 0.3888098 0.017346948 0.92115474
vn -0.5309899 0.43204954 0.7289602
vn -0.088679925 0.99170744 0.093017064
vn 0.3224614 0.14219354 0.9358417
vn 0.9047697 -0.069168776 0.42024693
vn 0.44685644 -0.051267873 0.8931354
vn 0.99913853 0.006412689 -0.041000336
vn 0.9765454 0.0002871266 0.21531142
vn 0.74589825 0.098491296 -0.65873766
vn 0.60892797 0.069370806 -0.79018635
vn 0.70696867 -0.10563527 -0.69931144
vn 0.2226652 -0.03740066 -0.9741773
vn 0.9582791 0.025340118 0.28470874
vn 0.7515383 -0.017133994 -0.6594669
vn 0.5822704 0.5537325 -0.5952659
vn 0.2143902 -0.7196912 -0.6603646
vn -0.14165659 0.10003384 -0.98484856
vn -0.13878807 0.000080237034 -0.9903221
vn 0.727668 0.09411623 -0.67944205
vn 0.80612415 -0.013501623 -0.59159243
vn -0.48292693 0.646192 -0.5909462
vn 0.2432882 -0.10839385 -0.96387845
vn 0.86288315 -0.074829616 -0.49983323
vn -0.20697689 -0.5028149 -0.8392483
vn 0.8743145 -0.45966384 0.15583096
vn 0.99906504 -0.0087503595 0.042337153
vn 0.9441554 -0.013597934 0.3292198
vn 0.7968968 0.06224764 0.60089993
vn 0.9321214 -0.06543424 0.35618547
vn -0.3650451 -0.6147087 0.69919616
vn 0.84303594 0.19005153 0.5031608
vn 0.041588783 0.8323288 0.5527197
vn -0.04529804 0.6740226 -0.73732054
vn 0.2226652 -0.03740066 -0.9741773
vn 0.5822704 0.5537325 -0.5952659
vn -0.7638018 -0.305211 -0.56872934
vn -0.7911988 0.20826301 -0.5750052
vn -0.99601316 0.089190975 -0.0016728131
vn -0.83501333 -0.49187145 -0.24660741
vn -0.68701893 -0.68408704 -0.24501
vn -0.6518976 -0.37151736 -0.6610631
vn -0.9412284 -0.08125323 -0.32785222
vn -0.9647643 -0.23171428 -0.12465298
vn -0.9295589 0.0542472 -0.36466092
vn -0.941826 -0.15036385 -0.30059022
vn -0.98432845 0.05853676 -0.16634579
vn -0.9935142 -0.11292203 0.013347845
vn -0.24345204 0.034539152 -0.96929777
vn -0.9927619 0.08336226 0.08645536
vn -0.33623073 0.06388492 -0.93961036
vn -0.6523363 0.5505935 -0.52086866
vn -0.7911988 0.20826301 -0.5750052
vn -0.9295589 0.0542472 -0.36466092
vn -0.74293685 0.48153278 -0.46494195
vn -0.9200291 0.007858833 -0.3917712
vn -0.68364835 -0.29298085 -0.6684214
vn -0.91066474 0.33119687 -0.2469785
vn -0.35328165 -0.2066197 -0.9124146
vn -0.75686836 0.08591592 -0.64789563
vn -0.9646225 0.22090515 0.14388996
vn -0.9927619 0.08336226 0.08645536
vn -0.98432845 0.05853676 -0.16634579
vn -0.9935142 -0.11292203 0.013347845
vn -0.941826 -0.15036385 -0.30059022
vn -0.33623073 0.06388492 -0.93961036
vn -0.15170652 -0.05246078 -0.9870324
vn -0.2732613 -0.0071496554 0.9619133
vn -0.524811 -0.16079496 0.83589375
vn -0.37096193 0.27941364 0.88561577
vn -0.14428346 -0.060789775 0.9876674
vn 0.44148484 0.81041557 0.38512042
vn 0.16140816 0.69336444 0.7022771
vn 0.5460898 0.5448089 0.63637185
vn 0.31358483 0.21094804 0.92583233
vn 0.4336758 0.4538156 0.77844507
vn 0.61325777 0.65221626 0.44556576
vn 0.7051162 0.5671272 0.4256499
vn 0.59705967 0.7627232 0.24854188
vn 0.45431387 0.82329804 0.34026343
vn 0.6596133 0.036259424 0.75073004
vn 0.12578467 0.99205124 0.0035369273
vn 0.3682928 0.539313 0.75729907
vn 0.6555775 0.5921181 0.46863028
vn 0.4457799 0.45697668 0.7697094
vn 0.460403 0.8052035 -0.37373304
vn 0.7397408 0.59402275 0.3161021
vn 0.46120316 0.87012327 0.17371584
vn 0.68245643 0.3840928 0.62187296
vn 0.60869795 0.44896755 0.6541521
vn 0.2754465 0.2618117 0.9249778
vn 0.75316983 0.6251968 -0.2046074
vn 0.73945004 0.56674016 0.36334455
vn 0.77311885 0.53787136 -0.33612737
vn 0.75476885 0.5995408 0.2662231
vn 0.74965286 0.47427464 0.46161044
vn 0.8884203 0.13334832 0.43923524
vn 0.26790494 0.18802844 0.94491917
vn 0.70380884 0.3686917 0.60722286
vn 0.7902388 0.5802284 0.19712345
vn 0.5259127 0.72311497 0.44779524
vn 0.77448475 0.61928743 -0.12905993
vn 0.6760258 0.17821984 0.7150013
vn 0.78592604 0.48486462 0.38370118
vn 0.7144584 0.60058427 0.35895365
vn 0.7442577 0.5668387 -0.35323414
vn 0.66495436 0.5801609 0.47037113
vn 0.07324375 0.10963201 0.99127
vn 0.8271358 0.44413748 0.34436637
vn 0.032373995 -0.99441946 0.10040858
vn 0.6959113 0.5180276 0.49734783
vn 0.64577 0.7148221 0.2683476
vn 0.64678997 0.7246823 0.2376937
vn 0.73307693 0.4377671 0.5205364
vn 0.88469636 0.35395607 0.30336016
vn 0.25092694 0.9523743 0.17325956
vn 0.7575637 0.6169896 -0.21312226
vn 0.83511376 0.39764947 0.38007885
vn 0.889095 0.33231112 -0.31476876
vn 0.9559734 0.29306895 0.015014928
vn 0.7870191 0.50192225 -0.35871306
vn 0.8395786 0.5431977 -0.006638237
vn 0.6650366 0.71104014 -0.22835976
vn 0.61895764 0.7852775 -0.015191417
vn 0.28731057 0.95654553 0.049732096
vn 0.12578467 0.99205124 0.0035369273
vn 0.59705967 0.7627232 0.24854188
vn 0.61325777 0.65221626 0.44556576
vn 0.460403 0.8052035 -0.37373304
vn 0.003610341 0.7685498 -0.6397798
vn 0.012902721 0.72653884 0.6870042
vn 0.113764204 -0.52117014 -0.84583646
vn -0.035657622 -0.41462567 -0.9092932
vn 0.004449762 0.92646575 -0.3763528
vn 0.02164439 0.4408214 -0.8973338
vn -0.002855189 0.7196184 0.6943639
vn 0.018730693 -0.793702 -0.6080183
vn -0.02767824 0.8446117 -0.5346634
vn -0.0860269 -0.6108881 -0.78702927
vn -0.3802547 0.6339037 -0.6734779
vn -0.74099976 -0.38448465 -0.55053693
vn -0.06386582 0.9720928 -0.22573607
vn -0.30880743 0.951122 -0.0022119589
vn -0.5785898 0.74024075 0.34245798
vn 0.6555775 0.5921181 0.46863028
vn 0.7051162 0.5671272 0.4256499
vn 0.6596133 0.036259424 0.75073004
vn 0.12578467 0.99205124 0.0035369273
vn 0.3682928 0.539313 0.75729907
vn 0.012902721 0.72653884 0.6870042
vn 0.07761231 -0.4753926 0.87634367
vn 0.04517947 -0.65795285 0.75170267
vn 0.004449762 0.92646575 -0.3763528
vn -0.002855189 0.7196184 0.6943639
vn -0.04380515 -0.60045296 0.79845935
vn -0.03826604 0.6802064 0.7320211
vn -0.02767824 0.8446117 -0.5346634
vn -0.86857134 0.25102693 0.42728123
vn -0.73666346 0.5810272 0.34602657
vn -0.97635615 0.18563329 0.11076554
vn -0.60327864 0.5057432 0.6166674
vn -0.8560854 0.5138292 0.05565421
vn -0.06386582 0.9720928 -0.22573607
vn -0.870181 -0.008940801 0.49265102
vn -0.6088801 0.1668992 0.7755061
vn -0.72276473 0.21742699 0.6560005
vn -0.795759 0.60272515 0.059075676
vn -0.76998204 0.4851019 0.41449222
vn -0.46904027 0.8761262 -0.11137329
vn -0.7763094 -0.048796445 0.6284606
vn -0.51038814 0.79728526 0.3222424
vn -0.3402737 0.30821186 0.8883801
vn -0.77868783 -0.6202111 -0.094781086
vn -0.84735537 -0.16775194 0.5038334
vn -0.48760733 -0.5889771 0.6444727
vn -0.86297774 0.06910822 0.5004932
vn -0.5096501 0.56145453 0.65193987
vn -0.46149048 0.83856726 0.28953663
vn -0.79341114 0.31180355 0.5227594
vn -0.8320739 -0.23376176 0.5029994
vn -0.84448266 0.025760073 0.534963
vn -0.60938156 -0.5525632 0.5686194
vn -0.56333107 0.67280966 0.47956783
vn -0.051538225 0.95799625 0.28211173
vn -0.74099976 -0.38448465 -0.55053693
vn -0.56064814 0.6903015 0.45733747
vn -0.6069674 0.46005243 0.64802957
vn -0.56851596 0.04745466 0.8213024
vn -0.5370919 0.56553656 0.62586
vn -0.66063225 0.14782174 0.7360121
vn -0.3802547 0.6339037 -0.6734779
vn -0.8090311 0.08747365 0.5812203
vn -0.32457128 0.4139562 0.8504668
vn -0.71521986 0.20499839 0.6681588
vn -0.003514499 0.76037174 0.6494786
vn -0.4631961 0.4138712 0.7836836
vn -0.6874247 0.059742622 0.7237942
vn -0.3402737 0.30821186 0.8883801
vn -0.30880743 0.951122 -0.0022119589
vn -0.22051375 0.07922795 0.9721608
vn -0.6415108 0.41105068 0.6476891
vn -0.23586468 0.966659 0.09969065
vn -0.358728 -0.101038985 0.92795765
vn -0.34430957 0.3947024 0.85185736
vn -0.3330869 -0.016887635 0.9427449
vn -0.5785898 0.74024075 0.34245798
vn -0.46686497 0.82691723 0.31344053
vn -0.5785898 0.74024075 0.34245798
vn -0.6271563 0.61275953 0.48083335
vn -0.53619176 0.5519188 0.638658
vn -0.361766 0.21592438 0.90691894
vn -0.28105298 0.91501623 0.2894037
vn -0.3837086 0.7073328 0.59367335
vn -0.19063823 0.21164365 0.95857394
vn -0.0075355875 0.60050964 0.799582
vn -0.029942667 0.9251343 0.37845734
vn 0.14511454 0.83732754 0.5270905
vn 0.101983 0.8097881 -0.5777913
vn 0.55052096 0.7712016 -0.31964782
vn 0.41283718 0.90499854 0.10267977
vn 0.6985375 0.71329314 -0.05708102
vn -0.01034082 0.67360437 -0.73901975
vn -0.027495854 0.22999798 0.9728026
vn -0.04645458 0.93717647 0.34574878
vn -0.024075218 0.04999532 0.9984592
vn -0.012012329 0.9714619 -0.23689121
vn -0.008240166 0.5370812 0.8434903
vn -0.007010188 0.23431979 -0.9721343
vn -0.011649307 0.98395777 -0.17802086
vn -0.20552309 0.8537326 0.4784359
vn -0.51625204 0.52090377 0.6798111
vn 0.014617336 0.58042353 -0.8141836
vn -0.5083503 0.78073436 -0.36336458
vn -0.77157295 0.51942307 -0.36725312
vn -0.62918943 0.6115985 -0.47965395
vn 0.101983 0.8097881 -0.5777913
vn 0.2771781 0.18431388 -0.9429744
vn 0.40459788 0.6556099 -0.6375549
vn 0.06836703 -0.33844525 -0.9384992
vn 0.29521844 -0.5183183 -0.8026158
vn 0.93941176 0.120016724 0.3210943
vn 0.7196081 0.46925473 -0.5118243
vn 0.06423643 -0.9913936 0.11407187
vn -0.01034082 0.67360437 -0.73901975
vn -0.013541276 -0.9989317 -0.044182457
vn -0.05087309 -0.6980159 -0.71427286
vn -0.041197617 -0.9462686 0.32074666
vn -0.007010188 0.23431979 -0.9721343
vn -0.12453798 -0.45251495 -0.88301784
vn -0.9052487 0.08325268 -0.41664582
vn -0.46565384 0.5249686 -0.7124426
vn -0.56868434 0.64193624 -0.51431113
vn 0.014617336 0.58042353 -0.8141836
vn 0.113764204 -0.52117014 -0.84583646
vn 0.8884203 0.13334832 0.43923524
vn 0.460403 0.8052035 -0.37373304
vn 0.3682928 0.539313 0.75729907
vn 0.07761231 -0.4753926 0.87634367
vn 0.04517947 -0.65795285 0.75170267
vn -0.035657622 -0.41462567 -0.9092932
vn -0.041810464 -0.9908211 -0.12855089
vn -0.04380515 -0.60045296 0.79845935
vn 0.018730693 -0.793702 -0.6080183
vn -0.0860269 -0.6108881 -0.78702927
vn -0.60938156 -0.5525632 0.5686194
vn -0.74099976 -0.38448465 -0.55053693
vn -0.3402737 0.30821186 0.8883801
vn -0.027495854 0.22999798 0.9728026
vn 0.14511454 0.83732754 0.5270905
vn 0.93941176 0.120016724 0.3210943
vn 0.06423643 -0.9913936 0.11407187
vn -0.013541276 -0.9989317 -0.044182457
vn -0.024075218 0.04999532 0.9984592
vn 0.0146140335 -0.53594595 0.8441258
vn -0.008240166 0.5370812 0.8434903
vn -0.041197617 -0.9462686 0.32074666
vn -0.51625204 0.52090377 0.6798111
vn -0.9052487 0.08325268 -0.41664582
vn 0.66302097 0.36973333 -0.6509228
vn 0.45976362 0.5927348 -0.66127366
vn 0.40604904 0.2919606 -0.865958
vn 0.5491185 0.28787404 -0.78460014
vn 0.7420144 0.5874852 -0.32291764
vn 0.08146097 0.7171465 -0.6921452
vn 0.056800786 0.95276046 0.2983641
vn 0.0054151593 0.25736812 -0.9662983
vn -0.080084465 0.96905667 0.23348597
vn -0.07388675 0.7834842 -0.61700344
vn -0.77458936 0.12875925 -0.6192191
vn -0.58163685 0.5318305 -0.6155119
vn -0.40910268 0.17370033 -0.8958031
vn 0.90650034 0.19818579 -0.37279966
vn 0.5491185 0.28787404 -0.78460014
vn 0.045528755 -0.44074118 -0.8964789
vn 0.08146097 0.7171465 -0.6921452
vn 0.0054151593 0.25736812 -0.9662983
vn 0.041450854 -0.9988526 0.0239856
vn 0.018538164 -0.9987736 -0.04590921
vn -0.050996955 -0.40160385 -0.91439253
vn -0.07388675 0.7834842 -0.61700344
vn -0.1742666 -0.9810329 0.0848856
vn -0.7416033 -0.022447698 -0.67046297
vn -0.89016753 -0.30653876 -0.33709896
vn -0.40910268 0.17370033 -0.8958031
vn 0.056800786 0.95276046 0.2983641
vn 0.7420144 0.5874852 -0.32291764
vn 0.85807973 0.41879013 0.2971768
vn 0.013636071 -0.46985996 0.88263565
vn 0.90650034 0.19818579 -0.37279966
vn 0.041450854 -0.9988526 0.0239856
vn 0.033702534 -0.15427211 0.9874534
vn 0.018538164 -0.9987736 -0.04590921
vn -0.080084465 0.96905667 0.23348597
vn -0.12830007 -0.35168764 0.9272836
vn -0.1742666 -0.9810329 0.0848856
vn -0.89016753 -0.30653876 -0.33709896
vn -0.77458936 0.12875925 -0.6192191
vn -0.025757581 0.26929164 -0.96271414
vn 0.8271358 0.44413748 0.34436637
vn 0.66495436 0.5801609 0.47037113
vn -0.015226338 0.98103565 0.19322832
vn -0.002068117 0.496597 0.86797875
vn -0.03145565 0.95462936 -0.2961306
vn -0.05073133 -0.3082548 -0.94995016
vn -0.09413521 0.7941712 0.6003588
vn -0.795759 0.60272515 0.059075676
vn -0.66063225 0.14782174 0.7360121
vn -0.5096501 0.56145453 0.65193987
vn 0.8271358 0.44413748 0.34436637
vn 0.032373995 -0.99441946 0.10040858
vn 0.6760258 0.17821984 0.7150013
vn -0.025757581 0.26929164 -0.96271414
vn -0.05073133 -0.3082548 -0.94995016
vn -0.026825787 -0.9836583 -0.17803574
vn 0.0006747847 -0.74777234 0.66395485
vn -0.77868783 -0.6202111 -0.094781086
vn -0.795759 0.60272515 0.059075676
vn -0.48760733 -0.5889771 0.6444727
vn 0.032373995 -0.99441946 0.10040858
vn -0.10671973 -0.12691121 0.9861564
vn 0.66495436 0.5801609 0.47037113
vn -0.015226338 0.98103565 0.19322832
vn 0.0006747847 -0.74777234 0.66395485
vn -0.002068117 0.496597 0.86797875
vn -0.018479263 -0.4404331 0.8975952
vn -0.026825787 -0.9836583 -0.17803574
vn -0.09413521 0.7941712 0.6003588
vn -0.48760733 -0.5889771 0.6444727
vn -0.56851596 0.04745466 0.8213024
vn -0.66063225 0.14782174 0.7360121
vn -0.98277557 -0.14957887 0.108528115
vn -0.86857134 0.25102693 0.42728123
vn -0.97635615 0.18563329 0.11076554
vn -0.9879181 -0.14662437 -0.050190687
vn -0.98297215 0.17112528 -0.06694718
vn -0.9093573 0.049998514 -0.41300058
vn -0.7785716 0.36992863 -0.506931
vn -0.870181 -0.008940801 0.49265102
vn -0.97612584 -0.21384586 0.038055785
vn -0.8560854 0.5138292 0.05565421
vn -0.94049186 -0.12722681 -0.31510067
vn -0.92274654 -0.20848204 0.3241513
vn -0.77458936 0.12875925 -0.6192191
vn -0.78473073 0.5478203 -0.28998372
vn -0.9771914 -0.16093427 0.1385536
vn -0.9997288 -0.020824967 -0.010422749
vn -0.9846489 -0.14187028 -0.1016827
vn -0.9455645 0.2765578 0.17153284
vn -0.8465068 0.50626737 -0.16468026
vn -0.35247925 0.9352537 0.03254182
vn -0.46149048 0.83856726 0.28953663
vn -0.7885818 0.20272739 -0.58055174
vn -0.795759 0.60272515 0.059075676
vn -0.51858646 0.77643096 -0.3580824
vn -0.84735537 -0.16775194 0.5038334
vn -0.77868783 -0.6202111 -0.094781086
vn -0.7895578 -0.005484878 -0.61365163
vn -0.79164755 -0.1817847 -0.5833082
vn -0.896428 0.019888239 -0.44274294
vn -0.7969205 0.4071023 -0.44630197
vn -0.89016753 -0.30653876 -0.33709896
vn -0.8518627 -0.06549348 -0.5196542
vn -0.7416033 -0.022447698 -0.67046297
vn -0.70678866 0.45953944 -0.5378413
vn -0.86491525 0.12054208 -0.48722804
vn -0.39950347 0.78611505 -0.47161436
vn -0.58163685 0.5318305 -0.6155119
vn -0.8613493 -0.19277899 -0.47001448
vn -0.5389491 0.17359732 -0.82425594
vn -0.40910268 0.17370033 -0.8958031
vn -0.70724446 0.011908125 -0.70686877
vn -0.37564892 0.15491071 -0.91372347
vn -0.2200389 0.2103604 -0.95253944
vn -0.5769757 -0.13800085 -0.80501854
vn -0.2414043 -0.0038423555 -0.970417
vn -0.59188646 0.5246496 -0.6118931
vn -0.7785716 0.36992863 -0.506931
vn -0.78473073 0.5478203 -0.28998372
vn -0.9093573 0.049998514 -0.41300058
vn -0.48604494 0.6515144 -0.5824854
vn -0.8560854 0.5138292 0.05565421
vn -0.46904027 0.8761262 -0.11137329
vn -0.7885818 0.20272739 -0.58055174
vn -0.7928884 0.50175714 -0.34578568
vn -0.5435445 0.6545264 -0.5255041
vn -0.9052487 0.08325268 -0.41664582
vn -0.51625204 0.52090377 0.6798111
vn -0.70678866 0.45953944 -0.5378413
vn -0.46565384 0.5249686 -0.7124426
vn -0.5241317 0.50962883 -0.6823228
vn -0.56868434 0.64193624 -0.51431113
vn -0.5083503 0.78073436 -0.36336458
vn -0.37564892 0.15491071 -0.91372347
vn -0.46638834 0.5678169 -0.67828155
vn -0.77157295 0.51942307 -0.36725312
vn -0.62918943 0.6115985 -0.47965395
vn 0.014617336 0.58042353 -0.8141836
vn -0.56868434 0.64193624 -0.51431113
vn -0.12453798 -0.45251495 -0.88301784
vn -0.45950568 0.8207597 -0.33942306
vn -0.56217265 0.6503198 -0.51092666
vn -0.20552309 0.8537326 0.4784359
vn 0.014617336 0.58042353 -0.8141836
vn -0.17029622 0.16657633 -0.9712114
vn -0.3622829 0.31624404 -0.87677866
vn -0.09108205 0.99246705 -0.081934325
vn -0.18846628 0.92695177 -0.32440847
vn -0.20892888 0.6641555 -0.7178065
vn -0.9455645 0.2765578 0.17153284
vn -0.9997288 -0.020824967 -0.010422749
vn -0.35247925 0.9352537 0.03254182
vn -0.46149048 0.83856726 0.28953663
vn 0.18415314 -0.21378504 0.95936626
vn 0.2098876 0.039388124 0.9769318
vn 0.15857637 0.061884593 0.98540545
vn 0.20022342 -0.31866667 0.9264783
vn 0.099527545 -0.22779939 0.96860814
vn 0.08176334 -0.3757812 0.9230944
vn -0.15138978 -0.09661414 0.9837412
vn -0.14537287 -0.10356646 0.98394144
vn 0.11171612 -0.18584435 -0.9762077
vn 0.23441687 0.25096977 -0.93918204
vn 0.03335829 -0.084479034 -0.9958667
vn 0.3263173 -0.39279643 -0.8597837
vn 0.6483914 0.15818267 -0.7446924
vn 0.82032716 -0.24594761 -0.51630723
vn 0.75415736 0.24097423 -0.610883
vn 0.48837513 -0.30067027 -0.8191991
vn 0.952982 -0.115946606 -0.27996728
vn 0.9395885 -0.31935924 -0.12321967
vn 0.5685799 0.61572516 -0.54552674
vn 0.9208401 0.05892866 -0.38546196
vn 0.9555709 -0.2728208 -0.11159347
vn 0.42186907 -0.17472693 -0.8896612
vn 0.8008468 0.18291736 -0.57025045
vn 0.835023 -0.53898984 -0.11057358
vn 0.8445784 -0.2905219 -0.4497604
vn 0.77168757 -0.017580088 -0.6357588
vn 0.8047251 -0.58495784 -0.10120194
vn 0.9462505 -0.30370343 -0.11123925
vn 0.79330015 -0.551758 -0.25736743
vn 0.37649602 -0.2692707 -0.88642204
vn 0.7036121 -0.67721057 -0.21521127
vn 0.535759 -0.4494642 -0.7148037
vn 0.5997669 -0.6296448 -0.49378848
vn 0.61499876 -0.72619236 -0.30728036
vn 0.9816843 -0.1786619 -0.06615015
vn 0.50785464 -0.7372078 -0.44565505
vn 0.7309986 -0.46325436 -0.5010354
vn 0.65175855 -0.7560949 -0.059425447
vn 0.7189322 0.43353233 -0.5433104
vn 0.50954694 0.3748771 -0.77448636
vn 0.369473 0.12473888 -0.9208311
vn 0.6900424 -0.60981065 -0.38983652
vn 0.89857364 0.15470514 -0.410648
vn 0.64746064 -0.07165726 -0.75872254
vn 0.6900424 -0.60981065 -0.38983652
vn 0.7309986 -0.46325436 -0.5010354
vn 0.6470575 -0.20344219 -0.7347979
vn 0.092454374 -0.5745291 -0.81324565
vn 0.18161394 -0.886672 -0.42524
vn 0.11567929 -0.17815098 -0.9771799
vn 0.4885521 -0.8179248 -0.30383536
vn 0.71184963 -0.62968636 -0.31107107
vn 0.16480839 -0.96819866 -0.1882274
vn 0.3438652 -0.8173338 -0.46230096
vn -0.036334205 -0.63931376 -0.7680871
vn 0.24241118 -0.6010221 -0.7615834
vn 0.5225982 -0.80289716 -0.28678778
vn -0.1814384 -0.6295943 -0.75544095
vn 0.17351401 -0.3009661 -0.93771654
vn 0.31359327 -0.8285759 -0.4638116
vn 0.28027233 -0.78180313 -0.5569841
vn 0.6431616 -0.75370073 -0.13519743
vn -0.6638676 -0.693319 -0.28033644
vn 0.36356 -0.6985831 -0.61628383
vn 0.033128798 -0.33663324 -0.9410529
vn 0.6677722 -0.68647796 0.28779915
vn 0.7191065 -0.6929168 -0.052460264
vn 0.40502462 -0.72051865 -0.5628569
vn 0.815158 -0.44251916 -0.37375692
vn 0.77697283 -0.41296303 -0.4751576
vn 0.6063783 -0.19373211 -0.77121544
vn 0.11184443 0.4058106 -0.907088
vn 0.11171612 -0.18584435 -0.9762077
vn 0.6483914 0.15818267 -0.7446924
vn 0.18536371 0.28604332 -0.94011676
vn 0.44553247 0.7523382 -0.48527113
vn 0.75415736 0.24097423 -0.610883
vn 0.19840421 0.36427853 -0.9099104
vn 0.5685799 0.61572516 -0.54552674
vn 0.33470288 0.7949523 -0.50598896
vn 0.8008468 0.18291736 -0.57025045
vn 0.952982 -0.115946606 -0.27996728
vn 0.9208401 0.05892866 -0.38546196
vn 0.32877752 0.8482003 -0.4152849
vn 0.82032716 -0.24594761 -0.51630723
vn 0.77168757 -0.017580088 -0.6357588
vn 0.44628063 0.20226169 -0.8717361
vn 0.3340452 0.8388998 -0.42972192
vn 0.9816843 -0.1786619 -0.06615015
vn 0.77946717 0.594446 -0.19764838
vn 0.46078676 0.83050007 -0.31296206
vn 0.4045273 0.6780558 -0.6136758
vn 0.38345984 0.83285683 -0.3991341
vn 0.2554261 0.95762205 -0.13310705
vn 0.42771763 0.034225408 -0.9032642
vn 0.085096195 0.7942346 -0.6016229
vn 0.6353691 0.72159487 -0.2749672
vn 0.35957602 0.41301167 -0.8367356
vn 0.6300202 0.77358556 0.06811725
vn 0.43762636 0.820546 0.36767852
vn 0.6192166 0.7147537 -0.32511228
vn 0.7401978 0.3954811 0.54378486
vn 0.8758586 -0.064201795 -0.47827795
vn -0.3717616 -0.11463115 -0.92122364
vn 0.18656348 -0.08365192 -0.9788751
vn 0.6667323 -0.022287069 -0.74496394
vn 0.35957602 0.41301167 -0.8367356
vn 0.0729911 -0.062459394 -0.99537486
vn 0.11567929 -0.17815098 -0.9771799
vn 0.71184963 -0.62968636 -0.31107107
vn 0.45142558 0.2000013 -0.8696059
vn -0.10562708 0.0846379 -0.99079734
vn 0.8647756 0.052145343 -0.49944374
vn 0.4367047 0.027589837 -0.8991817
vn 0.98225874 0.01136599 -0.1871861
vn 0.64521575 0.061510693 0.7615202
vn 0.73998225 -0.045221675 0.6711045
vn 0.99772215 -0.0037851278 -0.067351416
vn 0.9998345 0.01797136 0.0028331839
vn 0.99575317 0.045971304 0.079763964
vn 0.812512 0.50744575 -0.28692004
vn 0.812512 0.50744575 -0.28692004
vn 0.606659 0.7313829 -0.31151876
vn 0.25211763 0.52555144 -0.81254685
vn 0.69296026 0.68795586 -0.21569157
vn 0.75176424 0.6580617 0.042490397
vn -0.09050072 0.8455767 -0.52612704
vn -0.093260035 0.4142002 0.9053954
vn 0.66474736 0.55542207 -0.49961713
vn -0.130101 0.16030584 -0.9784558
vn -0.87955815 0.04819399 -0.4733443
vn 0.80359095 0.12424793 -0.5820688
vn 0.80136544 -0.0016317103 -0.59817284
vn -0.11086712 0.015561656 -0.9937134
vn 0.3776597 0.4573515 -0.8051104
vn 0.69425374 -0.08976186 -0.71411103
vn -0.49828336 -0.085196726 -0.8628182
vn -0.20724991 -0.09451801 -0.9737114
vn 0.8374032 0.5460303 -0.024634313
vn 0.85334784 0.5198092 -0.03994921
vn 0.033128798 -0.33663324 -0.9410529
vn 0.815158 -0.44251916 -0.37375692
vn 0.89067376 -0.09218276 -0.44519955
vn 0.0026917504 -0.12801613 -0.9917684
vn 0.7825756 0.09202145 -0.615717
vn 0.95422804 -0.026494155 -0.29790422
vn 0.6403818 -0.10580667 0.7607339
vn 0.9390987 -0.042068224 0.34106278
vn 0.94854444 0.031747073 0.31504846
vn 0.76387596 0.07476199 0.64101803
vn 0.8595006 0.4884371 -0.15062523
vn 0.82435596 0.027894503 0.56538403
vn 0.85334784 0.5198092 -0.03994921
vn 0.7804978 0.058145735 0.6224486
vn 0.66474736 0.55542207 -0.49961713
vn 0.6677722 -0.68647796 0.28779915
vn 0.78183156 0.16920646 -0.60009044
vn 0.1716185 0.1707715 -0.97024953
vn 0.33924365 0.3104867 -0.88798183
vn 0.78555745 0.25095737 -0.5656146
vn 0.32841745 0.3134518 -0.89100504
vn 0.79955447 0.18462354 -0.5715127
vn 0.16867629 0.14660463 -0.97470784
vn 0.7180838 0.017137589 -0.69574565
vn 0.8096114 0.43100604 -0.39845097
vn 0.8725889 -0.32902065 -0.36101806
vn 0.3072916 -0.45725468 -0.8345598
vn 0.5787465 -0.019340273 -0.8152782
vn 0.84424514 0.12859161 -0.52030224
vn 0.6147856 -0.0025652116 -0.7886901
vn 0.16768193 0.13830532 -0.9760914
vn 0.82809293 0.20532525 -0.52163553
vn 0.9255494 0.0022461102 -0.3786203
vn 0.95193857 -0.014578088 -0.30594182
vn 0.9712891 0.022484703 -0.23683745
vn 0.9466863 0.15839174 -0.28053
vn 0.96570027 0.030163603 -0.25790152
vn 0.9743616 0.17051356 -0.14678091
vn 0.9804745 0.06621088 -0.18516466
vn 0.9803406 0.09044203 -0.17536391
vn 0.5729791 -0.6925289 0.43829063
vn 0.19600032 -0.43434754 0.87916213
vn 0.22765322 -0.11238552 0.96723497
vn 0.79438466 -0.1285779 0.59365034
vn 0.31387153 -0.2723446 0.90956753
vn 0.8601817 -0.43056682 0.27331248
vn 0.81019664 -0.50832146 0.29187444
vn 0.71306676 0.47238302 0.5180638
vn 0.97012717 -0.21921912 0.103905335
vn 0.8142654 -0.21612506 0.5387596
vn 0.96914136 -0.09466972 0.22760199
vn 0.99168766 -0.12100251 0.043748606
vn 0.97397536 -0.2263229 0.012245892
vn 0.6365183 -0.24346901 0.73182464
vn 0.9669684 -0.2217913 0.12562138
vn 0.9075566 -0.40067562 0.12569848
vn 0.8165109 0.128317 0.5628896
vn 0.9242838 -0.13918403 0.35542545
vn 0.8812579 -0.4706697 -0.04306456
vn 0.90652186 -0.4208465 0.0332614
vn 0.7754594 -0.55362093 0.30358952
vn 0.66242516 -0.7202454 0.20600833
vn 0.9242838 -0.13918403 0.35542545
vn 0.68630886 -0.061441254 0.72471035
vn 0.66104937 -0.4752795 0.5806231
vn 0.66104937 -0.4752795 0.5806231
vn 0.21304505 -0.08992139 0.9728957
vn 0.6764949 -0.73201966 0.08063439
vn 0.6095987 -0.6997097 0.37255305
vn 0.48006567 -0.25213262 0.8402179
vn 0.5433355 -0.5009416 0.6736795
vn 0.5433355 -0.5009416 0.6736795
vn 0.6771715 -0.6924429 0.24892074
vn 0.9816843 -0.1786619 -0.06615015
vn 0.6980386 -0.46417317 0.54523885
vn 0.5656477 -0.7512977 0.33999187
vn 0.72051823 -0.5501618 0.42210838
vn 0.25409085 -0.16464053 0.9530642
vn 0.6619521 0.56180996 0.4961744
vn 0.34721678 -0.3954925 0.8503095
vn 0.5024439 -0.7197176 0.4791207
vn 0.65175855 -0.7560949 -0.059425447
vn 0.63450164 -0.27530655 0.72222847
vn 0.6980386 -0.46417317 0.54523885
vn 0.72051823 -0.5501618 0.42210838
vn 0.34779698 0.1900922 0.9180971
vn 0.8836317 0.23234366 0.40646207
vn 0.8953775 -0.25054592 0.36813834
vn 0.1541081 -0.59250456 0.79068893
vn 0.81877816 -0.17170736 0.54783106
vn 0.1541081 -0.59250456 0.79068893
vn 0.09370522 -0.6824684 0.72488356
vn 0.102269866 -0.8810128 -0.46190622
vn 0.08002686 -0.20997189 0.97442675
vn 0.65175855 -0.7560949 -0.059425447
vn 0.4663718 -0.8015528 0.3741797
vn 0.45775503 -0.8057685 0.3757626
vn 0.049218163 -0.8616875 0.50504684
vn -0.14754333 -0.77044255 0.62020093
vn 0.7208121 -0.686124 -0.09830473
vn 0.260083 -0.44814628 0.8552905
vn 0.5819044 0.04478635 0.81202304
vn 0.90962845 -0.02642434 0.41458148
vn 0.99626327 -0.0074272123 -0.08604818
vn 0.9839763 0.023455793 -0.17674969
vn 0.5446145 -0.091505036 0.83367974
vn 0.63264525 0.32275704 0.70398
vn 0.94667757 -0.05540539 -0.3173827
vn 0.7214595 -0.24758144 0.6466835
vn 0.6913778 0.081022665 0.717936
vn 0.731736 0.67077905 0.120904535
vn 0.60972047 0.046492744 -0.7912518
vn 0.7208121 -0.686124 -0.09830473
vn 0.24782853 -0.7235635 0.6442336
vn 0.32410794 -0.7690125 0.5509753
vn 0.7214595 -0.24758144 0.6466835
vn 0.39486748 -0.74680626 0.5351262
vn 0.44557193 -0.8345615 0.32399496
vn 0.54615587 -0.7729162 0.32297727
vn 0.25270683 -0.41799226 0.87259483
vn -0.30100295 -0.671097 0.6775146
vn 0.44104293 -0.6883082 0.5759453
vn 0.6482135 -0.7512697 0.124149494
vn 0.09953792 -0.9845631 -0.14397092
vn 0.6431616 -0.75370073 -0.13519743
vn 0.22608618 -0.5855305 0.7784851
vn -0.38601562 0.14469656 0.91107345
vn 0.80795264 0.06739468 0.5853806
vn 0.22608618 -0.5855305 0.7784851
vn 0.7362159 -0.28951135 -0.61169386
vn 0.67817473 -0.30734506 0.66754633
vn 0.7721463 -0.5825153 0.25390163
vn 0.7721463 -0.5825153 0.25390163
vn 0.7362159 -0.28951135 -0.61169386
vn 0.85309947 -0.42561832 0.3017787
vn 0.8060345 -0.5826405 0.104107864
vn 0.4807697 0.00043228074 0.8768468
vn 0.83601904 0.026544958 0.548058
vn 0.24762991 -0.0019687018 0.9688527
vn 0.7191065 -0.6929168 -0.052460264
vn 0.67817473 -0.30734506 0.66754633
vn 0.8402627 -0.040515944 0.5406635
vn 0.625818 -0.025344152 0.7795572
vn 0.8177444 0.00093649677 0.57558084
vn 0.35660538 0.0012306784 0.9342543
vn 0.75492465 0.24368194 0.60885787
vn 0.85191745 -0.001177883 0.5236748
vn 0.9562442 -0.15768375 0.24644056
vn 0.85309947 -0.42561832 0.3017787
vn 0.97515076 -0.0018209637 0.22153485
vn 0.97661483 -0.002647167 0.21498007
vn 0.8974019 0.3477351 0.2715697
vn 0.92565286 -0.37673247 0.035204884
vn 0.8060345 -0.5826405 0.104107864
vn 0.99000204 -0.12456365 0.06618023
vn 0.96577114 -0.004641354 0.25935414
vn 0.96788013 0.07373308 0.24035692
vn 0.9893482 0.0028495297 0.14554046
vn 0.92565286 -0.37673247 0.035204884
vn 0.99999356 0.0020919598 0.0029244095
vn 0.99997556 -0.002019934 0.006696713
vn 0.9997842 -0.0028561968 0.020577239
vn 0.99914825 0.03834997 0.015233546
vn 0.844213 0.5359904 0.0043224953
vn 0.99998564 0.00484742 0.00228842
vn 0.9999649 -0.0067158453 -0.0050076214
vn 0.95317274 0.3024134 -0.002800549
vn 0.9999959 -0.0021543268 -0.0018874388
vn 0.9999082 -0.013135155 0.0033305625
vn 0.9999983 0.001837336 0.00034965738
vn 0.9999656 0.007883384 -0.002573544
vn 0.99948853 0.031234223 -0.0068595703
vn 0.9999789 -0.0059833797 0.0025293669
vn 0.972389 -0.22571322 -0.05927216
vn 0.9998031 -0.013967186 -0.014092729
vn 0.8923895 0.45084742 0.01943207
vn 0.99997246 -0.004806475 -0.0056530675
vn 0.9994972 0.031452343 -0.0040225806
vn 0.95796406 -0.23656343 -0.16230407
vn 0.99992466 0.0025836572 -0.011998571
vn 0.98594826 0.008420534 -0.16683854
vn 0.89065284 0.45427918 -0.019182472
vn 0.9280713 0.32062012 -0.1894369
vn 0.9680884 -0.009175241 -0.25044107
vn 0.9807242 -0.0068531786 -0.1952767
vn 0.9801665 -0.0018610758 -0.19816701
vn 0.9306895 -0.14144598 -0.33735746
vn 0.9493351 0.013391788 -0.3139802
vn 0.63716793 0.6066611 0.47537288
vn 0.3900138 0.5718505 0.7217176
vn 0.47993928 0.75858736 0.4406853
vn 0.10350924 0.19129284 0.97605985
vn 0.79438466 -0.1285779 0.59365034
vn 0.3699326 0.7909417 0.48740238
vn 0.39676216 0.8102968 0.4312759
vn 0.71306676 0.47238302 0.5180638
vn 0.23771375 0.38067994 0.8936302
vn 0.37656462 0.8188145 0.43329185
vn 0.8165109 0.128317 0.5628896
vn 0.9242838 -0.13918403 0.35542545
vn 0.96914136 -0.09466972 0.22760199
vn 0.38639566 0.82824695 0.40583912
vn 0.5475886 0.57807523 0.6049593
vn 0.68630886 -0.061441254 0.72471035
vn 0.6261667 0.2079072 0.7514585
vn 0.37326768 0.66514105 0.6467292
vn 0.34688136 0.83678144 0.42363918
vn 0.43762636 0.820546 0.36767852
vn 0.465479 0.55452275 0.68980706
vn 0.9816843 -0.1786619 -0.06615015
vn 0.77946717 0.594446 -0.19764838
vn 0.3822168 0.8381931 0.38902777
vn 0.46078676 0.83050007 -0.31296206
vn -0.33610684 0.78692144 0.51748127
vn 0.61311376 0.7234384 0.31737736
vn 0.15935889 0.46312305 0.87184966
vn -0.31207025 0.39649606 -0.86336726
vn 0.731736 0.67077905 0.120904535
vn 0.6300202 0.77358556 0.06811725
vn 0.63264525 0.32275704 0.70398
vn 0.14607379 0.5001022 0.8535574
vn 0.61170405 0.7053619 0.35816577
vn 0.6716116 0.7022852 0.23607914
vn 0.75176424 0.6580617 0.042490397
vn 0.31620237 0.54291147 0.7779866
vn -0.4580427 0.6912979 0.5588417
vn 0.5674598 0.6733461 0.4739139
vn 0.3561566 0.8419752 -0.40525326
vn 0.7516059 0.64893335 0.118211575
vn 0.60944253 0.577959 0.54271835
vn 0.6769862 0.5516231 0.48723873
vn 0.756642 0.5578102 -0.3410876
vn -0.38601562 0.14469656 0.91107345
vn -0.1111358 0.14552538 0.98309267
vn 0.80795264 0.06739468 0.5853806
vn -0.16552123 -0.11622511 0.9793337
vn 0.8742917 0.0040447423 0.485384
vn 0.41123638 -0.11463198 0.90429205
vn 0.60944253 0.577959 0.54271835
vn 0.9803428 -0.008431294 0.19712166
vn 0.46241912 0.050156385 0.8852417
vn 0.6523532 -0.047332756 0.75643563
vn 0.8410523 0.0726424 0.5360542
vn 0.83573705 0.5401551 0.09887387
vn 0.28555328 0.2879822 0.9140709
vn 0.74292725 0.27183488 0.6116902
vn 0.99979573 0.01994903 0.0032456543
vn 0.9996179 -0.0068242704 -0.02678681
vn 0.84885794 0.0122406725 -0.5284793
vn 0.96866214 -0.028405163 -0.24675252
vn 0.83573705 0.5401551 0.09887387
vn 0.61836886 0.15149596 -0.7711478
vn 0.5384024 0.11044526 -0.8354189
vn 0.8809951 -0.0652913 -0.46859866
vn 0.7362159 -0.28951135 -0.61169386
vn 0.2892086 0.11322737 -0.95054615
vn 0.756642 0.5578102 -0.3410876
vn 0.6228639 0.07920999 0.77830994
vn 0.28552127 0.18801421 0.93974906
vn 0.81893885 0.11586524 0.5620626
vn 0.8615455 0.4831267 0.15597409
vn 0.8374032 0.5460303 -0.024634313
vn 0.36288902 0.30676597 0.87988985
vn 0.77417207 0.25076053 0.5811857
vn 0.9265345 0.045072515 0.37350017
vn 0.8876097 0.45767978 0.051751595
vn 0.9613077 -0.17439416 0.21324684
vn 0.96981776 -0.2206441 -0.10377713
vn 0.96072036 0.13586958 0.24198312
vn 0.36917633 0.28868952 0.8833839
vn 0.16510741 0.13115378 0.97751635
vn 0.83070576 0.08535871 0.55012894
vn 0.79299945 0.22913204 0.5644913
vn 0.85562825 0.4869021 0.17557512
vn 0.95165384 0.10515612 -0.28861243
vn 0.80303323 -0.06160172 0.59274185
vn 0.39302057 -0.006395282 0.91950744
vn 0.2796384 -0.29134077 0.9148349
vn 0.5625902 -0.63584507 0.5283875
vn 0.9808102 0.19492123 0.0041184546
vn 0.8595006 0.4884371 -0.15062523
vn 0.9344606 0.35227153 -0.051847745
vn 0.84688544 0.012308252 0.5316329
vn 0.99812925 -0.030855794 0.05278206
vn 0.9684469 0.031404898 -0.24723336
vn 0.98574567 0.16043046 0.050670758
vn 0.97772676 0.20839235 -0.02495917
vn 0.9107095 0.005200047 0.41301477
vn 0.9814769 0.19135003 0.009395721
vn 0.96486956 -0.19669518 -0.17417744
vn 0.98964614 -0.04374379 -0.13670051
vn 0.99110246 0.13185152 0.018197278
vn 0.9685434 0.24874835 0.0069241314
vn 0.960863 0.16778092 0.22043559
vn 0.969281 -0.028452752 -0.2443047
vn 0.8423205 0.38514823 -0.37703717
vn 0.88904923 0.43877044 -0.13065967
vn 0.8411601 0.4857427 0.23770498
vn 0.9683648 -0.22911687 -0.09886913
vn 0.98870707 -0.07813651 0.1278789
vn 0.9981861 -0.014401735 0.05845608
vn 0.99145323 0.08002314 -0.103038065
vn 0.9684245 0.2186124 0.119844146
vn 0.98387426 0.045308236 0.17302784
vn 0.99735063 0.068124965 0.025507955
vn 0.9664971 0.16116221 0.1997751
vn 0.9948528 0.024755502 0.0982603
vn 0.9829808 0.009266218 -0.18347469
vn 0.8096114 0.43100604 -0.39845097
vn 0.9743616 0.17051356 -0.14678091
vn 0.9791488 0.01904118 0.20224987
vn 0.9596932 -0.0022567012 0.28104064
vn 0.97796756 0.20858039 0.008584456
vn 0.99915457 0.040020753 0.009405058
vn 0.99021643 0.12808636 0.05536479
vn 0.99739623 0.0300591 0.06555304
vn 0.95437294 -0.0026229178 0.2986057
vn 0.9525258 -0.16865401 0.2534768
vn 0.99933547 -0.009927781 0.03507178
vn 0.6318437 -0.76628405 0.11654313
vn 0.96469665 0.12551099 0.23153259
vn 0.9840722 0.13441488 -0.116337866
vn 0.98113036 0.1756722 -0.08076171
vn 0.99759716 -0.010986754 0.06840488
vn 0.91635257 -0.40037024 -0.001295957
vn 0.75780386 -0.6524143 -0.00942606
vn 0.94473255 -0.3278419 -0.00026256798
vn 0.9804745 0.06621088 -0.18516466
vn 0.96570027 0.030163603 -0.25790152
vn 0.99983454 0.007910184 -0.016381051
vn 0.9978753 0.0122609595 0.06398875
vn 0.99985117 0.01566402 -0.007230748
vn 0.9995627 0.029109575 -0.0052074017
vn 0.9466863 0.15839174 -0.28053
vn 0.9447953 -0.3275409 0.008876154
vn 0.99978596 0.02051845 0.0026584857
vn 0.7742297 -0.631014 -0.04888475
vn 0.9886376 -0.13296793 -0.07010844
vn 0.87670875 -0.4810211 0.0007168099
vn 0.999954 -0.003314893 0.008999293
vn 0.9999805 0.0035273724 0.0051567545
vn 0.99939984 0.02900961 -0.018931111
vn 0.9529628 -0.30284077 -0.01222017
vn 0.99997646 -0.006818917 0.0007990434
vn 0.9992275 -0.03897862 -0.0050046034
vn 0.99999756 0.002056767 -0.00078066735
vn 0.9996406 0.025861414 -0.0070609916
vn 0.9818298 0.17231964 -0.079474404
vn 0.99998426 0.0046771723 -0.0030963062
vn 0.9997654 -0.021248521 0.004206699
vn 0.9999833 0.00573265 0.0007131326
vn 0.99944484 -0.033297773 0.0011133543
vn 0.9999532 0.009090182 -0.0033090299
vn 0.9984162 0.0035248478 -0.056148455
vn 0.9803406 0.09044203 -0.17536391
vn 0.9712891 0.022484703 -0.23683745
vn 0.8725889 -0.32902065 -0.36101806
vn 0.95193857 -0.014578088 -0.30594182
vn 0.9255494 0.0022461102 -0.3786203
vn -0.35646912 -0.41808745 0.83554333
vn -0.007977357 -0.079716496 0.99678564
vn 0.22739415 -0.058781903 0.97202706
vn -0.12948531 -0.11274573 0.98515075
vn 0.1868054 0.2600311 0.9473582
vn -0.05614277 -0.07995092 0.9952165
vn -0.13441333 -0.15370008 0.97893274
vn 0.25409085 -0.16464053 0.9530642
vn -0.56471956 -0.7137508 0.41430873
vn 0.34721678 -0.3954925 0.8503095
vn -0.20073499 -0.32237378 0.9250841
vn -0.54422605 -0.80030197 0.25166395
vn 0.09370522 -0.6824684 0.72488356
vn -0.14754333 -0.77044255 0.62020093
vn 0.049218163 -0.8616875 0.50504684
vn -0.06928936 -0.1541812 -0.98561
vn -0.10252425 -0.6410943 -0.7605832
vn 0.369473 0.12473888 -0.9208311
vn 0.102269866 -0.8810128 -0.46190622
vn -0.8771232 -0.06430935 -0.47594035
vn 0.1541081 -0.59250456 0.79068893
vn -0.7223836 0.0068920003 0.69145817
vn -0.99748933 -0.01667036 -0.06882711
vn -0.59529704 -0.08871328 0.7985934
vn -0.9940421 0.031236442 0.1044248
vn -0.99221504 0.0027859958 0.12450514
vn -0.29446328 0.095523335 0.9508768
vn -0.50774115 -0.024376743 -0.86116475
vn -0.7405722 0.0677179 0.6685559
vn 0.15935889 0.46312305 0.87184966
vn -0.59535223 -0.11074746 0.7957956
vn -0.33610684 0.78692144 0.51748127
vn -0.975292 0.060379114 -0.21250837
vn -0.4254837 0.082908556 -0.90116024
vn -0.31207025 0.39649606 -0.86336726
vn 0.06085556 -0.12948379 -0.98971236
vn 0.18161394 -0.886672 -0.42524
vn -0.8688891 -0.053017497 0.49215937
vn -0.20391403 -0.02652092 0.9786295
vn -0.31469026 0.03642155 0.9484954
vn -0.9231637 -0.020508932 0.38385954
vn -0.99209154 0.017068503 0.124350704
vn -0.3384733 0.113780536 0.93407166
vn -0.7103676 0.12100718 0.6933507
vn -0.28531975 -0.05842701 0.95664984
vn -0.121070415 -0.12595263 0.9846207
vn 0.71184963 -0.62968636 -0.31107107
vn 0.2554261 0.95762205 -0.13310705
vn 0.5064236 0.12189154 0.85362613
vn 0.64521575 0.061510693 0.7615202
vn 0.7401978 0.3954811 0.54378486
vn 0.47248852 -0.068896964 0.87863976
vn 0.73998225 -0.045221675 0.6711045
vn 0.9998345 0.01797136 0.0028331839
vn 0.99575317 0.045971304 0.079763964
vn 0.98225874 0.01136599 -0.1871861
vn 0.812512 0.50744575 -0.28692004
vn -0.95948607 -0.03768846 -0.27922407
vn -0.7103676 0.12100718 0.6933507
vn -0.99209154 0.017068503 0.124350704
vn 0.2554261 0.95762205 -0.13310705
vn 0.085096195 0.7942346 -0.6016229
vn 0.0729911 -0.062459394 -0.99537486
vn 0.18161394 -0.886672 -0.42524
vn -0.74317783 0.1110197 -0.6598192
vn -0.8688891 -0.053017497 0.49215937
vn -0.3717616 -0.11463115 -0.92122364
vn -0.9231637 -0.020508932 0.38385954
vn -0.9495473 0.017138358 -0.31315523
vn -0.72625005 -0.0051558306 -0.6874113
vn 0.11567929 -0.17815098 -0.9771799
vn -0.10562708 0.0846379 -0.99079734
vn 0.45142558 0.2000013 -0.8696059
vn 0.18656348 -0.08365192 -0.9788751
vn 0.4367047 0.027589837 -0.8991817
vn 0.35957602 0.41301167 -0.8367356
vn 0.06085556 -0.12948379 -0.98971236
vn -0.50774115 -0.024376743 -0.86116475
vn -0.8771232 -0.06430935 -0.47594035
vn -0.31207025 0.39649606 -0.86336726
vn -0.4254837 0.082908556 -0.90116024
vn 0.33246392 0.12557313 -0.9347187
vn 0.45562714 -0.07484119 -0.887019
vn 0.60972047 0.046492744 -0.7912518
vn 0.731736 0.67077905 0.120904535
vn 0.102269866 -0.8810128 -0.46190622
vn 0.7208121 -0.686124 -0.09830473
vn 0.9839763 0.023455793 -0.17674969
vn 0.94667757 -0.05540539 -0.3173827
vn 0.99626327 -0.0074272123 -0.08604818
vn -0.5284396 -0.019108992 0.84875584
vn -0.9156277 -0.036184948 -0.40039545
vn -0.9829183 0.03699751 -0.18028513
vn -0.99813586 -0.013141447 -0.05959944
vn -0.6836682 0.053262603 0.72784674
vn -0.9654986 0.056013416 0.25431252
vn -0.9733048 -0.033673692 0.22703274
vn -0.64232427 0.07125872 -0.7631132
vn -0.678492 0.0963877 -0.7282568
vn -0.78516865 -0.0817532 0.61386204
vn -0.38601562 0.14469656 0.91107345
vn -0.30100295 -0.671097 0.6775146
vn -0.6603508 -0.079328895 -0.7467555
vn -0.4580427 0.6912979 0.5588417
vn 0.3561566 0.8419752 -0.40525326
vn -0.1111358 0.14552538 0.98309267
vn -0.16552123 -0.11622511 0.9793337
vn -0.6576044 -0.10733332 -0.74567825
vn -0.2506222 -0.119094685 0.96073145
vn 0.41123638 -0.11463198 0.90429205
vn 0.60944253 0.577959 0.54271835
vn 0.46241912 0.050156385 0.8852417
vn 0.6523532 -0.047332756 0.75643563
vn 0.22608618 -0.5855305 0.7784851
vn -0.992999 0.032428566 0.11358399
vn -0.09050072 0.8455767 -0.52612704
vn -0.093260035 0.4142002 0.9053954
vn -0.87955815 0.04819399 -0.4733443
vn -0.6802292 -0.11305679 0.72422814
vn -0.6638676 -0.693319 -0.28033644
vn -0.75982696 -0.057352282 -0.6475907
vn -0.70868784 0.09150751 0.69956267
vn -0.99856097 0.0039240276 -0.053484984
vn -0.49828336 -0.085196726 -0.8628182
vn -0.4862876 -0.065822616 0.87131613
vn -0.9588632 0.0107005015 -0.28366685
vn -0.130101 0.16030584 -0.9784558
vn 0.033128798 -0.33663324 -0.9410529
vn -0.20724991 -0.09451801 -0.9737114
vn 0.0026917504 -0.12801613 -0.9917684
vn 0.66474736 0.55542207 -0.49961713
vn -0.17792436 0.102285974 0.9787137
vn -0.11086712 0.015561656 -0.9937134
vn -0.2310171 0.06501865 -0.97077477
vn -0.9829183 0.03699751 -0.18028513
vn -0.9156277 -0.036184948 -0.40039545
vn 0.09953792 -0.9845631 -0.14397092
vn -0.6603508 -0.079328895 -0.7467555
vn -0.30100295 -0.671097 0.6775146
vn -0.6576044 -0.10733332 -0.74567825
vn 0.10004646 -0.09895831 -0.9900495
vn -0.0033408368 -0.13166514 -0.9912886
vn -0.64232427 0.07125872 -0.7631132
vn 0.7362159 -0.28951135 -0.61169386
vn 0.2892086 0.11322737 -0.95054615
vn -0.678492 0.0963877 -0.7282568
vn 0.5384024 0.11044526 -0.8354189
vn 0.61836886 0.15149596 -0.7711478
vn 0.3561566 0.8419752 -0.40525326
vn 0.756642 0.5578102 -0.3410876
vn 0.84885794 0.0122406725 -0.5284793
vn 0.96866214 -0.028405163 -0.24675252
vn 0.8809951 -0.0652913 -0.46859866
vn 0.6677722 -0.68647796 0.28779915
vn -0.6638676 -0.693319 -0.28033644
vn -0.6802292 -0.11305679 0.72422814
vn -0.992999 0.032428566 0.11358399
vn -0.06658236 0.123588614 0.9900973
vn -0.70868784 0.09150751 0.69956267
vn 0.16988336 0.101128034 0.98026156
vn -0.17792436 0.102285974 0.9787137
vn -0.093260035 0.4142002 0.9053954
vn 0.7804978 0.058145735 0.6224486
vn 0.6403818 -0.10580667 0.7607339
vn 0.76387596 0.07476199 0.64101803
vn -0.4862876 -0.065822616 0.87131613
vn 0.85334784 0.5198092 -0.03994921
vn 0.94854444 0.031747073 0.31504846
vn 0.82435596 0.027894503 0.56538403
vn 0.9390987 -0.042068224 0.34106278
vn 0.99110246 0.13185152 0.018197278
vn 0.9818298 0.17231964 -0.079474404
vn 0.99145323 0.08002314 -0.103038065
vn -0.29977053 -0.9540108 0.0010310212
vn -0.7966504 -0.6036267 0.03135075
vn -0.3595783 -0.9331133 -0.0017378535
vn -0.009894509 -0.8854595 0.4646112
vn -0.53674126 -0.3256828 0.77835697
vn -0.24994157 -0.90439737 0.3458245
vn -0.41158065 -0.91135347 0.0060154395
vn 0.0022200595 -0.9981557 0.06066477
vn -0.28320405 -0.95905954 0.0005570437
vn -0.005992755 -0.99997854 0.002636132
vn 0.0014656335 -0.99999255 -0.0035761367
vn -0.4275362 -0.90272754 -0.047914874
vn -0.031877704 -0.98703253 -0.15732333
vn -0.3852113 -0.78405565 -0.48669186
vn -0.04518194 -0.13581946 0.9897028
vn -0.02739028 -0.3576306 -0.93346137
vn -0.00575435 -0.81293464 -0.58232653
vn 0.009669045 -0.9998265 -0.015920829
vn 0.011715164 -0.96441257 -0.26414227
vn -0.0009972592 -0.97437286 0.22493672
vn 0.0076261954 -0.99991655 0.010426861
vn 0.025692403 -0.46641546 0.8841926
vn 0.02333845 -0.5962606 -0.8024516
vn 0.026504183 -0.9995005 -0.017213123
vn 0.0038258242 -0.5588384 -0.82926774
vn -0.006391519 -0.594325 0.8041996
vn 0.0057164365 -0.999957 -0.00729953
vn 0.011384783 -0.94156057 -0.3366513
vn 0.033941194 -0.99080276 0.13098812
vn 0.1384336 -0.9871204 0.08018379
vn -0.0142757315 -0.9969744 0.07640802
vn 0.0053832135 -0.9999562 0.0076571894
vn 0.03186192 -0.44757366 -0.89367926
vn 0.20592594 -0.9600177 -0.1896327
vn -0.016781254 -0.96803623 0.25024825
vn 0.06230151 -0.9681011 0.24269083
vn -0.008205542 -0.99979275 0.018629635
vn -0.22698006 -0.973145 0.038324967
vn -0.015123856 -0.99943876 -0.029890703
vn 0.031408135 -0.77231956 0.63445723
vn -0.010516882 -0.2543862 0.96704555
vn -0.08292976 -0.9949671 0.056241196
vn -0.020901857 -0.99573463 0.089864776
vn 0.023053747 -0.88358456 -0.46770382
vn -0.0084910365 -0.999955 -0.004227241
vn -0.005595041 -0.9999816 0.0023620415
vn 0.035836346 -0.6089539 -0.79239565
vn 0.0072996733 -0.996909 -0.07822512
vn 0.004745408 -0.99998134 0.0038470451
vn 0.003113567 -0.9999936 -0.0017449445
vn 0.028196385 -0.8585164 0.5120103
vn -0.0000016417481 -0.99995464 0.009523007
vn 0.0074145533 -0.99490976 0.10049666
vn 0.027782038 -0.94351405 -0.33016577
vn -0.003984615 -0.99999195 -0.00046025944
vn -0.0013667168 -0.999997 0.0020128544
vn 0.03031587 -0.7760876 0.629896
vn 0.0072023515 -0.99958056 -0.028050996
vn -0.0039928793 -0.99998003 0.004899232
vn 0.04233108 -0.99597627 0.078989305
vn 0.051195815 -0.9698125 0.23841713
vn 0.040983126 -0.98796046 -0.14917935
vn 0.04145062 -0.777473 -0.6275489
vn 0.15486647 -0.9328705 -0.32522145
vn -0.0019303564 -0.99999624 0.0019460534
vn 0.016569009 -0.9867016 -0.16169532
vn -0.000646874 -0.99848807 0.054964874
vn 0.032515943 -0.59077394 0.80618167
vn 0.11717995 -0.9771062 0.17757332
vn 0.004755339 -0.9995287 0.030328272
vn 0.059686925 -0.9206167 -0.38587874
vn -0.011231963 -0.9758209 -0.21828295
vn 0.023231301 -0.97661704 0.21372749
vn -0.015099127 -0.5339628 0.84537315
vn 0.006271741 -0.99838305 0.05649701
vn 0.0013530302 -0.9999975 0.0017697628
vn 0.009991955 -0.9990292 -0.04290476
vn 0.001039231 -0.9999595 -0.008935207
vn 0.0013470147 -0.9728631 -0.2313777
vn 0.0071711754 -0.98276764 0.18470593
vn -0.0018637904 -0.9920767 0.12562
vn 0.003920665 -0.9999896 0.0023219634
vn -0.056286976 -0.99803275 0.027612358
vn -0.017899115 -0.9530055 -0.30242383
vn 0.0026434276 -0.5610504 0.82777745
vn -0.029764324 -0.86305565 -0.5042311
vn -0.0014342354 -0.9977148 -0.0675507
vn -0.006118014 -0.998906 0.046361364
vn -0.068138905 -0.9899842 0.12364586
vn 0.006137126 -0.9999792 -0.0019995705
vn -0.05813281 -0.97816086 -0.19955425
vn -0.14676705 -0.9862985 -0.07533082
vn 0.009401354 -0.46441284 -0.8855689
vn -0.03722811 -0.9975935 -0.05849094
vn 0.0038042583 -0.99999124 0.0017585605
vn -0.07767246 -0.9557325 0.28379983
vn -0.07490473 -0.95488185 -0.28738463
vn 0.001767156 -0.9999983 -0.0005864792
vn -0.060619503 -0.99715143 0.044880554
vn -0.0017351669 -0.9999911 -0.003846039
vn -0.0014843424 -0.9999935 -0.003293816
vn -0.014761973 -0.92361796 0.38303003
vn 0.024126781 -0.5811759 -0.8134202
vn 0.00970894 -0.97829425 -0.20699304
vn -0.008076638 -0.99995667 -0.004632227
vn -0.008735155 -0.99994004 0.0066038384
vn 0.001364122 -0.9999842 0.0054492224
vn 0.001934858 -0.9999917 -0.00358304
vn -0.015012031 -0.94357353 0.33082265
vn 0.0009857992 -0.99999815 0.0016556525
vn 0.0025054447 -0.9995107 -0.031178504
vn 0.017059391 -0.9995061 0.026392221
vn -0.00011683149 -0.999974 -0.00720707
vn -0.030568955 -0.81121737 -0.5839451
vn -0.0477246 -0.4791552 0.87643176
vn -0.0015719882 -0.9270792 0.37486222
vn 0.0014848468 -0.99998957 0.004318022
vn -0.0006578125 -0.9999946 -0.0032253477
vn -0.004558908 -0.9822502 -0.18752004
vn -0.0022094697 -0.99984 0.017751224
vn -0.0015655528 -0.99996746 -0.007913971
vn 0.00007263083 -0.99999857 0.0016760896
vn -0.048727058 -0.43874496 -0.8972896
vn 0.015138232 -0.9997005 -0.019229636
vn -0.0015973126 -0.999994 -0.0030734264
vn 0.023647565 -0.9733754 0.22799382
vn 0.038293775 -0.99817187 0.046760738
vn 0.021089084 -0.82659465 -0.5624024
vn -0.020221084 -0.6782398 0.73456234
vn 0.004499814 -0.9999898 -0.00042638386
vn 0.0685195 -0.73067117 0.6792825
vn 0.014179491 -0.99971575 0.019166654
vn -0.002107602 -0.9999977 0.00044566335
vn -0.002296986 -0.99998105 -0.0057081757
vn 0.12483413 -0.9723155 -0.19753236
vn 0.069968574 -0.9815272 0.17806946
vn -0.002394474 -0.9999953 -0.0019072972
vn 0.08541529 -0.95195216 0.294094
vn 0.048048362 -0.9818234 0.18361439
vn -0.0025043976 -0.9999765 -0.0063751983
vn 0.037124537 -0.99546933 -0.087536335
vn 0.18139155 -0.8928706 -0.41216397
vn 0.1814006 -0.974764 0.1301113
vn 0.12808469 -0.9743922 -0.18480864
vn -0.010212815 -0.8166327 -0.5770674
vn -0.030353036 -0.677774 0.7346435
vn -0.0018789294 -0.21643186 0.9762959
vn -0.0013187708 -0.999277 0.0379973
vn -0.002912381 -0.9493808 -0.31411397
vn 0.0048666527 -0.9928047 0.11964587
vn -0.0007054533 -0.9999924 -0.0038367035
vn -0.015198998 -0.970885 -0.23906347
vn 0.02229925 -0.71907234 -0.6945774
vn -0.0029375288 -0.97716796 0.21244791
vn 0.025940355 -0.99455065 0.10097593
vn -0.0007532581 -0.9999997 0.00028991594
vn -0.110201545 -0.99314785 -0.038897138
vn -0.027520005 -0.9972701 0.06851989
vn -0.009581418 -0.9990454 -0.04262084
vn 0.0075223977 -0.6143424 0.7890037
vn -0.0072643557 -0.9996692 0.024671335
vn -0.10576475 -0.9514815 0.28895795
vn 0.00080672593 -0.99999696 -0.002329316
vn -0.153155 -0.96776223 0.19994947
vn -0.24863583 -0.96464866 0.087368056
vn -0.102694474 -0.9808177 -0.16568197
vn -0.1111052 -0.9812556 -0.15745811
vn -0.0005069062 -0.74090964 -0.6716045
vn -0.008803706 -0.68531525 0.7281933
vn -0.015156928 -0.99943894 -0.029868001
vn 0.00032551715 -0.9999962 0.0027432754
vn -0.03465421 -0.9986239 0.039362613
vn -0.08843608 -0.96236324 0.25697488
vn 0.00022901365 -0.9999757 -0.006971578
vn -0.010481721 -0.9429452 -0.33278295
vn 0.0004895659 -0.9775624 0.21064535
vn -0.0047289506 -0.9997863 0.020123795
vn 0.0006779763 -0.4239213 -0.9056988
vn 0.00049450865 -0.99997884 -0.006486926
vn -0.00051500124 -0.99999 0.0044505415
vn 0.0017585625 -0.90238285 0.43093166
vn 0.001388796 -0.99999887 -0.0006114951
vn 0.025135802 -0.3405184 0.9399018
vn -0.011309164 -0.7225037 -0.6912745
vn 0.051251516 -0.5408503 0.839556
vn 0.017091438 -0.9994127 -0.029700276
vn 0.029132413 -0.9966699 0.07616046
vn -0.0017553412 -0.9999908 -0.0039141355
vn 0.034588598 -0.9523448 -0.30305627
vn 0.013720682 -0.9998377 0.0116774095
vn 0.009215275 -0.9998478 -0.014811239
vn 0.0003539512 -0.999995 0.0031384383
vn 0.048618365 -0.8811857 0.47026372
vn 0.09506186 -0.9905887 -0.09847475
vn 0.014417534 -0.7205636 -0.693239
vn 0.11573118 -0.98867005 0.09559176
vn 0.0051297517 -0.9999868 -0.000050743733
vn 0.04870868 -0.9860305 -0.15928377
vn 0.023920083 -0.9912845 0.1295489
vn 0.0051648314 -0.99998236 -0.0029308926
vn 0.12378043 -0.9858941 0.1126556
vn 0.029482968 -0.9618822 -0.27187032
vn 0.16031761 -0.95388126 -0.25378895
vn 0.124197096 -0.9678799 0.21859454
vn -0.008757007 -0.9965809 -0.0821571
vn 0.029481584 -0.9451979 -0.32516426
vn 0.05410576 -0.9886205 0.14036384
vn 0.01067708 -0.99994284 0.0005164224
vn 0.043317135 -0.99724716 -0.060180914
vn 0.08398902 -0.4902036 -0.86755186
vn -0.040230904 -0.9503349 0.30861792
vn 0.010599038 -0.9999335 -0.0045457184
vn 0.027709948 -0.9983242 0.05080299
vn -0.08773731 -0.9732702 -0.21224347
vn 0.004286986 -0.99997014 -0.006429437
vn 0.00057167996 -0.99834967 0.05742437
vn -0.026342684 -0.9613311 0.27413225
vn -0.17157035 -0.9834795 0.057720322
vn -0.12386479 -0.92302436 -0.36425754
vn -0.041919384 -0.99567497 -0.08291058
vn -0.08524731 -0.9908224 0.10489951
vn 0.0019585055 -0.35724843 -0.93400735
vn -0.048435617 -0.5275337 0.8481522
vn -0.01708826 -0.999821 0.008124093
vn 0.0006043047 -0.99969006 -0.024889182
vn -0.10827374 -0.8229969 -0.55763143
vn -0.010681201 -0.99992275 -0.0063570663
vn -0.0037587234 -0.99999285 -0.0004733318
vn 0.052262712 -0.9713563 -0.23180935
vn -0.0666301 -0.42408913 -0.903166
vn -0.10079111 -0.44494537 0.88986784
vn -0.0415687 -0.97308403 0.22667058
vn 0.077158436 -0.9925428 -0.09436791
vn -0.014554318 -0.999894 -0.00038128463
vn -0.0076275067 -0.99996775 -0.0025137737
vn 0.046359964 -0.9977965 0.047465455
vn -0.0048600566 -0.98652005 -0.1635684
vn 0.2644713 -0.89943975 0.34794125
vn 0.15617979 -0.9785799 0.13412417
vn 0.015576977 -0.95097774 -0.3088667
vn 0.0831598 -0.9606975 0.26484877
vn -0.010559808 -0.99990726 -0.008599469
vn 0.0012048293 -0.9344917 -0.35598287
vn -0.035829335 -0.38908446 -0.92050505
vn 0.00382805 -0.99954665 0.02986463
vn 0.108625434 -0.9628959 0.24704677
vn 0.23480724 -0.95538276 0.17919074
vn -0.06262129 -0.9903746 0.12343706
vn -0.0018840365 -0.9999937 0.0030174498
vn -0.012447335 -0.9615279 -0.27442518
vn 0.029558763 -0.7661061 0.642034
vn -0.06833761 -0.36909592 0.9268755
vn 0.014087589 -0.99753803 -0.068697594
vn 0.050873183 -0.98215175 -0.18107979
vn -0.046197157 -0.9210275 0.38674825
vn 0.0006443879 -0.99999607 -0.0027208498
vn -0.0009272987 -0.9999986 -0.0013580298
vn -0.04802411 -0.90440446 -0.42396495
vn -0.06491867 -0.9880788 -0.13959193
vn -0.06788963 -0.9896801 0.1261916
vn -0.1528441 -0.9500081 0.27225587
vn -0.022274585 -0.27178717 -0.96209955
vn 0.00022144921 -0.999998 0.0020115916
vn -0.07037153 -0.9184708 -0.38917762
vn -0.006236549 -0.99997747 0.0024929862
vn -0.12234377 -0.93757 0.32556808
vn -0.014851395 -0.99972785 -0.017990336
vn -0.13864784 -0.9623812 -0.23366472
vn -0.04059816 -0.5573439 0.8292886
vn -0.07526432 -0.9969362 -0.021294903
vn -0.019556955 -0.80351245 -0.5949666
vn -0.00087730185 -0.99999166 -0.003988924
vn -0.03666208 -0.99887896 0.029944554
vn -0.016627802 -0.8562327 0.5163227
vn -0.007623399 -0.9691718 -0.24626794
vn 0.0019046931 -0.99996704 -0.007892663
vn -0.012014323 -0.9705239 0.24070524
vn 0.008745882 -0.31945196 -0.9475621
vn -0.0011184247 -0.99999934 0.000029256375
vn -0.02088001 -0.432962 0.9011703
vn 0.018222334 -0.9998293 0.003056413
vn -0.0018117338 -0.9999982 0.00056334794
vn 0.012522486 -0.999914 -0.0039032733
vn 0.013115858 -0.83171123 -0.5550535
vn 0.01977436 -0.9882166 -0.15177941
vn 0.050606355 -0.84954715 0.52507967
vn 0.1642299 -0.9786589 0.12351206
vn 0.10895126 -0.9940471 0.0000239688
vn 0.2796384 -0.29134077 0.9148349
vn 0.18545702 -0.98265153 -0.0012902758
vn 0.3072916 -0.45725468 -0.8345598
vn 0.32739812 -0.902311 -0.2804377
vn 0.42639303 -0.9045359 -0.0019603283
vn 0.5625902 -0.63584507 0.5283875
vn 0.45183238 -0.89207715 0.006768428
vn 0.54167247 -0.84054846 0.008323098
vn 0.23914063 -0.9709599 -0.006974332
vn 0.91635257 -0.40037024 -0.001295957
vn 0.75780386 -0.6524143 -0.00942606
vn 0.8725889 -0.32902065 -0.36101806
vn 0.6318437 -0.76628405 0.11654313
vn 0.87670875 -0.4810211 0.0007168099
vn 0.7742297 -0.631014 -0.04888475
vn 0.9529628 -0.30284077 -0.01222017
vn 0.94473255 -0.3278419 -0.00026256798
vn 0.9447953 -0.3275409 0.008876154
vn 0.0006779763 -0.4239213 -0.9056988
vn -0.008759805 -0.31789815 -0.9480844
vn -0.011309164 -0.7225037 -0.6912745
vn 0.014417534 -0.7205636 -0.693239
vn 0.04862674 -0.16819182 -0.9845542
vn 0.08398902 -0.4902036 -0.86755186
vn -0.20892888 0.6641555 -0.7178065
vn -0.011186463 0.8488096 -0.5285803
vn -0.011791281 0.35854816 -0.93343675
vn -0.006694788 0.8200567 -0.57224315
vn 0.018007016 0.19972727 -0.9796861
vn 0.005929718 0.4076144 -0.9131349
vn -0.23586468 0.966659 0.09969065
vn -0.46904027 0.8761262 -0.11137329
vn -0.51038814 0.79728526 0.3222424
vn -0.08533634 0.99574536 -0.03476914
vn -0.45950568 0.8207597 -0.33942306
vn -0.46686497 0.82691723 0.31344053
vn -0.05941983 0.99712896 0.046936866
vn -0.09108205 0.99246705 -0.081934325
vn -0.28105298 0.91501623 0.2894037
vn -0.0069979914 0.9980644 0.061794337
vn -0.003682776 0.99999034 -0.0024062984
vn -0.00075931265 0.9992299 -0.039230898
vn -0.029942667 0.9251343 0.37845734
vn -0.3837086 0.7073328 0.59367335
vn -0.18846628 0.92695177 -0.32440847
vn -0.011186463 0.8488096 -0.5285803
vn -0.20892888 0.6641555 -0.7178065
vn 0.0039849533 0.9999738 -0.006047194
vn -0.0022552828 0.974743 -0.22331816
vn 0.0007645621 0.9382458 0.34596863
vn -0.0075355875 0.60050964 0.799582
vn 0.005429977 0.9999849 0.00078546896
vn 0.013932828 0.9944463 0.104319304
vn 0.0023890238 0.99986446 -0.016291505
vn -0.006694788 0.8200567 -0.57224315
vn 0.0043341694 0.999985 -0.003360019
vn -0.0009868774 0.8463439 0.532636
vn 0.007330294 0.9996113 0.026896713
vn 0.010293674 0.97408175 0.225962
vn 0.003680751 0.89657694 -0.44287273
vn 0.005929718 0.4076144 -0.9131349
vn -0.0010425429 0.9953462 -0.09635791
vn 0.0031106148 0.99998283 -0.004964925
vn -0.0004976931 0.8173913 0.57608265
vn 0.004597831 0.9999885 -0.0013654892
vn -0.00088750286 0.9843476 0.17623582
vn 0.009677861 0.9994162 0.03276579
vn 0.008822162 0.7038009 -0.71034247
vn 0.003266978 0.99996835 0.0072518946
vn -0.006992936 0.94495046 -0.32713872
vn 0.001493241 0.9998377 -0.017953433
vn -0.00077405415 0.9869075 0.16128537
vn 0.022681197 0.8523408 0.5224947
vn 0.003504911 0.99998885 -0.0031542107
vn -0.0051654475 0.8565453 -0.5160459
vn 0.0073321285 0.9918152 -0.12747107
vn -0.0012517133 0.3222835 -0.94664234
vn -0.009957716 0.99959356 0.026713163
vn 0.0051504183 0.97174126 0.23599233
vn 0.0029993078 0.9999951 -0.00090060686
vn -0.011590421 0.7531752 -0.6577178
vn 0.007835433 0.466623 0.8844216
vn 0.0075262045 0.99970615 -0.023042457
vn 0.008834357 0.9673156 -0.25342146
vn 0.0022176108 0.9999865 0.004698962
vn -0.0020089142 0.8842322 0.46704325
vn 0.0025716454 0.99999595 -0.001242356
vn 0.0040193535 0.9950373 0.099421255
vn 0.009592214 0.8887393 -0.45831257
vn 0.0010667418 0.99999845 -0.0014034002
vn 0.0033370678 0.99941415 -0.034062285
vn 0.0014102902 0.99999887 0.0004873166
vn -0.005830881 0.5526363 -0.8334021
vn 0.004297821 0.9817589 -0.19008152
vn -0.0054524154 0.83030707 -0.5572795
vn 0.0062492993 0.41669422 0.90902525
vn 0.0038836063 0.97473884 0.22331394
vn 0.011664265 0.99960315 0.025640538
vn -0.00080816774 0.9999996 -0.00037799118
vn 0.00061129325 0.99978983 -0.020491363
vn -0.011463324 0.9770222 -0.21282913
vn -0.005570146 0.69691956 0.7171277
vn -0.002317789 0.99990493 0.013594143
vn -0.0030396467 0.9995969 -0.028226826
vn 0.019131916 0.85626596 -0.51618075
vn -0.016228858 0.99849445 0.052397598
vn -0.011847349 0.94900846 0.31502795
vn 0.019608883 0.34146774 -0.9396889
vn -0.002183778 0.99999756 -0.00025199403
vn 0.005049983 0.976012 -0.21765812
vn -0.005528529 0.80044353 0.5993827
vn 0.012559643 0.95886075 -0.28359875
vn -0.0013902507 0.9851004 0.1719747
vn 0.00671054 0.9981415 -0.060567982
vn 0.0046736966 0.45076266 -0.8926316
vn -0.0017952363 0.9999883 0.004493203
vn 0.002622686 0.99818593 0.060149953
vn -0.0023430898 0.999981 0.0057028458
vn 0.003213446 0.9486771 0.3162299
vn -0.00070496654 0.5848364 0.81115097
vn -0.003542402 0.99999374 -0.00010510309
vn -0.0037648855 0.935002 -0.35462236
vn -0.03338182 0.5430635 -0.8390278
vn -0.007740983 0.8765505 0.48124766
vn 0.004105699 0.9926872 0.12064516
vn 0.0058363485 0.9668578 -0.2552488
vn -0.0048379074 0.999156 -0.040790748
vn -0.001753699 0.9998199 0.018899716
vn -0.0017014008 0.55483437 -0.83195907
vn -0.011142198 0.9782147 0.20729676
vn 0.016558327 0.5818259 -0.8131448
vn -0.005316791 0.9999851 0.001243684
vn -0.0023830251 0.68162876 0.73169434
vn 0.07678141 0.81202096 -0.5785556
vn -0.017339678 0.9993462 0.03172508
vn -0.010437006 0.9631365 -0.26881054
vn -0.007032757 0.9843022 0.17635101
vn -0.0047055357 0.99998885 -0.00034339432
vn -0.005173771 0.9040602 0.4273739
vn -0.00916416 0.9988209 -0.04767383
vn -0.005868759 0.9965766 0.082465895
vn 0.02083252 0.37372196 -0.9273068
vn -0.0649287 0.64971876 -0.75739676
vn -0.036829833 0.9145704 -0.4027463
vn -0.009261158 0.9594701 0.2816582
vn -0.005460614 0.99998456 0.0010093845
vn -0.015285631 0.7225731 0.6911255
vn -0.004596571 0.99891233 0.046400614
vn -0.013780762 0.7434267 0.6686755
vn 0.023481807 0.8706712 0.49130464
vn 0.006045162 0.99997705 0.0030647498
vn 0.008516115 0.8660685 -0.4998528
vn -0.0371281 0.51156056 -0.8584447
vn -0.0002598786 0.98637027 -0.16454071
vn 0.009320205 0.98982316 0.14199734
vn 0.007945863 0.999949 -0.0062378007
vn -0.018026013 0.36100256 -0.9323906
vn 0.36249197 0.931933 0.010026556
vn 0.18566236 0.9826078 -0.003389105
vn 0.24068968 0.8407104 0.48505107
vn 0.30726627 0.66723543 -0.67851627
vn 0.36849216 0.91848516 0.14352185
vn 0.37652448 0.8652851 -0.33092448
vn 0.4270334 0.90344405 0.037833475
vn 0.35645145 0.9329494 -0.050475348
vn 0.75492465 0.24368194 0.60885787
vn 0.8974019 0.3477351 0.2715697
vn 0.8923895 0.45084742 0.01943207
vn 0.89065284 0.45427918 -0.019182472
vn 0.844213 0.5359904 0.0043224953
vn 0.95317274 0.3024134 -0.002800549
vn 0.9280713 0.32062012 -0.1894369
vn 0.30726627 0.66723543 -0.67851627
vn 0.7771281 0.22614211 -0.5873088
vn 0.33483014 0.051231157 -0.94088477
vn 0.37652448 0.8652851 -0.33092448
vn 0.8042039 -0.5475938 -0.23107816
vn 0.6677722 -0.68647796 0.28779915
vn 0.815158 -0.44251916 -0.37375692
vn 0.40502462 -0.72051865 -0.5628569
vn 0.32124794 -0.017021826 -0.94684213
vn 0.33429334 0.0005393072 -0.94246894
vn 0.8326673 -0.0138451075 -0.5536005
vn 0.7191065 -0.6929168 -0.052460264
vn 0.41339713 -0.0028907254 -0.91054624
vn 0.33483014 0.051231157 -0.94088477
vn 0.8079111 -0.00087881624 -0.58930373
vn 0.85293317 -0.009776417 -0.52192855
vn 0.8273894 -0.002882189 -0.5616213
vn 0.7188436 0.0047912244 -0.6951554
vn 0.7771281 0.22614211 -0.5873088
vn 0.77697283 -0.41296303 -0.4751576
vn 0.6063783 -0.19373211 -0.77121544
vn 0.8680911 -0.48621413 -0.10006845
vn 0.9306895 -0.14144598 -0.33735746
vn 0.95796406 -0.23656343 -0.16230407
vn 0.9680884 -0.009175241 -0.25044107
vn 0.9493351 0.013391788 -0.3139802
vn 0.98594826 0.008420534 -0.16683854
vn 0.9807242 -0.0068531786 -0.1952767
vn 0.972389 -0.22571322 -0.05927216
vn 0.37652448 0.8652851 -0.33092448
vn 0.9280713 0.32062012 -0.1894369
vn 0.92565286 -0.37673247 0.035204884
vn 0.9801665 -0.0018610758 -0.19816701
vn 0.80359095 0.12424793 -0.5820688
usemtl material_0
f 1/1/1 2/2/2 3/3/3
f 4/4/4 1/1/1 3/3/3
f 5/5/5 6/6/6 2/2/2
f 7/7/7 5/5/5 2/2/2
f 2/2/2 8/8/8 7/7/7
f 6/6/6 3/3/3 2/2/2
f 8/8/8 2/2/2 9/9/9
f 2/2/2 1/1/1 9/9/9
f 8/8/8 9/9/9 10/10/10
f 11/11/11 10/10/10 9/9/9
f 9/9/9 1/1/1 12/12/12
f 11/11/11 9/9/9 12/12/12
f 12/12/12 1/1/1 4/4/4
f 11/11/11 12/12/12 13/13/13
f 14/14/14 11/11/11 15/15/15
f 11/11/11 13/13/13 15/15/15
f 13/13/13 12/12/12 4/4/4
f 15/15/15 13/13/13 16/16/16
f 13/13/13 4/4/4 17/17/17
f 16/16/16 13/13/13 17/17/17
f 17/17/17 4/4/4 18/18/18
f 16/16/16 17/17/17 19/19/19
f 19/19/19 17/17/17 20/20/20
f 6/6/6 21/21/21 3/3/3
f 4/4/4 22/22/22 18/18/18
f 23/23/23 5/5/5 7/7/7
f 6/6/6 5/5/5 24/24/24
f 8/8/8 25/25/25 7/7/7
f 3/3/3 21/21/21 26/26/26
f 25/25/25 8/8/8 10/10/10
f 26/26/26 27/27/27 28/28/28
f 3/3/3 26/26/26 29/29/29
f 26/26/26 28/28/28 29/29/29
f 28/28/28 30/30/30 31/31/31
f 29/29/29 28/28/28 31/31/31
f 3/3/3 29/29/29 32/32/32
f 32/32/32 29/29/29 31/31/31
f 3/3/3 32/32/32 4/4/4
f 33/33/33 32/32/32 31/31/31
f 4/4/4 32/32/32 33/33/33
f 31/31/31 34/34/34 33/33/33
f 4/4/4 33/33/33 22/22/22
f 26/26/26 21/21/21 35/35/35
f 34/34/34 36/36/36 33/33/33
f 17/17/17 18/18/18 20/20/20
f 37/37/37 27/27/27 26/26/26
f 11/11/11 38/38/38 10/10/10
f 38/38/38 11/11/11 14/14/14
f 16/16/16 39/39/39 15/15/15
f 19/19/19 39/39/39 16/16/16
f 38/38/38 40/40/40 10/10/10
f 14/14/14 15/15/15 41/41/41
f 42/42/42 18/18/18 22/22/22
f 19/19/19 20/20/20 43/43/43
f 7/7/7 44/44/44 23/23/23
f 35/35/35 37/37/37 26/26/26
f 20/20/20 18/18/18 45/45/45
f 46/46/46 24/24/24 5/5/5
f 5/5/5 23/23/23 46/46/46
f 28/28/28 27/27/27 30/30/30
f 43/43/43 47/47/47 19/19/19
f 48/48/48 7/7/7 25/25/25
f 40/40/40 25/25/25 10/10/10
f 19/19/19 47/47/47 39/39/39
f 18/18/18 42/42/42 45/45/45
f 49/49/49 43/43/43 20/20/20
f 49/49/49 20/20/20 45/45/45
f 48/48/48 44/44/44 7/7/7
f 36/36/36 34/34/34 50/50/50
f 39/39/39 41/41/41 15/15/15
f 27/27/27 51/51/51 30/30/30
f 31/31/31 30/30/30 34/34/34
f 52/52/52 33/33/33 36/36/36
f 22/22/22 33/33/33 53/53/53
f 54/54/54 52/52/52 36/36/36
f 52/52/52 53/53/53 33/33/33
f 50/50/50 54/54/54 36/36/36
f 22/22/22 53/53/53 42/42/42
f 51/51/51 55/55/55 30/30/30
f 56/56/56 57/57/57 58/58/58
f 59/59/59 60/60/60 61/61/61
f 60/60/60 62/62/62 63/63/63
f 64/64/64 65/65/65 66/66/66
f 67/67/67 64/64/64 66/66/66
f 58/58/58 68/68/68 56/56/56
f 34/34/34 30/30/30 69/69/69
f 56/56/56 70/70/70 57/57/57
f 71/71/71 72/72/72 73/73/73
f 72/72/72 64/64/64 73/73/73
f 61/61/61 74/74/74 59/59/59
f 59/59/59 74/74/74 75/75/75
f 63/63/63 62/62/62 55/55/55
f 60/60/60 59/59/59 62/62/62
f 55/55/55 76/76/76 30/30/30
f 65/65/65 64/64/64 72/72/72
f 68/68/68 72/72/72 71/71/71
f 56/56/56 68/68/68 71/71/71
f 77/77/77 66/66/66 65/65/65
f 58/58/58 78/78/78 68/68/68
f 79/79/79 50/50/50 34/34/34
f 80/80/80 76/76/76 55/55/55
f 55/55/55 51/51/51 63/63/63
f 81/81/81 58/58/58 82/82/82
f 78/78/78 58/58/58 81/81/81
f 68/68/68 78/78/78 83/83/83
f 84/84/84 54/54/54 50/50/50
f 85/85/85 50/50/50 79/79/79
f 50/50/50 85/85/85 84/84/84
f 85/85/85 79/79/79 86/86/86
f 87/87/87 88/88/88 89/89/89
f 86/86/86 87/87/87 89/89/89
f 85/85/85 86/86/86 89/89/89
f 90/90/90 75/75/75 74/74/74
f 91/91/91 92/92/92 93/93/93
f 94/94/94 95/95/95 96/96/96
f 97/97/97 96/96/96 95/95/95
f 91/91/91 98/98/98 92/92/92
f 99/99/99 100/100/100 94/94/94
f 94/94/94 101/101/101 95/95/95
f 92/92/92 98/98/98 99/99/99
f 94/94/94 100/100/100 101/101/101
f 100/100/100 99/99/99 98/98/98
f 101/101/101 102/102/102 95/95/95
f 103/103/103 97/97/97 95/95/95
f 104/104/104 97/97/97 103/103/103
f 102/102/102 105/105/105 95/95/95
f 95/95/95 105/105/105 103/103/103
f 104/104/104 103/103/103 106/106/106
f 107/107/107 108/108/108 104/104/104
f 107/107/107 104/104/104 106/106/106
f 109/109/109 103/103/103 105/105/105
f 109/109/109 110/110/110 103/103/103
f 103/103/103 110/110/110 106/106/106
f 109/109/109 111/111/111 110/110/110
f 107/107/107 106/106/106 112/112/112
f 112/112/112 106/106/106 110/110/110
f 113/113/113 107/107/107 112/112/112
f 114/114/114 115/115/115 116/116/116
f 117/117/117 115/115/115 114/114/114
f 118/118/118 119/119/119 120/120/120
f 120/120/120 119/119/119 121/121/121
f 115/115/115 117/117/117 122/122/122
f 116/116/116 115/115/115 123/123/123
f 124/124/124 125/125/125 107/107/107
f 117/117/117 126/126/126 127/127/127
f 116/116/116 123/123/123 128/128/128
f 117/117/117 127/127/127 122/122/122
f 110/110/110 111/111/111 112/112/112
f 126/126/126 129/129/129 127/127/127
f 122/122/122 123/123/123 115/115/115
f 126/126/126 120/120/120 129/129/129
f 121/121/121 129/129/129 120/120/120
f 130/130/130 129/129/129 121/121/121
f 111/111/111 131/131/131 112/112/112
f 122/122/122 132/132/132 123/123/123
f 128/128/128 123/123/123 133/133/133
f 129/129/129 134/134/134 127/127/127
f 124/124/124 107/107/107 113/113/113
f 127/127/127 135/135/135 122/122/122
f 127/127/127 134/134/134 135/135/135
f 132/132/132 122/122/122 135/135/135
f 133/133/133 123/123/123 132/132/132
f 129/129/129 130/130/130 136/136/136
f 134/134/134 129/129/129 136/136/136
f 131/131/131 124/124/124 113/113/113
f 137/137/137 131/131/131 111/111/111
f 125/125/125 138/138/138 139/139/139
f 124/124/124 138/138/138 125/125/125
f 124/124/124 131/131/131 137/137/137
f 140/140/140 137/137/137 111/111/111
f 124/124/124 137/137/137 141/141/141
f 142/142/142 139/139/139 143/143/143
f 138/138/138 124/124/124 141/141/141
f 139/139/139 138/138/138 143/143/143
f 144/144/144 142/142/142 143/143/143
f 145/145/145 146/146/146 137/137/137
f 145/145/145 137/137/137 147/147/147
f 137/137/137 140/140/140 147/147/147
f 137/137/137 146/146/146 141/141/141
f 144/144/144 143/143/143 148/148/148
f 143/143/143 138/138/138 149/149/149
f 150/150/150 141/141/141 146/146/146
f 146/146/146 145/145/145 151/151/151
f 148/148/148 152/152/152 144/144/144
f 143/143/143 149/149/149 148/148/148
f 149/149/149 138/138/138 141/141/141
f 150/150/150 146/146/146 151/151/151
f 149/149/149 141/141/141 150/150/150
f 150/150/150 151/151/151 153/153/153
f 154/154/154 155/155/155 156/156/156
f 157/157/157 158/158/158 159/159/159
f 160/160/160 161/161/161 155/155/155
f 162/162/162 160/160/160 158/158/158
f 161/161/161 160/160/160 162/162/162
f 156/156/156 155/155/155 161/161/161
f 162/162/162 158/158/158 157/157/157
f 159/159/159 163/163/163 157/157/157
f 154/154/154 156/156/156 164/164/164
f 156/156/156 161/161/161 165/165/165
f 165/165/165 161/161/161 162/162/162
f 162/162/162 157/157/157 166/166/166
f 166/166/166 157/157/157 163/163/163
f 156/156/156 167/167/167 164/164/164
f 165/165/165 162/162/162 166/166/166
f 164/164/164 167/167/167 168/168/168
f 166/166/166 163/163/163 169/169/169
f 165/165/165 167/167/167 156/156/156
f 167/167/167 165/165/165 170/170/170
f 165/165/165 166/166/166 170/170/170
f 169/169/169 163/163/163 171/171/171
f 168/168/168 167/167/167 172/172/172
f 168/168/168 172/172/172 173/173/173
f 166/166/166 169/169/169 170/170/170
f 169/169/169 171/171/171 174/174/174
f 169/169/169 174/174/174 175/175/175
f 170/170/170 169/169/169 176/176/176
f 167/167/167 170/170/170 176/176/176
f 169/169/169 175/175/175 176/176/176
f 167/167/167 176/176/176 172/172/172
f 175/175/175 174/174/174 177/177/177
f 159/159/159 178/178/178 163/163/163
f 163/163/163 179/179/179 171/171/171
f 180/180/180 168/168/168 173/173/173
f 175/175/175 181/181/181 176/176/176
f 172/172/172 176/176/176 182/182/182
f 175/175/175 177/177/177 181/181/181
f 178/178/178 183/183/183 163/163/163
f 183/183/183 179/179/179 163/163/163
f 171/171/171 179/179/179 184/184/184
f 185/185/185 172/172/172 182/182/182
f 177/177/177 174/174/174 186/186/186
f 182/182/182 176/176/176 187/187/187
f 159/159/159 188/188/188 178/178/178
f 173/173/173 172/172/172 185/185/185
f 176/176/176 181/181/181 187/187/187
f 173/173/173 185/185/185 189/189/189
f 190/190/190 177/177/177 186/186/186
f 181/181/181 177/177/177 190/190/190
f 191/191/191 180/180/180 173/173/173
f 173/173/173 189/189/189 192/192/192
f 173/173/173 192/192/192 191/191/191
f 193/193/193 194/194/194 195/195/195
f 194/194/194 196/196/196 195/195/195
f 195/195/195 196/196/196 197/197/197
f 198/198/198 199/199/199 200/200/200
f 198/198/198 201/201/201 199/199/199
f 202/202/202 201/201/201 203/203/203
f 196/196/196 204/204/204 197/197/197
f 204/204/204 205/205/205 197/197/197
f 200/200/200 199/199/199 194/194/194
f 203/203/203 206/206/206 202/202/202
f 194/194/194 207/207/207 196/196/196
f 205/205/205 204/204/204 208/208/208
f 207/207/207 204/204/204 196/196/196
f 201/201/201 202/202/202 209/209/209
f 199/199/199 207/207/207 194/194/194
f 204/204/204 210/210/210 208/208/208
f 210/210/210 204/204/204 207/207/207
f 209/209/209 199/199/199 201/201/201
f 209/209/209 202/202/202 206/206/206
f 199/199/199 211/211/211 207/207/207
f 209/209/209 206/206/206 212/212/212
f 199/199/199 209/209/209 211/211/211
f 211/211/211 213/213/213 207/207/207
f 213/213/213 210/210/210 207/207/207
f 210/210/210 214/214/214 208/208/208
f 211/211/211 215/215/215 213/213/213
f 212/212/212 216/216/216 209/209/209
f 213/213/213 217/217/217 210/210/210
f 212/212/212 218/218/218 216/216/216
f 214/214/214 210/210/210 219/219/219
f 210/210/210 217/217/217 219/219/219
f 215/215/215 217/217/217 213/213/213
f 211/211/211 220/220/220 215/215/215
f 209/209/209 220/220/220 211/211/211
f 218/218/218 221/221/221 216/216/216
f 216/216/216 220/220/220 209/209/209
f 217/217/217 222/222/222 219/219/219
f 220/220/220 223/223/223 215/215/215
f 221/221/221 224/224/224 216/216/216
f 216/216/216 225/225/225 220/220/220
f 222/222/222 217/217/217 226/226/226
f 220/220/220 225/225/225 223/223/223
f 227/227/227 216/216/216 224/224/224
f 215/215/215 226/226/226 217/217/217
f 226/226/226 228/228/228 222/222/222
f 216/216/216 227/227/227 225/225/225
f 229/229/229 226/226/226 215/215/215
f 228/228/228 226/226/226 229/229/229
f 230/230/230 222/222/222 228/228/228
f 230/230/230 228/228/228 231/231/231
f 229/229/229 215/215/215 223/223/223
f 228/228/228 229/229/229 232/232/232
f 232/232/232 233/233/233 228/228/228
f 233/233/233 231/231/231 228/228/228
f 229/229/229 223/223/223 234/234/234
f 225/225/225 234/234/234 223/223/223
f 229/229/229 234/234/234 232/232/232
f 235/235/235 231/231/231 233/233/233
f 231/231/231 235/235/235 236/236/236
f 227/227/227 237/237/237 225/225/225
f 238/238/238 239/239/239 240/240/240
f 231/231/231 240/240/240 230/230/230
f 225/225/225 237/237/237 234/234/234
f 233/233/233 241/241/241 235/235/235
f 236/236/236 235/235/235 241/241/241
f 231/231/231 242/242/242 240/240/240
f 243/243/243 236/236/236 241/241/241
f 241/241/241 233/233/233 232/232/232
f 232/232/232 244/244/244 241/241/241
f 245/245/245 246/246/246 240/240/240
f 240/240/240 246/246/246 238/238/238
f 234/234/234 247/247/247 232/232/232
f 238/238/238 246/246/246 248/248/248
f 232/232/232 247/247/247 244/244/244
f 249/249/249 248/248/248 246/246/246
f 245/245/245 250/250/250 246/246/246
f 244/244/244 251/251/251 241/241/241
f 243/243/243 252/252/252 253/253/253
f 254/254/254 249/249/249 246/246/246
f 255/255/255 246/246/246 252/252/252
f 255/255/255 254/254/254 246/246/246
f 255/255/255 252/252/252 243/243/243
f 251/251/251 255/255/255 243/243/243
f 256/256/256 254/254/254 255/255/255
f 257/257/257 258/258/258 259/259/259
f 251/251/251 260/260/260 255/255/255
f 256/256/256 255/255/255 260/260/260
f 261/261/261 260/260/260 251/251/251
f 260/260/260 262/262/262 256/256/256
f 261/261/261 251/251/251 263/263/263
f 260/260/260 264/264/264 262/262/262
f 262/262/262 264/264/264 257/257/257
f 265/265/265 258/258/258 257/257/257
f 266/266/266 264/264/264 260/260/260
f 264/264/264 265/265/265 257/257/257
f 260/260/260 261/261/261 266/266/266
f 263/263/263 267/267/267 261/261/261
f 264/264/264 268/268/268 265/265/265
f 264/264/264 266/266/266 268/268/268
f 269/269/269 270/270/270 271/271/271
f 272/272/272 266/266/266 261/261/261
f 273/273/273 261/261/261 267/267/267
f 261/261/261 273/273/273 274/274/274
f 272/272/272 261/261/261 274/274/274
f 268/268/268 266/266/266 275/275/275
f 275/275/275 266/266/266 272/272/272
f 265/265/265 276/276/276 277/277/277
f 275/275/275 278/278/278 268/268/268
f 278/278/278 276/276/276 268/268/268
f 276/276/276 265/265/265 268/268/268
f 279/279/279 278/278/278 275/275/275
f 278/278/278 280/280/280 276/276/276
f 281/281/281 282/282/282 279/279/279
f 276/276/276 283/283/283 277/277/277
f 284/284/284 269/269/269 271/271/271
f 285/285/285 277/277/277 283/283/283
f 279/279/279 282/282/282 278/278/278
f 278/278/278 286/286/286 280/280/280
f 269/269/269 284/284/284 287/287/287
f 269/269/269 288/288/288 282/282/282
f 282/282/282 286/286/286 278/278/278
f 283/283/283 276/276/276 280/280/280
f 288/288/288 269/269/269 289/289/289
f 282/282/282 288/288/288 286/286/286
f 290/290/290 285/285/285 283/283/283
f 269/269/269 287/287/287 289/289/289
f 286/286/286 291/291/291 280/280/280
f 292/292/292 286/286/286 288/288/288
f 292/292/292 291/291/291 286/286/286
f 280/280/280 291/291/291 283/283/283
f 284/284/284 293/293/293 287/287/287
f 290/290/290 283/283/283 294/294/294
f 291/291/291 294/294/294 283/283/283
f 293/293/293 284/284/284 295/295/295
f 291/291/291 296/296/296 294/294/294
f 297/297/297 290/290/290 294/294/294
f 234/234/234 237/237/237 247/247/247
f 243/243/243 241/241/241 251/251/251
f 298/298/298 299/299/299 300/300/300
f 299/299/299 298/298/298 301/301/301
f 302/302/302 303/303/303 304/304/304
f 304/304/304 303/303/303 305/305/305
f 306/306/306 300/300/300 307/307/307
f 308/308/308 309/309/309 302/302/302
f 310/310/310 300/300/300 306/306/306
f 300/300/300 311/311/311 298/298/298
f 301/301/301 312/312/312 313/313/313
f 304/304/304 308/308/308 302/302/302
f 312/312/312 301/301/301 298/298/298
f 314/314/314 308/308/308 304/304/304
f 309/309/309 308/308/308 315/315/315
f 312/312/312 298/298/298 311/311/311
f 315/315/315 308/308/308 314/314/314
f 310/310/310 311/311/311 300/300/300
f 313/313/313 312/312/312 316/316/316
f 317/317/317 314/314/314 304/304/304
f 318/318/318 319/319/319 320/320/320
f 321/321/321 305/305/305 322/322/322
f 315/315/315 314/314/314 323/323/323
f 304/304/304 305/305/305 317/317/317
f 323/323/323 314/314/314 324/324/324
f 315/315/315 325/325/325 309/309/309
f 317/317/317 305/305/305 321/321/321
f 317/317/317 321/321/321 326/326/326
f 325/325/325 315/315/315 327/327/327
f 328/328/328 329/329/329 330/330/330
f 326/326/326 321/321/321 331/331/331
f 315/315/315 323/323/323 332/332/332
f 333/333/333 332/332/332 323/323/323
f 334/334/334 335/335/335 329/329/329
f 325/325/325 327/327/327 336/336/336
f 315/315/315 332/332/332 327/327/327
f 334/334/334 329/329/329 328/328/328
f 337/337/337 331/331/331 321/321/321
f 331/331/331 338/338/338 326/326/326
f 339/339/339 327/327/327 332/332/332
f 337/337/337 340/340/340 331/331/331
f 326/326/326 339/339/339 332/332/332
f 341/341/341 326/326/326 338/338/338
f 340/340/340 338/338/338 331/331/331
f 326/326/326 341/341/341 339/339/339
f 327/327/327 339/339/339 342/342/342
f 336/336/336 327/327/327 343/343/343
f 327/327/327 342/342/342 343/343/343
f 340/340/340 337/337/337 344/344/344
f 345/345/345 341/341/341 338/338/338
f 338/338/338 346/346/346 345/345/345
f 342/342/342 339/339/339 347/347/347
f 345/345/345 346/346/346 347/347/347
f 346/346/346 338/338/338 340/340/340
f 347/347/347 346/346/346 342/342/342
f 346/346/346 348/348/348 342/342/342
f 349/349/349 336/336/336 343/343/343
f 348/348/348 343/343/343 342/342/342
f 350/350/350 346/346/346 340/340/340
f 344/344/344 337/337/337 351/351/351
f 348/348/348 346/346/346 352/352/352
f 340/340/340 344/344/344 350/350/350
f 350/350/350 352/352/352 346/346/346
f 348/348/348 353/353/353 343/343/343
f 343/343/343 353/353/353 349/349/349
f 353/353/353 348/348/348 352/352/352
f 351/351/351 354/354/354 344/344/344
f 355/355/355 356/356/356 357/357/357
f 344/344/344 358/358/358 350/350/350
f 356/356/356 359/359/359 357/357/357
f 350/350/350 358/358/358 352/352/352
f 352/352/352 360/360/360 353/353/353
f 361/361/361 344/344/344 354/354/354
f 344/344/344 361/361/361 358/358/358
f 362/362/362 357/357/357 359/359/359
f 353/353/353 360/360/360 363/363/363
f 360/360/360 352/352/352 358/358/358
f 364/364/364 358/358/358 361/361/361
f 363/363/363 360/360/360 365/365/365
f 359/359/359 366/366/366 362/362/362
f 363/363/363 365/365/365 367/367/367
f 365/365/365 360/360/360 368/368/368
f 358/358/358 368/368/368 360/360/360
f 369/369/369 366/366/366 359/359/359
f 370/370/370 371/371/371 372/372/372
f 373/373/373 371/371/371 374/374/374
f 373/373/373 374/374/374 375/375/375
f 364/364/364 368/368/368 358/358/358
f 372/372/372 376/376/376 370/370/370
f 374/374/374 371/371/371 367/367/367
f 374/374/374 367/367/367 365/365/365
f 375/375/375 377/377/377 373/373/373
f 378/378/378 379/379/379 380/380/380
f 372/372/372 371/371/371 373/373/373
f 365/365/365 368/368/368 374/374/374
f 364/364/364 374/374/374 368/368/368
f 375/375/375 374/374/374 381/381/381
f 373/373/373 377/377/377 372/372/372
f 381/381/381 374/374/374 364/364/364
f 379/379/379 382/382/382 383/383/383
f 380/380/380 379/379/379 383/383/383
f 384/384/384 385/385/385 386/386/386
f 387/387/387 388/388/388 385/385/385
f 389/389/389 388/388/388 390/390/390
f 384/384/384 391/391/391 385/385/385
f 392/392/392 393/393/393 394/394/394
f 395/395/395 396/396/396 389/389/389
f 390/390/390 388/388/388 387/387/387
f 394/394/394 397/397/397 392/392/392
f 393/393/393 398/398/398 399/399/399
f 400/400/400 401/401/401 396/396/396
f 402/402/402 401/401/401 400/400/400
f 389/389/389 403/403/403 395/395/395
f 396/396/396 395/395/395 400/400/400
f 399/399/399 404/404/404 405/405/405
f 392/392/392 398/398/398 393/393/393
f 403/403/403 389/389/389 390/390/390
f 399/399/399 398/398/398 404/404/404
f 402/402/402 406/406/406 401/401/401
f 391/391/391 407/407/407 385/385/385
f 387/387/387 385/385/385 407/407/407
f 397/397/397 408/408/408 392/392/392
f 402/402/402 400/400/400 409/409/409
f 391/391/391 410/410/410 407/407/407
f 411/411/411 406/406/406 402/402/402
f 390/390/390 387/387/387 403/403/403
f 411/411/411 402/402/402 412/412/412
f 411/411/411 412/412/412 413/413/413
f 400/400/400 395/395/395 414/414/414
f 415/415/415 413/413/413 412/412/412
f 395/395/395 403/403/403 414/414/414
f 402/402/402 416/416/416 412/412/412
f 402/402/402 409/409/409 416/416/416
f 415/415/415 412/412/412 417/417/417
f 387/387/387 407/407/407 418/418/418
f 400/400/400 414/414/414 409/409/409
f 387/387/387 418/418/418 403/403/403
f 417/417/417 412/412/412 416/416/416
f 419/419/419 414/414/414 403/403/403
f 392/392/392 420/420/420 398/398/398
f 421/421/421 404/404/404 398/398/398
f 422/422/422 423/423/423 424/424/424
f 416/416/416 409/409/409 425/425/425
f 392/392/392 426/426/426 420/420/420
f 410/410/410 427/427/427 407/407/407
f 414/414/414 428/428/428 409/409/409
f 408/408/408 429/429/429 430/430/430
f 431/431/431 417/417/417 416/416/416
f 432/432/432 426/426/426 392/392/392
f 415/415/415 417/417/417 431/431/431
f 428/428/428 425/425/425 409/409/409
f 424/424/424 423/423/423 433/433/433
f 408/408/408 430/430/430 392/392/392
f 431/431/431 416/416/416 434/434/434
f 434/434/434 416/416/416 425/425/425
f 435/435/435 430/430/430 429/429/429
f 398/398/398 436/436/436 421/421/421
f 433/433/433 423/423/423 437/437/437
f 426/426/426 432/432/432 438/438/438
f 407/407/407 439/439/439 418/418/418
f 428/428/428 440/440/440 425/425/425
f 420/420/420 426/426/426 441/441/441
f 430/430/430 442/442/442 392/392/392
f 398/398/398 420/420/420 436/436/436
f 438/438/438 441/441/441 426/426/426
f 443/443/443 438/438/438 432/432/432
f 419/419/419 403/403/403 418/418/418
f 434/434/434 444/444/444 431/431/431
f 392/392/392 443/443/443 432/432/432
f 435/435/435 445/445/445 430/430/430
f 407/407/407 427/427/427 446/446/446
f 444/444/444 434/434/434 447/447/447
f 448/448/448 443/443/443 392/392/392
f 392/392/392 442/442/442 448/448/448
f 425/425/425 449/449/449 434/434/434
f 430/430/430 450/450/450 442/442/442
f 438/438/438 443/443/443 441/441/441
f 435/435/435 451/451/451 445/445/445
f 439/439/439 407/407/407 452/452/452
f 440/440/440 449/449/449 425/425/425
f 446/446/446 452/452/452 407/407/407
f 444/444/444 447/447/447 453/453/453
f 428/428/428 454/454/454 440/440/440
f 414/414/414 454/454/454 428/428/428
f 419/419/419 455/455/455 414/414/414
f 456/456/456 441/441/441 443/443/443
f 437/437/437 457/457/457 433/433/433
f 441/441/441 456/456/456 420/420/420
f 445/445/445 451/451/451 458/458/458
f 449/449/449 447/447/447 434/434/434
f 447/447/447 459/459/459 453/453/453
f 440/440/440 460/460/460 449/449/449
f 448/448/448 456/456/456 443/443/443
f 461/461/461 453/453/453 459/459/459
f 462/462/462 453/453/453 461/461/461
f 452/452/452 463/463/463 439/439/439
f 445/445/445 458/458/458 464/464/464
f 442/442/442 450/450/450 448/448/448
f 445/445/445 464/464/464 430/430/430
f 454/454/454 414/414/414 455/455/455
f 465/465/465 430/430/430 464/464/464
f 461/461/461 459/459/459 466/466/466
f 418/418/418 439/439/439 463/463/463
f 420/420/420 456/456/456 467/467/467
f 468/468/468 469/469/469 470/470/470
f 454/454/454 460/460/460 440/440/440
f 430/430/430 465/465/465 450/450/450
f 471/471/471 466/466/466 459/459/459
f 472/472/472 473/473/473 470/470/470
f 447/447/447 449/449/449 471/471/471
f 449/449/449 460/460/460 471/471/471
f 470/470/470 474/474/474 468/468/468
f 459/459/459 447/447/447 471/471/471
f 418/418/418 475/475/475 419/419/419
f 418/418/418 463/463/463 476/476/476
f 474/474/474 470/470/470 473/473/473
f 469/469/469 468/468/468 477/477/477
f 420/420/420 467/467/467 478/478/478
f 418/418/418 476/476/476 475/475/475
f 469/469/469 458/458/458 451/451/451
f 448/448/448 479/479/479 456/456/456
f 471/471/471 480/480/480 466/466/466
f 473/473/473 472/472/472 481/481/481
f 455/455/455 482/482/482 454/454/454
f 475/475/475 483/483/483 419/419/419
f 420/420/420 478/478/478 436/436/436
f 461/461/461 466/466/466 481/481/481
f 484/484/484 485/485/485 486/486/486
f 452/452/452 446/446/446 487/487/487
f 452/452/452 487/487/487 463/463/463
f 419/419/419 483/483/483 455/455/455
f 458/458/458 488/488/488 464/464/464
f 489/489/489 436/436/436 490/490/490
f 491/491/491 492/492/492 493/493/493
f 480/480/480 481/481/481 466/466/466
f 474/474/474 477/477/477 468/468/468
f 469/469/469 477/477/477 458/458/458
f 481/481/481 494/494/494 473/473/473
f 495/495/495 496/496/496 465/465/465
f 436/436/436 478/478/478 490/490/490
f 493/493/493 492/492/492 497/497/497
f 456/456/456 498/498/498 467/467/467
f 471/471/471 499/499/499 480/480/480
f 448/448/448 450/450/450 479/479/479
f 456/456/456 479/479/479 498/498/498
f 481/481/481 480/480/480 494/494/494
f 500/500/500 467/467/467 498/498/498
f 493/493/493 501/501/501 502/502/502
f 493/493/493 502/502/502 491/491/491
f 446/446/446 503/503/503 487/487/487
f 503/503/503 446/446/446 504/504/504
f 501/501/501 493/493/493 497/497/497
f 484/484/484 486/486/486 505/505/505
f 473/473/473 506/506/506 474/474/474
f 467/467/467 500/500/500 507/507/507
f 454/454/454 508/508/508 460/460/460
f 494/494/494 506/506/506 473/473/473
f 467/467/467 507/507/507 478/478/478
f 460/460/460 499/499/499 471/471/471
f 465/465/465 496/496/496 509/509/509
f 465/465/465 509/509/509 450/450/450
f 510/510/510 484/484/484 505/505/505
f 463/463/463 487/487/487 476/476/476
f 458/458/458 477/477/477 488/488/488
f 482/482/482 508/508/508 454/454/454
f 478/478/478 511/511/511 490/490/490
f 494/494/494 480/480/480 499/499/499
f 502/502/502 501/501/501 512/512/512
f 474/474/474 513/513/513 477/477/477
f 500/500/500 498/498/498 507/507/507
f 477/477/477 514/514/514 488/488/488
f 512/512/512 501/501/501 497/497/497
f 478/478/478 515/515/515 511/511/511
f 496/496/496 488/488/488 509/509/509
f 460/460/460 508/508/508 499/499/499
f 503/503/503 504/504/504 516/516/516
f 474/474/474 506/506/506 513/513/513
f 488/488/488 514/514/514 509/509/509
f 478/478/478 507/507/507 515/515/515
f 476/476/476 487/487/487 517/517/517
f 482/482/482 518/518/518 508/508/508
f 499/499/499 519/519/519 494/494/494
f 477/477/477 513/513/513 514/514/514
f 515/515/515 507/507/507 520/520/520
f 475/475/475 476/476/476 521/521/521
f 522/522/522 455/455/455 483/483/483
f 476/476/476 517/517/517 521/521/521
f 521/521/521 483/483/483 475/475/475
f 522/522/522 523/523/523 455/455/455
f 524/524/524 525/525/525 526/526/526
f 450/450/450 527/527/527 479/479/479
f 455/455/455 523/523/523 482/482/482
f 509/509/509 527/527/527 450/450/450
f 494/494/494 528/528/528 506/506/506
f 529/529/529 526/526/526 525/525/525
f 508/508/508 530/530/530 499/499/499
f 503/503/503 516/516/516 531/531/531
f 487/487/487 503/503/503 517/517/517
f 532/532/532 529/529/529 525/525/525
f 506/506/506 533/533/533 513/513/513
f 498/498/498 534/534/534 507/507/507
f 499/499/499 530/530/530 519/519/519
f 507/507/507 534/534/534 520/520/520
f 479/479/479 534/534/534 498/498/498
f 508/508/508 518/518/518 530/530/530
f 517/517/517 503/503/503 535/535/535
f 514/514/514 513/513/513 533/533/533
f 519/519/519 536/536/536 537/537/537
f 506/506/506 528/528/528 538/538/538
f 532/532/532 525/525/525 539/539/539
f 532/532/532 540/540/540 529/529/529
f 541/541/541 535/535/535 503/503/503
f 509/509/509 542/542/542 543/543/543
f 538/538/538 533/533/533 506/506/506
f 536/536/536 519/519/519 530/530/530
f 514/514/514 542/542/542 509/509/509
f 503/503/503 531/531/531 541/541/541
f 509/509/509 543/543/543 527/527/527
f 540/540/540 532/532/532 544/544/544
f 523/523/523 522/522/522 482/482/482
f 533/533/533 542/542/542 514/514/514
f 544/544/544 532/532/532 539/539/539
f 521/521/521 545/545/545 483/483/483
f 483/483/483 545/545/545 522/522/522
f 518/518/518 546/546/546 530/530/530
f 521/521/521 517/517/517 535/535/535
f 535/535/535 545/545/545 521/521/521
f 536/536/536 547/547/547 537/537/537
f 539/539/539 548/548/548 544/544/544
f 530/530/530 549/549/549 536/536/536
f 518/518/518 482/482/482 546/546/546
f 536/536/536 549/549/549 547/547/547
f 479/479/479 550/550/550 534/534/534
f 533/533/533 551/551/551 542/542/542
f 552/552/552 533/533/533 538/538/538
f 544/544/544 553/553/553 540/540/540
f 549/549/549 530/530/530 546/546/546
f 482/482/482 522/522/522 554/554/554
f 479/479/479 527/527/527 550/550/550
f 555/555/555 553/553/553 544/544/544
f 551/551/551 543/543/543 542/542/542
f 547/547/547 549/549/549 556/556/556
f 554/554/554 546/546/546 482/482/482
f 557/557/557 547/547/547 556/556/556
f 544/544/544 548/548/548 558/558/558
f 552/552/552 551/551/551 533/533/533
f 559/559/559 522/522/522 560/560/560
f 559/559/559 554/554/554 522/522/522
f 546/546/546 554/554/554 561/561/561
f 527/527/527 562/562/562 550/550/550
f 563/563/563 554/554/554 559/559/559
f 564/564/564 544/544/544 558/558/558
f 565/565/565 550/550/550 566/566/566
f 553/553/553 555/555/555 567/567/567
f 546/546/546 561/561/561 568/568/568
f 564/564/564 555/555/555 544/544/544
f 541/541/541 569/569/569 535/535/535
f 531/531/531 570/570/570 541/541/541
f 543/543/543 571/571/571 527/527/527
f 552/552/552 572/572/572 551/551/551
f 561/561/561 554/554/554 573/573/573
f 564/564/564 558/558/558 574/574/574
f 573/573/573 554/554/554 563/563/563
f 549/549/549 546/546/546 568/568/568
f 567/567/567 555/555/555 564/564/564
f 575/575/575 557/557/557 556/556/556
f 574/574/574 558/558/558 576/576/576
f 577/577/577 559/559/559 560/560/560
f 563/563/563 559/559/559 577/577/577
f 535/535/535 578/578/578 545/545/545
f 573/573/573 579/579/579 561/561/561
f 535/535/535 569/569/569 578/578/578
f 563/563/563 580/580/580 573/573/573
f 551/551/551 581/581/581 543/543/543
f 561/561/561 579/579/579 568/568/568
f 580/580/580 563/563/563 577/577/577
f 582/582/582 556/556/556 549/549/549
f 583/583/583 541/541/541 570/570/570
f 527/527/527 571/571/571 562/562/562
f 577/577/577 560/560/560 584/584/584
f 580/580/580 577/577/577 584/584/584
f 573/573/573 580/580/580 579/579/579
f 545/545/545 560/560/560 522/522/522
f 562/562/562 585/585/585 550/550/550
f 569/569/569 541/541/541 583/583/583
f 568/568/568 586/586/586 549/549/549
f 564/564/564 587/587/587 567/567/567
f 578/578/578 569/569/569 588/588/588
f 550/550/550 585/585/585 566/566/566
f 578/578/578 589/589/589 545/545/545
f 590/590/590 551/551/551 572/572/572
f 567/567/567 587/587/587 591/591/591
f 564/564/564 574/574/574 592/592/592
f 584/584/584 579/579/579 580/580/580
f 592/592/592 587/587/587 564/564/564
f 556/556/556 593/593/593 575/575/575
f 551/551/551 590/590/590 581/581/581
f 569/569/569 583/583/583 588/588/588
f 549/549/549 586/586/586 582/582/582
f 592/592/592 574/574/574 576/576/576
f 588/588/588 583/583/583 594/594/594
f 578/578/578 588/588/588 594/594/594
f 581/581/581 595/595/595 543/543/543
f 545/545/545 589/589/589 560/560/560
f 543/543/543 595/595/595 571/571/571
f 556/556/556 582/582/582 593/593/593
f 584/584/584 596/596/596 579/579/579
f 597/597/597 583/583/583 570/570/570
f 562/562/562 598/598/598 585/585/585
f 599/599/599 585/585/585 598/598/598
f 566/566/566 585/585/585 599/599/599
f 594/594/594 583/583/583 600/600/600
f 591/591/591 587/587/587 601/601/601
f 579/579/579 596/596/596 568/568/568
f 582/582/582 602/602/602 593/593/593
f 593/593/593 603/603/603 575/575/575
f 587/587/587 592/592/592 601/601/601
f 592/592/592 576/576/576 601/601/601
f 584/584/584 604/604/604 596/596/596
f 602/602/602 582/582/582 586/586/586
f 568/568/568 605/605/605 586/586/586
f 605/605/605 568/568/568 596/596/596
f 594/594/594 600/600/600 578/578/578
f 583/583/583 597/597/597 600/600/600
f 560/560/560 604/604/604 584/584/584
f 581/581/581 606/606/606 595/595/595
f 598/598/598 562/562/562 607/607/607
f 599/599/599 598/598/598 608/608/608
f 590/590/590 603/603/603 606/606/606
f 590/590/590 606/606/606 581/581/581
f 566/566/566 599/599/599 608/608/608
f 609/609/609 605/605/605 596/596/596
f 596/596/596 604/604/604 609/609/609
f 578/578/578 610/610/610 589/589/589
f 611/611/611 566/566/566 608/608/608
f 598/598/598 607/607/607 608/608/608
f 605/605/605 612/612/612 586/586/586
f 603/603/603 593/593/593 613/613/613
f 603/603/603 613/613/613 606/606/606
f 600/600/600 610/610/610 578/578/578
f 613/613/613 593/593/593 602/602/602
f 614/614/614 611/611/611 608/608/608
f 615/615/615 602/602/602 586/586/586
f 595/595/595 606/606/606 613/613/613
f 604/604/604 560/560/560 616/616/616
f 602/602/602 617/617/617 613/613/613
f 607/607/607 618/618/618 608/608/608
f 586/586/586 612/612/612 615/615/615
f 614/614/614 608/608/608 618/618/618
f 605/605/605 609/609/609 612/612/612
f 560/560/560 589/589/589 619/619/619
f 562/562/562 571/571/571 620/620/620
f 562/562/562 620/620/620 607/607/607
f 610/610/610 621/621/621 589/589/589
f 622/622/622 600/600/600 597/597/597
f 602/602/602 615/615/615 623/623/623
f 604/604/604 616/616/616 624/624/624
f 604/604/604 624/624/624 609/609/609
f 625/625/625 595/595/595 613/613/613
f 602/602/602 623/623/623 617/617/617
f 616/616/616 560/560/560 619/619/619
f 595/595/595 626/626/626 571/571/571
f 627/627/627 628/628/628 629/629/629
f 614/614/614 618/618/618 630/630/630
f 617/617/617 625/625/625 613/613/613
f 628/628/628 627/627/627 631/631/631
f 632/632/632 629/629/629 633/633/633
f 627/627/627 629/629/629 632/632/632
f 620/620/620 634/634/634 607/607/607
f 616/616/616 635/635/635 624/624/624
f 630/630/630 636/636/636 633/633/633
f 609/609/609 637/637/637 612/612/612
f 607/607/607 634/634/634 618/618/618
f 618/618/618 636/636/636 630/630/630
f 609/609/609 624/624/624 637/637/637
f 638/638/638 631/631/631 627/627/627
f 571/571/571 626/626/626 639/639/639
f 595/595/595 625/625/625 626/626/626
f 633/633/633 636/636/636 632/632/632
f 600/600/600 640/640/640 610/610/610
f 622/622/622 640/640/640 600/600/600
f 617/617/617 641/641/641 625/625/625
f 627/627/627 632/632/632 638/638/638
f 617/617/617 623/623/623 641/641/641
f 571/571/571 639/639/639 642/642/642
f 643/643/643 612/612/612 637/637/637
f 621/621/621 610/610/610 644/644/644
f 635/635/635 616/616/616 619/619/619
f 571/571/571 642/642/642 620/620/620
f 610/610/610 645/645/645 644/644/644
f 646/646/646 647/647/647 648/648/648
f 612/612/612 643/643/643 615/615/615
f 618/618/618 634/634/634 636/636/636
f 589/589/589 649/649/649 619/619/619
f 645/645/645 610/610/610 640/640/640
f 625/625/625 641/641/641 626/626/626
f 621/621/621 650/650/650 589/589/589
f 620/620/620 651/651/651 634/634/634
f 624/624/624 652/652/652 637/637/637
f 653/653/653 624/624/624 635/635/635
f 632/632/632 654/654/654 638/638/638
f 624/624/624 653/653/653 652/652/652
f 620/620/620 642/642/642 651/651/651
f 638/638/638 655/655/655 631/631/631
f 641/641/641 615/615/615 643/643/643
f 656/656/656 657/657/657 621/621/621
f 658/658/658 649/649/649 589/589/589
f 656/656/656 621/621/621 644/644/644
f 615/615/615 641/641/641 623/623/623
f 659/659/659 632/632/632 636/636/636
f 637/637/637 660/660/660 643/643/643
f 649/649/649 661/661/661 619/619/619
f 637/637/637 652/652/652 660/660/660
f 641/641/641 662/662/662 626/626/626
f 619/619/619 661/661/661 635/635/635
f 657/657/657 650/650/650 621/621/621
f 647/647/647 663/663/663 648/648/648
f 639/639/639 664/664/664 642/642/642
f 655/655/655 638/638/638 665/665/665
f 589/589/589 650/650/650 658/658/658
f 636/636/636 634/634/634 659/659/659
f 666/666/666 645/645/645 640/640/640
f 667/667/667 648/648/648 663/663/663
f 657/657/657 656/656/656 644/644/644
f 643/643/643 668/668/668 641/641/641
f 642/642/642 669/669/669 651/651/651
f 638/638/638 654/654/654 670/670/670
f 659/659/659 654/654/654 632/632/632
f 642/642/642 664/664/664 669/669/669
f 638/638/638 671/671/671 665/665/665
f 671/671/671 672/672/672 665/665/665
f 634/634/634 651/651/651 659/659/659
f 638/638/638 670/670/670 671/671/671
f 643/643/643 660/660/660 668/668/668
f 645/645/645 666/666/666 644/644/644
f 661/661/661 673/673/673 635/635/635
f 626/626/626 662/662/662 639/639/639
f 668/668/668 674/674/674 641/641/641
f 650/650/650 675/675/675 658/658/658
f 639/639/639 676/676/676 664/664/664
f 659/659/659 677/677/677 654/654/654
f 650/650/650 678/678/678 675/675/675
f 658/658/658 661/661/661 649/649/649
f 654/654/654 677/677/677 670/670/670
f 678/678/678 650/650/650 657/657/657
f 639/639/639 662/662/662 676/676/676
f 657/657/657 644/644/644 679/679/679
f 663/663/663 680/680/680 667/667/667
f 670/670/670 681/681/681 671/671/671
f 652/652/652 653/653/653 660/660/660
f 651/651/651 682/682/682 659/659/659
f 635/635/635 673/673/673 653/653/653
f 644/644/644 666/666/666 679/679/679
f 660/660/660 683/683/683 668/668/668
f 678/678/678 657/657/657 679/679/679
f 651/651/651 669/669/669 682/682/682
f 671/671/671 681/681/681 672/672/672
f 653/653/653 683/683/683 660/660/660
f 678/678/678 684/684/684 675/675/675
f 678/678/678 679/679/679 685/685/685
f 661/661/661 686/686/686 673/673/673
f 676/676/676 687/687/687 664/664/664
f 680/680/680 688/688/688 667/667/667
f 658/658/658 689/689/689 661/661/661
f 675/675/675 690/690/690 658/658/658
f 664/664/664 687/687/687 669/669/669
f 641/641/641 691/691/691 662/662/662
f 683/683/683 653/653/653 692/692/692
f 659/659/659 693/693/693 677/677/677
f 653/653/653 673/673/673 692/692/692
f 685/685/685 684/684/684 678/678/678
f 666/666/666 694/694/694 679/679/679
f 686/686/686 695/695/695 673/673/673
f 669/669/669 696/696/696 682/682/682
f 659/659/659 682/682/682 693/693/693
f 677/677/677 697/697/697 670/670/670
f 670/670/670 697/697/697 681/681/681
f 673/673/673 695/695/695 692/692/692
f 679/679/679 694/694/694 685/685/685
f 698/698/698 672/672/672 681/681/681
f 690/690/690 689/689/689 658/658/658
f 641/641/641 674/674/674 691/691/691
f 675/675/675 684/684/684 690/690/690
f 689/689/689 686/686/686 661/661/661
f 662/662/662 699/699/699 700/700/700
f 701/701/701 699/699/699 662/662/662
f 662/662/662 700/700/700 676/676/676
f 702/702/702 703/703/703 704/704/704
f 674/674/674 668/668/668 691/691/691
f 696/696/696 693/693/693 682/682/682
f 691/691/691 701/701/701 662/662/662
f 668/668/668 683/683/683 691/691/691
f 692/692/692 705/705/705 683/683/683
f 669/669/669 687/687/687 696/696/696
f 698/698/698 681/681/681 697/697/697
f 694/694/694 706/706/706 685/685/685
f 686/686/686 707/707/707 695/695/695
f 700/700/700 687/687/687 676/676/676
f 689/689/689 707/707/707 686/686/686
f 692/692/692 708/708/708 705/705/705
f 690/690/690 709/709/709 689/689/689
f 706/706/706 694/694/694 710/710/710
f 692/692/692 695/695/695 708/708/708
f 685/685/685 711/711/711 684/684/684
f 689/689/689 712/712/712 707/707/707
f 690/690/690 684/684/684 709/709/709
f 696/696/696 687/687/687 713/713/713
f 714/714/714 698/698/698 697/697/697
f 715/715/715 704/704/704 703/703/703
f 683/683/683 705/705/705 716/716/716
f 689/689/689 709/709/709 712/712/712
f 685/685/685 706/706/706 711/711/711
f 707/707/707 717/717/717 695/695/695
f 687/687/687 700/700/700 718/718/718
f 683/683/683 716/716/716 719/719/719
f 699/699/699 720/720/720 700/700/700
f 708/708/708 695/695/695 717/717/717
f 721/721/721 701/701/701 691/691/691
f 691/691/691 683/683/683 722/722/722
f 693/693/693 696/696/696 723/723/723
f 697/697/697 677/677/677 724/724/724
f 705/705/705 708/708/708 717/717/717
f 699/699/699 701/701/701 720/720/720
f 725/725/725 704/704/704 715/715/715
f 677/677/677 693/693/693 724/724/724
f 684/684/684 711/711/711 709/709/709
f 712/712/712 709/709/709 726/726/726
f 707/707/707 727/727/727 717/717/717
f 707/707/707 712/712/712 727/727/727
f 700/700/700 720/720/720 718/718/718
f 687/687/687 718/718/718 713/713/713
f 706/706/706 710/710/710 728/728/728
f 691/691/691 722/722/722 721/721/721
f 711/711/711 729/729/729 709/709/709
f 683/683/683 730/730/730 722/722/722
f 705/705/705 717/717/717 731/731/731
f 730/730/730 683/683/683 719/719/719
f 719/719/719 716/716/716 732/732/732
f 697/697/697 733/733/733 714/714/714
f 697/697/697 724/724/724 733/733/733
f 734/734/734 701/701/701 721/721/721
f 705/705/705 732/732/732 716/716/716
f 701/701/701 734/734/734 720/720/720
f 705/705/705 731/731/731 732/732/732
f 735/735/735 706/706/706 728/728/728
f 706/706/706 735/735/735 711/711/711
f 709/709/709 729/729/729 726/726/726
f 727/727/727 712/712/712 736/736/736
f 713/713/713 737/737/737 696/696/696
f 713/713/713 718/718/718 738/738/738
f 739/739/739 722/722/722 730/730/730
f 712/712/712 726/726/726 736/736/736
f 720/720/720 740/740/740 718/718/718
f 734/734/734 740/740/740 720/720/720
f 713/713/713 738/738/738 737/737/737
f 696/696/696 741/741/741 723/723/723
f 741/741/741 693/693/693 723/723/723
f 742/742/742 735/735/735 728/728/728
f 711/711/711 743/743/743 729/729/729
f 731/731/731 717/717/717 727/727/727
f 737/737/737 741/741/741 696/696/696
f 715/715/715 744/744/744 725/725/725
f 738/738/738 718/718/718 740/740/740
f 714/714/714 733/733/733 745/745/745
f 732/732/732 731/731/731 746/746/746
f 711/711/711 735/735/735 743/743/743
f 732/732/732 747/747/747 719/719/719
f 734/734/734 748/748/748 740/740/740
f 693/693/693 741/741/741 749/749/749
f 729/729/729 743/743/743 750/750/750
f 719/719/719 747/747/747 730/730/730
f 751/751/751 725/725/725 744/744/744
f 749/749/749 724/724/724 693/693/693
f 722/722/722 752/752/752 721/721/721
f 722/722/722 739/739/739 753/753/753
f 729/729/729 750/750/750 726/726/726
f 727/727/727 754/754/754 731/731/731
f 727/727/727 736/736/736 754/754/754
f 732/732/732 746/746/746 747/747/747
f 722/722/722 753/753/753 752/752/752
f 737/737/737 755/755/755 741/741/741
f 721/721/721 752/752/752 734/734/734
f 741/741/741 756/756/756 749/749/749
f 726/726/726 757/757/757 736/736/736
f 724/724/724 758/758/758 733/733/733
f 737/737/737 738/738/738 755/755/755
f 759/759/759 735/735/735 742/742/742
f 734/734/734 760/760/760 748/748/748
f 733/733/733 758/758/758 745/745/745
f 761/761/761 739/739/739 730/730/730
f 731/731/731 754/754/754 746/746/746
f 744/744/744 762/762/762 751/751/751
f 752/752/752 760/760/760 734/734/734
f 724/724/724 749/749/749 758/758/758
f 758/758/758 763/763/763 745/745/745
f 750/750/750 757/757/757 726/726/726
f 741/741/741 764/764/764 756/756/756
f 730/730/730 765/765/765 761/761/761
f 735/735/735 766/766/766 743/743/743
f 743/743/743 767/767/767 750/750/750
f 747/747/747 765/765/765 730/730/730
f 739/739/739 768/768/768 753/753/753
f 740/740/740 748/748/748 738/738/738
f 769/769/769 739/739/739 761/761/761
f 757/757/757 770/770/770 736/736/736
f 768/768/768 752/752/752 753/753/753
f 765/765/765 771/771/771 761/761/761
f 768/768/768 739/739/739 769/769/769
f 747/747/747 746/746/746 772/772/772
f 766/766/766 773/773/773 743/743/743
f 743/743/743 773/773/773 767/767/767
f 752/752/752 774/774/774 760/760/760
f 741/741/741 755/755/755 764/764/764
f 738/738/738 775/775/775 755/755/755
f 766/766/766 735/735/735 776/776/776
f 754/754/754 736/736/736 770/770/770
f 754/754/754 777/777/777 746/746/746
f 750/750/750 778/778/778 757/757/757
f 760/760/760 779/779/779 748/748/748
f 767/767/767 778/778/778 750/750/750
f 774/774/774 752/752/752 768/768/768
f 776/776/776 780/780/780 766/766/766
f 781/781/781 777/777/777 754/754/754
f 738/738/738 748/748/748 775/775/775
f 747/747/747 772/772/772 765/765/765
f 779/779/779 782/782/782 748/748/748
f 768/768/768 769/769/769 761/761/761
f 755/755/755 783/783/783 764/764/764
f 779/779/779 760/760/760 774/774/774
f 768/768/768 784/784/784 774/774/774
f 761/761/761 771/771/771 768/768/768
f 757/757/757 778/778/778 770/770/770
f 754/754/754 770/770/770 781/781/781
f 764/764/764 785/785/785 756/756/756
f 764/764/764 783/783/783 785/785/785
f 771/771/771 786/786/786 768/768/768
f 768/768/768 786/786/786 784/784/784
f 782/782/782 775/775/775 748/748/748
f 773/773/773 787/787/787 767/767/767
f 749/749/749 788/788/788 758/758/758
f 767/767/767 789/789/789 778/778/778
f 770/770/770 778/778/778 790/790/790
f 749/749/749 756/756/756 788/788/788
f 782/782/782 779/779/779 791/791/791
f 775/775/775 792/792/792 755/755/755
f 771/771/771 793/793/793 794/794/794
f 794/794/794 786/786/786 771/771/771
f 772/772/772 795/795/795 765/765/765
f 746/746/746 777/777/777 796/796/796
f 746/746/746 796/796/796 772/772/772
f 758/758/758 788/788/788 797/797/797
f 758/758/758 798/798/798 763/763/763
f 766/766/766 799/799/799 773/773/773
f 778/778/778 789/789/789 790/790/790
f 800/800/800 763/763/763 798/798/798
f 773/773/773 799/799/799 787/787/787
f 765/765/765 793/793/793 771/771/771
f 767/767/767 787/787/787 789/789/789
f 755/755/755 792/792/792 783/783/783
f 801/801/801 786/786/786 794/794/794
f 770/770/770 802/802/802 781/781/781
f 775/775/775 782/782/782 803/803/803
f 797/797/797 798/798/798 758/758/758
f 774/774/774 804/804/804 779/779/779
f 799/799/799 766/766/766 780/780/780
f 777/777/777 781/781/781 796/796/796
f 805/805/805 774/774/774 784/784/784
f 790/790/790 802/802/802 770/770/770
f 772/772/772 796/796/796 795/795/795
f 779/779/779 804/804/804 791/791/791
f 775/775/775 803/803/803 792/792/792
f 795/795/795 793/793/793 765/765/765
f 801/801/801 794/794/794 806/806/806
f 806/806/806 794/794/794 793/793/793
f 780/780/780 807/807/807 799/799/799
f 774/774/774 805/805/805 804/804/804
f 756/756/756 808/808/808 788/788/788
f 809/809/809 801/801/801 806/806/806
f 787/787/787 799/799/799 810/810/810
f 756/756/756 785/785/785 808/808/808
f 806/806/806 793/793/793 811/811/811
f 781/781/781 812/812/812 796/796/796
f 787/787/787 813/813/813 789/789/789
f 787/787/787 810/810/810 813/813/813
f 798/798/798 814/814/814 800/800/800
f 802/802/802 790/790/790 815/815/815
f 792/792/792 816/816/816 783/783/783
f 781/781/781 802/802/802 812/812/812
f 782/782/782 817/817/817 803/803/803
f 818/818/818 793/793/793 795/795/795
f 791/791/791 819/819/819 820/820/820
f 791/791/791 817/817/817 782/782/782
f 805/805/805 821/821/821 804/804/804
f 791/791/791 820/820/820 817/817/817
f 803/803/803 822/822/822 792/792/792
f 793/793/793 818/818/818 811/811/811
f 791/791/791 804/804/804 819/819/819
f 798/798/798 797/797/797 814/814/814
f 790/790/790 789/789/789 823/823/823
f 783/783/783 824/824/824 785/785/785
f 809/809/809 806/806/806 825/825/825
f 788/788/788 826/826/826 797/797/797
f 785/785/785 824/824/824 827/827/827
f 824/824/824 783/783/783 816/816/816
f 789/789/789 813/813/813 823/823/823
f 807/807/807 828/828/828 799/799/799
f 804/804/804 829/829/829 819/819/819
f 799/799/799 828/828/828 810/810/810
f 830/830/830 812/812/812 802/802/802
f 785/785/785 827/827/827 808/808/808
f 806/806/806 831/831/831 825/825/825
f 832/832/832 804/804/804 821/821/821
f 831/831/831 806/806/806 833/833/833
f 833/833/833 806/806/806 811/811/811
f 834/834/834 819/819/819 829/829/829
f 834/834/834 820/820/820 819/819/819
f 792/792/792 822/822/822 816/816/816
f 832/832/832 821/821/821 831/831/831
f 790/790/790 823/823/823 815/815/815
f 802/802/802 815/815/815 830/830/830
f 804/804/804 832/832/832 829/829/829
f 796/796/796 835/835/835 795/795/795
f 812/812/812 836/836/836 796/796/796
f 808/808/808 837/837/837 788/788/788
f 817/817/817 820/820/820 838/838/838
f 788/788/788 837/837/837 826/826/826
f 814/814/814 797/797/797 826/826/826
f 839/839/839 820/820/820 834/834/834
f 830/830/830 836/836/836 812/812/812
f 826/826/826 840/840/840 814/814/814
f 818/818/818 841/841/841 811/811/811
f 796/796/796 836/836/836 835/835/835
f 803/803/803 817/817/817 822/822/822
f 839/839/839 838/838/838 820/820/820
f 833/833/833 832/832/832 831/831/831
f 824/824/824 842/842/842 827/827/827
f 795/795/795 835/835/835 818/818/818
f 827/827/827 837/837/837 808/808/808
f 843/843/843 829/829/829 832/832/832
f 834/834/834 829/829/829 843/843/843
f 816/816/816 842/842/842 824/824/824
f 815/815/815 823/823/823 844/844/844
f 817/817/817 845/845/845 822/822/822
f 823/823/823 813/813/813 846/846/846
f 822/822/822 847/847/847 816/816/816
f 834/834/834 848/848/848 839/839/839
f 810/810/810 849/849/849 813/813/813
f 830/830/830 815/815/815 844/844/844
f 830/830/830 850/850/850 836/836/836
f 818/818/818 835/835/835 851/851/851
f 833/833/833 811/811/811 841/841/841
f 823/823/823 846/846/846 844/844/844
f 852/852/852 838/838/838 839/839/839
f 840/840/840 853/853/853 814/814/814
f 848/848/848 852/852/852 839/839/839
f 841/841/841 854/854/854 833/833/833
f 828/828/828 855/855/855 810/810/810
f 827/827/827 856/856/856 837/837/837
f 840/840/840 857/857/857 853/853/853
f 833/833/833 854/854/854 832/832/832
f 843/843/843 848/848/848 834/834/834
f 817/817/817 838/838/838 845/845/845
f 827/827/827 842/842/842 856/856/856
f 816/816/816 847/847/847 858/858/858
f 826/826/826 837/837/837 859/859/859
f 810/810/810 855/855/855 849/849/849
f 855/855/855 828/828/828 860/860/860
f 816/816/816 858/858/858 842/842/842
f 832/832/832 854/854/854 843/843/843
f 851/851/851 841/841/841 818/818/818
f 813/813/813 849/849/849 846/846/846
f 826/826/826 859/859/859 840/840/840
f 844/844/844 850/850/850 830/830/830
f 822/822/822 845/845/845 847/847/847
f 836/836/836 850/850/850 861/861/861
f 836/836/836 861/861/861 835/835/835
f 852/852/852 862/862/862 838/838/838
f 843/843/843 854/854/854 863/863/863
f 848/848/848 843/843/843 863/863/863
f 853/853/853 857/857/857 864/864/864
f 846/846/846 865/865/865 844/844/844
f 845/845/845 838/838/838 866/866/866
f 848/848/848 867/867/867 852/852/852
f 846/846/846 849/849/849 865/865/865
f 840/840/840 859/859/859 857/857/857
f 868/868/868 841/841/841 851/851/851
f 869/869/869 859/859/859 837/837/837
f 835/835/835 870/870/870 851/851/851
f 862/862/862 852/852/852 871/871/871
f 871/871/871 852/852/852 867/867/867
f 842/842/842 858/858/858 872/872/872
f 872/872/872 856/856/856 842/842/842
f 835/835/835 861/861/861 870/870/870
f 838/838/838 862/862/862 866/866/866
f 858/858/858 847/847/847 873/873/873
f 867/867/867 848/848/848 863/863/863
f 845/845/845 866/866/866 847/847/847
f 854/854/854 841/841/841 868/868/868
f 851/851/851 874/874/874 868/868/868
f 851/851/851 870/870/870 874/874/874
f 856/856/856 875/875/875 837/837/837
f 837/837/837 875/875/875 869/869/869
f 844/844/844 876/876/876 850/850/850
f 855/855/855 877/877/877 849/849/849
f 855/855/855 860/860/860 878/878/878
f 872/872/872 875/875/875 856/856/856
f 865/865/865 876/876/876 844/844/844
f 879/879/879 878/878/878 860/860/860
f 864/864/864 857/857/857 880/880/880
f 877/877/877 855/855/855 881/881/881
f 855/855/855 878/878/878 881/881/881
f 849/849/849 877/877/877 865/865/865
f 882/882/882 854/854/854 868/868/868
f 866/866/866 883/883/883 847/847/847
f 859/859/859 884/884/884 857/857/857
f 847/847/847 883/883/883 873/873/873
f 869/869/869 885/885/885 859/859/859
f 863/863/863 854/854/854 886/886/886
f 886/886/886 867/867/867 863/863/863
f 866/866/866 862/862/862 883/883/883
f 858/858/858 873/873/873 872/872/872
f 857/857/857 884/884/884 880/880/880
f 885/885/885 884/884/884 859/859/859
f 864/864/864 880/880/880 887/887/887
f 876/876/876 888/888/888 850/850/850
f 875/875/875 889/889/889 869/869/869
f 850/850/850 890/890/890 861/861/861
f 854/854/854 882/882/882 886/886/886
f 878/878/878 879/879/879 891/891/891
f 874/874/874 892/892/892 868/868/868
f 885/885/885 893/893/893 884/884/884
f 861/861/861 890/890/890 870/870/870
f 865/865/865 894/894/894 876/876/876
f 850/850/850 888/888/888 890/890/890
f 868/868/868 892/892/892 882/882/882
f 869/869/869 889/889/889 885/885/885
f 895/895/895 871/871/871 867/867/867
f 871/871/871 896/896/896 862/862/862
f 873/873/873 883/883/883 897/897/897
f 888/888/888 876/876/876 894/894/894
f 872/872/872 898/898/898 875/875/875
f 895/895/895 867/867/867 886/886/886
f 873/873/873 899/899/899 872/872/872
f 878/878/878 900/900/900 881/881/881
f 875/875/875 898/898/898 889/889/889
f 890/890/890 901/901/901 870/870/870
f 871/871/871 902/902/902 896/896/896
f 903/903/903 878/878/878 891/891/891
f 872/872/872 899/899/899 898/898/898
f 880/880/880 884/884/884 887/887/887
f 870/870/870 904/904/904 874/874/874
f 888/888/888 901/901/901 890/890/890
f 862/862/862 905/905/905 883/883/883
f 873/873/873 897/897/897 899/899/899
f 881/881/881 900/900/900 877/877/877
f 865/865/865 906/906/906 894/894/894
f 878/878/878 907/907/907 900/900/900
f 870/870/870 901/901/901 908/908/908
f 877/877/877 909/909/909 865/865/865
f 882/882/882 910/910/910 886/886/886
f 874/874/874 904/904/904 892/892/892
f 903/903/903 907/907/907 878/878/878
f 899/899/899 897/897/897 911/911/911
f 871/871/871 912/912/912 902/902/902
f 898/898/898 913/913/913 889/889/889
f 892/892/892 910/910/910 882/882/882
f 893/893/893 914/914/914 884/884/884
f 884/884/884 914/914/914 887/887/887
f 870/870/870 908/908/908 904/904/904
f 877/877/877 900/900/900 909/909/909
f 896/896/896 905/905/905 862/862/862
f 885/885/885 889/889/889 893/893/893
f 895/895/895 912/912/912 871/871/871
f 886/886/886 910/910/910 915/915/915
f 883/883/883 905/905/905 897/897/897
f 898/898/898 899/899/899 911/911/911
f 916/916/916 917/917/917 918/918/918
f 909/909/909 906/906/906 865/865/865
f 906/906/906 919/919/919 894/894/894
f 896/896/896 902/902/902 920/920/920
f 895/895/895 886/886/886 915/915/915
f 900/900/900 907/907/907 921/921/921
f 896/896/896 920/920/920 905/905/905
f 889/889/889 913/913/913 922/922/922
f 921/921/921 909/909/909 900/900/900
f 907/907/907 903/903/903 923/923/923
f 894/894/894 924/924/924 888/888/888
f 905/905/905 920/920/920 925/925/925
f 889/889/889 922/922/922 893/893/893
f 902/902/902 912/912/912 920/920/920
f 926/926/926 904/904/904 908/908/908
f 904/904/904 926/926/926 892/892/892
f 888/888/888 924/924/924 901/901/901
f 927/927/927 919/919/919 906/906/906
f 897/897/897 928/928/928 911/911/911
f 898/898/898 929/929/929 913/913/913
f 906/906/906 909/909/909 927/927/927
f 894/894/894 919/919/919 924/924/924
f 905/905/905 928/928/928 897/897/897
f 907/907/907 923/923/923 921/921/921
f 911/911/911 930/930/930 898/898/898
f 914/914/914 893/893/893 931/931/931
f 928/928/928 932/932/932 911/911/911
f 933/933/933 912/912/912 934/934/934
f 935/935/935 919/919/919 927/927/927
f 923/923/923 936/936/936 921/921/921
f 924/924/924 919/919/919 935/935/935
f 915/915/915 934/934/934 895/895/895
f 924/924/924 937/937/937 901/901/901
f 901/901/901 938/938/938 908/908/908
f 926/926/926 908/908/908 938/938/938
f 922/922/922 939/939/939 893/893/893
f 898/898/898 930/930/930 929/929/929
f 921/921/921 940/940/940 909/909/909
f 931/931/931 893/893/893 939/939/939
f 901/901/901 937/937/937 938/938/938
f 905/905/905 925/925/925 928/928/928
f 930/930/930 911/911/911 932/932/932
f 913/913/913 929/929/929 922/922/922
f 920/920/920 912/912/912 941/941/941
f 926/926/926 942/942/942 892/892/892
f 912/912/912 933/933/933 941/941/941
f 924/924/924 943/943/943 937/937/937
f 916/916/916 944/944/944 917/917/917
f 945/945/945 892/892/892 942/942/942
f 920/920/920 946/946/946 925/925/925
f 910/910/910 892/892/892 945/945/945
f 910/910/910 947/947/947 915/915/915
f 948/948/948 939/939/939 922/922/922
f 916/916/916 949/949/949 944/944/944
f 950/950/950 934/934/934 915/915/915
f 922/922/922 929/929/929 948/948/948
f 915/915/915 947/947/947 950/950/950
f 951/951/951 931/931/931 939/939/939
f 942/942/942 926/926/926 938/938/938
f 909/909/909 952/952/952 927/927/927
f 943/943/943 953/953/953 937/937/937
f 937/937/937 953/953/953 938/938/938
f 920/920/920 941/941/941 946/946/946
f 940/940/940 921/921/921 936/936/936
f 954/954/954 934/934/934 950/950/950
f 910/910/910 955/955/955 947/947/947
f 930/930/930 956/956/956 929/929/929
f 909/909/909 940/940/940 952/952/952
f 955/955/955 910/910/910 945/945/945
f 943/943/943 924/924/924 957/957/957
f 925/925/925 958/958/958 928/928/928
f 935/935/935 957/957/957 924/924/924
f 939/939/939 948/948/948 959/959/959
f 939/939/939 959/959/959 951/951/951
f 945/945/945 942/942/942 960/960/960
f 928/928/928 958/958/958 961/961/961
f 942/942/942 938/938/938 960/960/960
f 935/935/935 927/927/927 962/962/962
f 932/932/932 963/963/963 930/930/930
f 952/952/952 962/962/962 927/927/927
f 941/941/941 933/933/933 964/964/964
f 932/932/932 928/928/928 963/963/963
f 938/938/938 953/953/953 965/965/965
f 925/925/925 946/946/946 958/958/958
f 946/946/946 941/941/941 964/964/964
f 957/957/957 935/935/935 966/966/966
f 947/947/947 955/955/955 967/967/967
f 963/963/963 968/968/968 930/930/930
f 969/969/969 931/931/931 951/951/951
f 944/944/944 949/949/949 970/970/970
f 945/945/945 960/960/960 971/971/971
f 972/972/972 965/965/965 953/953/953
f 946/946/946 973/973/973 974/974/974
f 940/940/940 936/936/936 975/975/975
f 956/956/956 976/976/976 929/929/929
f 973/973/973 946/946/946 964/964/964
f 928/928/928 961/961/961 963/963/963
f 930/930/930 968/968/968 956/956/956
f 972/972/972 953/953/953 977/977/977
f 929/929/929 978/978/978 948/948/948
f 935/935/935 962/962/962 966/966/966
f 943/943/943 977/977/977 953/953/953
f 960/960/960 938/938/938 965/965/965
f 959/959/959 948/948/948 979/979/979
f 968/968/968 963/963/963 980/980/980
f 981/981/981 944/944/944 970/970/970
f 957/957/957 982/982/982 943/943/943
f 974/974/974 983/983/983 946/946/946
f 945/945/945 971/971/971 955/955/955
f 946/946/946 983/983/983 958/958/958
f 929/929/929 976/976/976 978/978/978
f 984/984/984 985/985/985 986/986/986
f 943/943/943 982/982/982 977/977/977
f 987/987/987 985/985/985 984/984/984
f 965/965/965 972/972/972 988/988/988
f 989/989/989 987/987/987 984/984/984
f 977/977/977 990/990/990 972/972/972
f 948/948/948 978/978/978 979/979/979
f 976/976/976 956/956/956 991/991/991
f 989/989/989 984/984/984 992/992/992
f 975/975/975 952/952/952 940/940/940
f 971/971/971 960/960/960 993/993/993
f 993/993/993 960/960/960 965/965/965
f 971/971/971 994/994/994 955/955/955
f 965/965/965 988/988/988 995/995/995
f 988/988/988 972/972/972 990/990/990
f 959/959/959 996/996/996 951/951/951
f 989/989/989 992/992/992 997/997/997
f 958/958/958 998/998/998 961/961/961
f 999/999/999 1000/1000/1000 967/967/967
f 957/957/957 1001/1001/1001 982/982/982
f 955/955/955 994/994/994 967/967/967
f 982/982/982 1002/1002/1002 977/977/977
f 963/963/963 961/961/961 1003/1003/1003
f 993/993/993 965/965/965 995/995/995
f 978/978/978 1004/1004/1004 979/979/979
f 951/951/951 996/996/996 969/969/969
f 983/983/983 1005/1005/1005 958/958/958
f 963/963/963 1003/1003/1003 980/980/980
f 991/991/991 1006/1006/1006 976/976/976
f 1002/1002/1002 990/990/990 977/977/977
f 990/990/990 1002/1002/1002 988/988/988
f 998/998/998 958/958/958 1005/1005/1005
f 978/978/978 976/976/976 1007/1007/1007
f 978/978/978 1007/1007/1007 1004/1004/1004
f 999/999/999 967/967/967 994/994/994
f 992/992/992 1008/1008/1008 997/997/997
f 957/957/957 966/966/966 1001/1001/1001
f 959/959/959 979/979/979 996/996/996
f 971/971/971 1009/1009/1009 994/994/994
f 971/971/971 993/993/993 1009/1009/1009
f 997/997/997 1008/1008/1008 1010/1010/1010
f 988/988/988 1011/1011/1011 995/995/995
f 961/961/961 998/998/998 1003/1003/1003
f 982/982/982 1012/1012/1012 1002/1002/1002
f 1013/1013/1013 999/999/999 994/994/994
f 1002/1002/1002 1012/1012/1012 988/988/988
f 998/998/998 1005/1005/1005 1014/1014/1014
f 1015/1015/1015 1010/1010/1010 1008/1008/1008
f 995/995/995 1016/1016/1016 993/993/993
f 962/962/962 1017/1017/1017 966/966/966
f 1006/1006/1006 991/991/991 1018/1018/1018
f 1009/1009/1009 993/993/993 1016/1016/1016
f 1009/1009/1009 1013/1013/1013 994/994/994
f 982/982/982 1001/1001/1001 1012/1012/1012
f 981/981/981 970/970/970 1019/1019/1019
f 952/952/952 1020/1020/1020 962/962/962
f 1001/1001/1001 966/966/966 1017/1017/1017
f 975/975/975 1021/1021/1021 952/952/952
f 979/979/979 1004/1004/1004 996/996/996
f 1003/1003/1003 998/998/998 1022/1022/1022
f 1015/1015/1015 1008/1008/1008 1023/1023/1023
f 1013/1013/1013 1009/1009/1009 1024/1024/1024
f 998/998/998 1014/1014/1014 1025/1025/1025
f 1026/1026/1026 1012/1012/1012 1001/1001/1001
f 996/996/996 1027/1027/1027 969/969/969
f 1006/1006/1006 1028/1028/1028 976/976/976
f 970/970/970 1029/1029/1029 1019/1019/1019
f 995/995/995 1030/1030/1030 1016/1016/1016
f 1001/1001/1001 1017/1017/1017 1026/1026/1026
f 1016/1016/1016 1024/1024/1024 1009/1009/1009
f 988/988/988 1012/1012/1012 1011/1011/1011
f 1024/1024/1024 1016/1016/1016 1031/1031/1031
f 1018/1018/1018 1032/1032/1032 1033/1033/1033
f 1025/1025/1025 1022/1022/1022 998/998/998
f 996/996/996 1004/1004/1004 1034/1034/1034
f 995/995/995 1011/1011/1011 1035/1035/1035
f 995/995/995 1035/1035/1035 1030/1030/1030
f 1028/1028/1028 1007/1007/1007 976/976/976
f 1031/1031/1031 1016/1016/1016 1030/1030/1030
f 962/962/962 1020/1020/1020 1036/1036/1036
f 1037/1037/1037 1019/1019/1019 1029/1029/1029
f 962/962/962 1036/1036/1036 1017/1017/1017
f 1018/1018/1018 1033/1033/1033 1006/1006/1006
f 952/952/952 1021/1021/1021 1038/1038/1038
f 952/952/952 1038/1038/1038 1020/1020/1020
f 1007/1007/1007 1039/1039/1039 1004/1004/1004
f 1040/1040/1040 1041/1041/1041 1013/1013/1013
f 1042/1042/1042 1038/1038/1038 1021/1021/1021
f 996/996/996 1034/1034/1034 1027/1027/1027
f 1043/1043/1043 1044/1044/1044 1045/1045/1045
f 1040/1040/1040 1013/1013/1013 1024/1024/1024
f 1046/1046/1046 1047/1047/1047 1048/1048/1048
f 1049/1049/1049 1048/1048/1048 1047/1047/1047
f 1050/1050/1050 1012/1012/1012 1026/1026/1026
f 1012/1012/1012 1050/1050/1050 1051/1051/1051
f 1052/1052/1052 1053/1053/1053 1049/1049/1049
f 1012/1012/1012 1051/1051/1051 1011/1011/1011
f 1045/1045/1045 1047/1047/1047 1046/1046/1046
f 1054/1054/1054 1044/1044/1044 1043/1043/1043
f 1054/1054/1054 1055/1055/1055 1044/1044/1044
f 1056/1056/1056 1055/1055/1055 1054/1054/1054
f 1052/1052/1052 1049/1049/1049 1047/1047/1047
f 1017/1017/1017 1036/1036/1036 1057/1057/1057
f 1034/1034/1034 1058/1058/1058 1027/1027/1027
f 1047/1047/1047 1045/1045/1045 1059/1059/1059
f 1004/1004/1004 1060/1060/1060 1034/1034/1034
f 1044/1044/1044 1061/1061/1061 1045/1045/1045
f 1055/1055/1055 1062/1062/1062 1044/1044/1044
f 1055/1055/1055 1056/1056/1056 1063/1063/1063
f 1063/1063/1063 1056/1056/1056 1064/1064/1064
f 1006/1006/1006 1033/1033/1033 1028/1028/1028
f 1037/1037/1037 1029/1029/1029 1065/1065/1065
f 1030/1030/1030 1035/1035/1035 1066/1066/1066
f 1040/1040/1040 1024/1024/1024 1067/1067/1067
f 1068/1068/1068 1069/1069/1069 1032/1032/1032
f 1070/1070/1070 1052/1052/1052 1071/1071/1071
f 1024/1024/1024 1031/1031/1031 1067/1067/1067
f 1033/1033/1033 1032/1032/1032 1069/1069/1069
f 1027/1027/1027 1058/1058/1058 1072/1072/1072
f 1064/1064/1064 1073/1073/1073 1063/1063/1063
f 1061/1061/1061 1044/1044/1044 1062/1062/1062
f 1059/1059/1059 1045/1045/1045 1061/1061/1061
f 1067/1067/1067 1031/1031/1031 1074/1074/1074
f 1062/1062/1062 1055/1055/1055 1063/1063/1063
f 1059/1059/1059 1075/1075/1075 1047/1047/1047
f 1052/1052/1052 1047/1047/1047 1075/1075/1075
f 1031/1031/1031 1030/1030/1030 1066/1066/1066
f 1071/1071/1071 1052/1052/1052 1075/1075/1075
f 1007/1007/1007 1076/1076/1076 1039/1039/1039
f 1026/1026/1026 1017/1017/1017 1057/1057/1057
f 1035/1035/1035 1011/1011/1011 1077/1077/1077
f 1035/1035/1035 1077/1077/1077 1066/1066/1066
f 1078/1078/1078 1026/1026/1026 1057/1057/1057
f 1004/1004/1004 1039/1039/1039 1060/1060/1060
f 1037/1037/1037 1065/1065/1065 1079/1079/1079
f 1007/1007/1007 1028/1028/1028 1076/1076/1076
f 1042/1042/1042 1080/1080/1080 1038/1038/1038
f 1076/1076/1076 1028/1028/1028 1033/1033/1033
f 1074/1074/1074 1031/1031/1031 1066/1066/1066
f 1034/1034/1034 1060/1060/1060 1058/1058/1058
f 1069/1069/1069 1081/1081/1081 1033/1033/1033
f 1080/1080/1080 1082/1082/1082 1038/1038/1038
f 1050/1050/1050 1026/1026/1026 1078/1078/1078
f 1038/1038/1038 1083/1083/1083 1020/1020/1020
f 1020/1020/1020 1084/1084/1084 1036/1036/1036
f 1033/1033/1033 1085/1085/1085 1076/1076/1076
f 1074/1074/1074 1066/1066/1066 1086/1086/1086
f 1036/1036/1036 1084/1084/1084 1057/1057/1057
f 1011/1011/1011 1051/1051/1051 1077/1077/1077
f 1038/1038/1038 1082/1082/1082 1083/1083/1083
f 1072/1072/1072 1058/1058/1058 1087/1087/1087
f 1076/1076/1076 1088/1088/1088 1039/1039/1039
f 1051/1051/1051 1089/1089/1089 1077/1077/1077
f 1020/1020/1020 1083/1083/1083 1084/1084/1084
f 1060/1060/1060 1039/1039/1039 1088/1088/1088
f 1065/1065/1065 1090/1090/1090 1079/1079/1079
f 1066/1066/1066 1077/1077/1077 1086/1086/1086
f 1085/1085/1085 1033/1033/1033 1081/1081/1081
f 1078/1078/1078 1091/1091/1091 1050/1050/1050
f 1091/1091/1091 1051/1051/1051 1050/1050/1050
f 1092/1092/1092 1086/1086/1086 1077/1077/1077
f 1076/1076/1076 1085/1085/1085 1093/1093/1093
f 1094/1094/1094 1057/1057/1057 1084/1084/1084
f 1078/1078/1078 1057/1057/1057 1095/1095/1095
f 1089/1089/1089 1096/1096/1096 1077/1077/1077
f 1092/1092/1092 1077/1077/1077 1096/1096/1096
f 1058/1058/1058 1097/1097/1097 1087/1087/1087
f 1051/1051/1051 1091/1091/1091 1089/1089/1089
f 1082/1082/1082 1080/1080/1080 1098/1098/1098
f 1083/1083/1083 1094/1094/1094 1084/1084/1084
f 1058/1058/1058 1060/1060/1060 1097/1097/1097
f 1085/1085/1085 1081/1081/1081 1099/1099/1099
f 1076/1076/1076 1093/1093/1093 1088/1088/1088
f 1088/1088/1088 1100/1100/1100 1060/1060/1060
f 1078/1078/1078 1095/1095/1095 1091/1091/1091
f 1089/1089/1089 1091/1091/1091 1096/1096/1096
f 1085/1085/1085 1099/1099/1099 1101/1101/1101
f 1085/1085/1085 1101/1101/1101 1093/1093/1093
f 1060/1060/1060 1100/1100/1100 1097/1097/1097
f 1102/1102/1102 1079/1079/1079 1090/1090/1090
f 1088/1088/1088 1093/1093/1093 1100/1100/1100
f 1103/1103/1103 1102/1102/1102 1090/1090/1090
f 1097/1097/1097 1104/1104/1104 1087/1087/1087
f 1057/1057/1057 1105/1105/1105 1095/1095/1095
f 1105/1105/1105 1057/1057/1057 1094/1094/1094
f 1082/1082/1082 1106/1106/1106 1083/1083/1083
f 1106/1106/1106 1082/1082/1082 1098/1098/1098
f 1083/1083/1083 1106/1106/1106 1094/1094/1094
f 495/495/495 465/465/465 464/464/464
f 539/539/539 525/525/525 524/524/524
f 934/934/934 912/912/912 895/895/895
f 1042/1042/1042 1021/1021/1021 975/975/975
f 1107/1107/1107 1108/1108/1108 1109/1109/1109
f 1110/1110/1110 1111/1111/1111 1109/1109/1109
f 1110/1110/1110 1112/1112/1112 1111/1111/1111
f 1113/1113/1113 1114/1114/1114 1115/1115/1115
f 1112/1112/1112 1116/1116/1116 1117/1117/1117
f 1112/1112/1112 1118/1118/1118 1111/1111/1111
f 1112/1112/1112 1117/1117/1117 1118/1118/1118
f 1114/1114/1114 1113/1113/1113 1119/1119/1119
f 1107/1107/1107 1109/1109/1109 1111/1111/1111
f 1120/1120/1120 1115/1115/1115 1121/1121/1121
f 1122/1122/1122 1123/1123/1123 1124/1124/1124
f 1114/1114/1114 1119/1119/1119 1125/1125/1125
f 1126/1126/1126 1124/1124/1124 1123/1123/1123
f 1115/1115/1115 1127/1127/1127 1121/1121/1121
f 1116/1116/1116 1122/1122/1122 1117/1117/1117
f 1115/1115/1115 1114/1114/1114 1128/1128/1128
f 1122/1122/1122 1124/1124/1124 1129/1129/1129
f 1130/1130/1130 1131/1131/1131 1132/1132/1132
f 1115/1115/1115 1128/1128/1128 1127/1127/1127
f 1119/1119/1119 1133/1133/1133 1125/1125/1125
f 1124/1124/1124 1126/1126/1126 1134/1134/1134
f 1122/1122/1122 1129/1129/1129 1117/1117/1117
f 1128/1128/1128 1114/1114/1114 1135/1135/1135
f 1114/1114/1114 1125/1125/1125 1135/1135/1135
f 1120/1120/1120 1121/1121/1121 1136/1136/1136
f 1111/1111/1111 1118/1118/1118 1137/1137/1137
f 1107/1107/1107 1111/1111/1111 1138/1138/1138
f 1124/1124/1124 1139/1139/1139 1129/1129/1129
f 1138/1138/1138 1140/1140/1140 1107/1107/1107
f 1118/1118/1118 1117/1117/1117 1137/1137/1137
f 1111/1111/1111 1141/1141/1141 1138/1138/1138
f 1111/1111/1111 1137/1137/1137 1142/1142/1142
f 1135/1135/1135 1125/1125/1125 1133/1133/1133
f 1143/1143/1143 1124/1124/1124 1134/1134/1134
f 1111/1111/1111 1142/1142/1142 1141/1141/1141
f 1127/1127/1127 1128/1128/1128 1144/1144/1144
f 1139/1139/1139 1124/1124/1124 1143/1143/1143
f 1135/1135/1135 1145/1145/1145 1128/1128/1128
f 1121/1121/1121 1127/1127/1127 1146/1146/1146
f 1144/1144/1144 1146/1146/1146 1127/1127/1127
f 1143/1143/1143 1147/1147/1147 1139/1139/1139
f 1148/1148/1148 1135/1135/1135 1133/1133/1133
f 1130/1130/1130 1149/1149/1149 1131/1131/1131
f 1143/1143/1143 1150/1150/1150 1147/1147/1147
f 1151/1151/1151 1136/1136/1136 1121/1121/1121
f 1117/1117/1117 1142/1142/1142 1137/1137/1137
f 1128/1128/1128 1145/1145/1145 1144/1144/1144
f 1140/1140/1140 1138/1138/1138 1152/1152/1152
f 1129/1129/1129 1153/1153/1153 1117/1117/1117
f 1139/1139/1139 1153/1153/1153 1129/1129/1129
f 1121/1121/1121 1146/1146/1146 1151/1151/1151
f 1154/1154/1154 1139/1139/1139 1147/1147/1147
f 1135/1135/1135 1148/1148/1148 1155/1155/1155
f 1150/1150/1150 1156/1156/1156 1147/1147/1147
f 1136/1136/1136 1151/1151/1151 1157/1157/1157
f 1138/1138/1138 1141/1141/1141 1158/1158/1158
f 1159/1159/1159 1160/1160/1160 1161/1161/1161
f 1138/1138/1138 1158/1158/1158 1152/1152/1152
f 1162/1162/1162 1159/1159/1159 1161/1161/1161
f 1130/1130/1130 1163/1163/1163 1149/1149/1149
f 1164/1164/1164 1154/1154/1154 1147/1147/1147
f 1117/1117/1117 1165/1165/1165 1142/1142/1142
f 1139/1139/1139 1154/1154/1154 1153/1153/1153
f 1135/1135/1135 1155/1155/1155 1145/1145/1145
f 1153/1153/1153 1166/1166/1166 1117/1117/1117
f 1148/1148/1148 1167/1167/1167 1155/1155/1155
f 1146/1146/1146 1144/1144/1144 1168/1168/1168
f 1151/1151/1151 1146/1146/1146 1168/1168/1168
f 1141/1141/1141 1169/1169/1169 1158/1158/1158
f 1141/1141/1141 1142/1142/1142 1169/1169/1169
f 1157/1157/1157 1151/1151/1151 1170/1170/1170
f 1142/1142/1142 1165/1165/1165 1171/1171/1171
f 1164/1164/1164 1172/1172/1172 1154/1154/1154
f 1168/1168/1168 1144/1144/1144 1145/1145/1145
f 1169/1169/1169 1142/1142/1142 1171/1171/1171
f 1170/1170/1170 1151/1151/1151 1168/1168/1168
f 1117/1117/1117 1166/1166/1166 1165/1165/1165
f 1169/1169/1169 1173/1173/1173 1158/1158/1158
f 1172/1172/1172 1174/1174/1174 1154/1154/1154
f 1155/1155/1155 1167/1167/1167 1175/1175/1175
f 1158/1158/1158 1173/1173/1173 1152/1152/1152
f 1176/1176/1176 1153/1153/1153 1154/1154/1154
f 1174/1174/1174 1172/1172/1172 1177/1177/1177
f 1155/1155/1155 1175/1175/1175 1145/1145/1145
f 1178/1178/1178 1157/1157/1157 1170/1170/1170
f 1165/1165/1165 1166/1166/1166 1179/1179/1179
f 1173/1173/1173 1169/1169/1169 1180/1180/1180
f 1171/1171/1171 1165/1165/1165 1179/1179/1179
f 1177/1177/1177 1181/1181/1181 1182/1182/1182
f 1168/1168/1168 1145/1145/1145 1183/1183/1183
f 1169/1169/1169 1171/1171/1171 1180/1180/1180
f 1174/1174/1174 1177/1177/1177 1182/1182/1182
f 1184/1184/1184 1175/1175/1175 1167/1167/1167
f 1154/1154/1154 1174/1174/1174 1176/1176/1176
f 1185/1185/1185 1186/1186/1186 1181/1181/1181
f 1182/1182/1182 1176/1176/1176 1174/1174/1174
f 1175/1175/1175 1187/1187/1187 1145/1145/1145
f 1152/1152/1152 1173/1173/1173 1188/1188/1188
f 1189/1189/1189 1190/1190/1190 1191/1191/1191
f 1190/1190/1190 1192/1192/1192 1191/1191/1191
f 1192/1192/1192 1193/1193/1193 1191/1191/1191
f 1194/1194/1194 1181/1181/1181 1186/1186/1186
f 1178/1178/1178 1170/1170/1170 1195/1195/1195
f 1196/1196/1196 1178/1178/1178 1195/1195/1195
f 1173/1173/1173 1180/1180/1180 1188/1188/1188
f 1192/1192/1192 1197/1197/1197 1193/1193/1193
f 1175/1175/1175 1184/1184/1184 1187/1187/1187
f 1193/1193/1193 1197/1197/1197 1198/1198/1198
f 1179/1179/1179 1199/1199/1199 1171/1171/1171
f 1180/1180/1180 1171/1171/1171 1199/1199/1199
f 1166/1166/1166 1153/1153/1153 1200/1200/1200
f 1189/1189/1189 1191/1191/1191 1201/1201/1201
f 1182/1182/1182 1202/1202/1202 1176/1176/1176
f 1202/1202/1202 1194/1194/1194 1186/1186/1186
f 1202/1202/1202 1189/1189/1189 1201/1201/1201
f 1187/1187/1187 1184/1184/1184 1203/1203/1203
f 1176/1176/1176 1204/1204/1204 1153/1153/1153
f 1197/1197/1197 1196/1196/1196 1198/1198/1198
f 1168/1168/1168 1183/1183/1183 1205/1205/1205
f 1200/1200/1200 1179/1179/1179 1166/1166/1166
f 1191/1191/1191 1193/1193/1193 1206/1206/1206
f 1188/1188/1188 1180/1180/1180 1207/1207/1207
f 1201/1201/1201 1191/1191/1191 1206/1206/1206
f 1170/1170/1170 1168/1168/1168 1205/1205/1205
f 1194/1194/1194 1202/1202/1202 1182/1182/1182
f 1145/1145/1145 1187/1187/1187 1208/1208/1208
f 1209/1209/1209 1196/1196/1196 1195/1195/1195
f 1198/1198/1198 1196/1196/1196 1209/1209/1209
f 1180/1180/1180 1199/1199/1199 1207/1207/1207
f 1210/1210/1210 1170/1170/1170 1205/1205/1205
f 1170/1170/1170 1210/1210/1210 1195/1195/1195
f 1145/1145/1145 1208/1208/1208 1183/1183/1183
f 1187/1187/1187 1211/1211/1211 1208/1208/1208
f 1203/1203/1203 1211/1211/1211 1187/1187/1187
f 1212/1212/1212 1188/1188/1188 1207/1207/1207
f 1202/1202/1202 1201/1201/1201 1213/1213/1213
f 1202/1202/1202 1213/1213/1213 1176/1176/1176
f 1201/1201/1201 1206/1206/1206 1213/1213/1213
f 1193/1193/1193 1198/1198/1198 1214/1214/1214
f 1153/1153/1153 1204/1204/1204 1215/1215/1215
f 1193/1193/1193 1214/1214/1214 1206/1206/1206
f 1199/1199/1199 1179/1179/1179 1216/1216/1216
f 1153/1153/1153 1215/1215/1215 1200/1200/1200
f 1209/1209/1209 1217/1217/1217 1198/1198/1198
f 1211/1211/1211 1218/1218/1218 1208/1208/1208
f 1198/1198/1198 1217/1217/1217 1214/1214/1214
f 1218/1218/1218 1211/1211/1211 1219/1219/1219
f 1176/1176/1176 1213/1213/1213 1220/1220/1220
f 1220/1220/1220 1204/1204/1204 1176/1176/1176
f 1221/1221/1221 1208/1208/1208 1218/1218/1218
f 1183/1183/1183 1208/1208/1208 1221/1221/1221
f 1210/1210/1210 1205/1205/1205 1222/1222/1222
f 1212/1212/1212 1207/1207/1207 1223/1223/1223
f 1207/1207/1207 1199/1199/1199 1224/1224/1224
f 1205/1205/1205 1183/1183/1183 1222/1222/1222
f 1225/1225/1225 1209/1209/1209 1195/1195/1195
f 1226/1226/1226 1221/1221/1221 1218/1218/1218
f 1183/1183/1183 1221/1221/1221 1227/1227/1227
f 1213/1213/1213 1206/1206/1206 1228/1228/1228
f 1195/1195/1195 1210/1210/1210 1229/1229/1229
f 1229/1229/1229 1225/1225/1225 1195/1195/1195
f 1223/1223/1223 1207/1207/1207 1224/1224/1224
f 1206/1206/1206 1214/1214/1214 1228/1228/1228
f 1213/1213/1213 1230/1230/1230 1231/1231/1231
f 1200/1200/1200 1232/1232/1232 1179/1179/1179
f 1209/1209/1209 1225/1225/1225 1233/1233/1233
f 1226/1226/1226 1234/1234/1234 1221/1221/1221
f 1183/1183/1183 1227/1227/1227 1222/1222/1222
f 1212/1212/1212 1223/1223/1223 1235/1235/1235
f 1228/1228/1228 1214/1214/1214 1236/1236/1236
f 1237/1237/1237 1199/1199/1199 1216/1216/1216
f 1213/1213/1213 1231/1231/1231 1220/1220/1220
f 1230/1230/1230 1213/1213/1213 1228/1228/1228
f 1214/1214/1214 1217/1217/1217 1236/1236/1236
f 1233/1233/1233 1217/1217/1217 1209/1209/1209
f 1227/1227/1227 1221/1221/1221 1238/1238/1238
f 1210/1210/1210 1222/1222/1222 1239/1239/1239
f 1221/1221/1221 1234/1234/1234 1238/1238/1238
f 1216/1216/1216 1179/1179/1179 1232/1232/1232
f 1229/1229/1229 1210/1210/1210 1240/1240/1240
f 1231/1231/1231 1230/1230/1230 1241/1241/1241
f 1242/1242/1242 1200/1200/1200 1215/1215/1215
f 1215/1215/1215 1204/1204/1204 1220/1220/1220
f 1225/1225/1225 1229/1229/1229 1233/1233/1233
f 1199/1199/1199 1237/1237/1237 1224/1224/1224
f 1210/1210/1210 1239/1239/1239 1240/1240/1240
f 1200/1200/1200 1242/1242/1242 1232/1232/1232
f 1243/1243/1243 1227/1227/1227 1238/1238/1238
f 1228/1228/1228 1236/1236/1236 1244/1244/1244
f 1230/1230/1230 1228/1228/1228 1245/1245/1245
f 1220/1220/1220 1231/1231/1231 1246/1246/1246
f 1241/1241/1241 1230/1230/1230 1245/1245/1245
f 1247/1247/1247 1248/1248/1248 1249/1249/1249
f 1250/1250/1250 1229/1229/1229 1240/1240/1240
f 1248/1248/1248 1251/1251/1251 1249/1249/1249
f 1232/1232/1232 1237/1237/1237 1216/1216/1216
f 1242/1242/1242 1215/1215/1215 1252/1252/1252
f 1229/1229/1229 1250/1250/1250 1233/1233/1233
f 1228/1228/1228 1244/1244/1244 1245/1245/1245
f 1215/1215/1215 1220/1220/1220 1252/1252/1252
f 1246/1246/1246 1231/1231/1231 1253/1253/1253
f 1240/1240/1240 1239/1239/1239 1254/1254/1254
f 1255/1255/1255 1251/1251/1251 1248/1248/1248
f 1231/1231/1231 1241/1241/1241 1253/1253/1253
f 1255/1255/1255 1256/1256/1256 1251/1251/1251
f 1217/1217/1217 1233/1233/1233 1236/1236/1236
f 1257/1257/1257 1227/1227/1227 1243/1243/1243
f 1237/1237/1237 1232/1232/1232 1258/1258/1258
f 1255/1255/1255 1248/1248/1248 1259/1259/1259
f 1241/1241/1241 1245/1245/1245 1260/1260/1260
f 1261/1261/1261 1262/1262/1262 1263/1263/1263
f 1222/1222/1222 1227/1227/1227 1257/1257/1257
f 1220/1220/1220 1246/1246/1246 1264/1264/1264
f 1236/1236/1236 1233/1233/1233 1265/1265/1265
f 1252/1252/1252 1220/1220/1220 1264/1264/1264
f 1223/1223/1223 1224/1224/1224 1266/1266/1266
f 1250/1250/1250 1265/1265/1265 1233/1233/1233
f 1224/1224/1224 1237/1237/1237 1267/1267/1267
f 1232/1232/1232 1242/1242/1242 1258/1258/1258
f 1268/1268/1268 1263/1263/1263 1262/1262/1262
f 1269/1269/1269 1260/1260/1260 1245/1245/1245
f 1270/1270/1270 1271/1271/1271 1272/1272/1272
f 1253/1253/1253 1264/1264/1264 1246/1246/1246
f 1222/1222/1222 1257/1257/1257 1273/1273/1273
f 1254/1254/1254 1239/1239/1239 1273/1273/1273
f 1239/1239/1239 1222/1222/1222 1273/1273/1273
f 1244/1244/1244 1236/1236/1236 1274/1274/1274
f 1241/1241/1241 1260/1260/1260 1253/1253/1253
f 1265/1265/1265 1250/1250/1250 1275/1275/1275
f 1250/1250/1250 1240/1240/1240 1275/1275/1275
f 1236/1236/1236 1265/1265/1265 1274/1274/1274
f 1224/1224/1224 1267/1267/1267 1276/1276/1276
f 1271/1271/1271 1270/1270/1270 1277/1277/1277
f 1278/1278/1278 1235/1235/1235 1223/1223/1223
f 1266/1266/1266 1224/1224/1224 1279/1279/1279
f 1269/1269/1269 1280/1280/1280 1260/1260/1260
f 1237/1237/1237 1258/1258/1258 1281/1281/1281
f 1242/1242/1242 1282/1282/1282 1258/1258/1258
f 1237/1237/1237 1281/1281/1281 1267/1267/1267
f 1279/1279/1279 1224/1224/1224 1276/1276/1276
f 1283/1283/1283 1263/1263/1263 1268/1268/1268
f 1253/1253/1253 1260/1260/1260 1284/1284/1284
f 1280/1280/1280 1284/1284/1284 1260/1260/1260
f 1275/1275/1275 1240/1240/1240 1285/1285/1285
f 1240/1240/1240 1254/1254/1254 1285/1285/1285
f 1253/1253/1253 1286/1286/1286 1264/1264/1264
f 1273/1273/1273 1287/1287/1287 1254/1254/1254
f 1288/1288/1288 1282/1282/1282 1242/1242/1242
f 1242/1242/1242 1252/1252/1252 1288/1288/1288
f 1264/1264/1264 1286/1286/1286 1252/1252/1252
f 1277/1277/1277 1289/1289/1289 1271/1271/1271
f 1274/1274/1274 1265/1265/1265 1290/1290/1290
f 1271/1271/1271 1289/1289/1289 1291/1291/1291
f 1258/1258/1258 1282/1282/1282 1281/1281/1281
f 1257/1257/1257 1292/1292/1292 1293/1293/1293
f 1267/1267/1267 1294/1294/1294 1276/1276/1276
f 1254/1254/1254 1287/1287/1287 1285/1285/1285
f 1273/1273/1273 1257/1257/1257 1293/1293/1293
f 1265/1265/1265 1275/1275/1275 1295/1295/1295
f 1265/1265/1265 1295/1295/1295 1290/1290/1290
f 1280/1280/1280 1296/1296/1296 1284/1284/1284
f 1276/1276/1276 1294/1294/1294 1279/1279/1279
f 1291/1291/1291 1289/1289/1289 1297/1297/1297
f 1293/1293/1293 1292/1292/1292 1298/1298/1298
f 1275/1275/1275 1285/1285/1285 1299/1299/1299
f 1294/1294/1294 1267/1267/1267 1300/1300/1300
f 1284/1284/1284 1301/1301/1301 1253/1253/1253
f 1275/1275/1275 1299/1299/1299 1295/1295/1295
f 1284/1284/1284 1296/1296/1296 1301/1301/1301
f 1287/1287/1287 1273/1273/1273 1293/1293/1293
f 1294/1294/1294 1302/1302/1302 1303/1303/1303
f 1302/1302/1302 1294/1294/1294 1300/1300/1300
f 1267/1267/1267 1281/1281/1281 1304/1304/1304
f 1305/1305/1305 1289/1289/1289 1277/1277/1277
f 1305/1305/1305 1277/1277/1277 1306/1306/1306
f 1285/1285/1285 1287/1287/1287 1307/1307/1307
f 1278/1278/1278 1266/1266/1266 1308/1308/1308
f 1303/1303/1303 1279/1279/1279 1294/1294/1294
f 1252/1252/1252 1286/1286/1286 1309/1309/1309
f 1305/1305/1305 1306/1306/1306 1310/1310/1310
f 1311/1311/1311 1289/1289/1289 1305/1305/1305
f 1293/1293/1293 1312/1312/1312 1287/1287/1287
f 1313/1313/1313 1302/1302/1302 1300/1300/1300
f 1266/1266/1266 1279/1279/1279 1303/1303/1303
f 1297/1297/1297 1289/1289/1289 1311/1311/1311
f 1267/1267/1267 1304/1304/1304 1300/1300/1300
f 1310/1310/1310 1314/1314/1314 1305/1305/1305
f 1314/1314/1314 1311/1311/1311 1305/1305/1305
f 1301/1301/1301 1296/1296/1296 1315/1315/1315
f 1285/1285/1285 1307/1307/1307 1299/1299/1299
f 1313/1313/1313 1303/1303/1303 1302/1302/1302
f 1314/1314/1314 1297/1297/1297 1311/1311/1311
f 1295/1295/1295 1316/1316/1316 1290/1290/1290
f 1281/1281/1281 1282/1282/1282 1304/1304/1304
f 1317/1317/1317 1290/1290/1290 1316/1316/1316
f 1318/1318/1318 1300/1300/1300 1304/1304/1304
f 1319/1319/1319 1313/1313/1313 1300/1300/1300
f 1309/1309/1309 1286/1286/1286 1253/1253/1253
f 1293/1293/1293 1298/1298/1298 1320/1320/1320
f 1317/1317/1317 1316/1316/1316 1315/1315/1315
f 1303/1303/1303 1321/1321/1321 1266/1266/1266
f 1318/1318/1318 1319/1319/1319 1300/1300/1300
f 1252/1252/1252 1309/1309/1309 1288/1288/1288
f 1312/1312/1312 1293/1293/1293 1320/1320/1320
f 1295/1295/1295 1299/1299/1299 1322/1322/1322
f 1323/1323/1323 1320/1320/1320 1298/1298/1298
f 1307/1307/1307 1287/1287/1287 1324/1324/1324
f 1253/1253/1253 1301/1301/1301 1325/1325/1325
f 1287/1287/1287 1312/1312/1312 1326/1326/1326
f 1324/1324/1324 1287/1287/1287 1326/1326/1326
f 1303/1303/1303 1327/1327/1327 1321/1321/1321
f 1316/1316/1316 1295/1295/1295 1322/1322/1322
f 1327/1327/1327 1303/1303/1303 1313/1313/1313
f 1319/1319/1319 1327/1327/1327 1313/1313/1313
f 1318/1318/1318 1327/1327/1327 1319/1319/1319
f 1307/1307/1307 1324/1324/1324 1328/1328/1328
f 1301/1301/1301 1315/1315/1315 1316/1316/1316
f 1299/1299/1299 1307/1307/1307 1329/1329/1329
f 1309/1309/1309 1253/1253/1253 1325/1325/1325
f 1307/1307/1307 1328/1328/1328 1329/1329/1329
f 1301/1301/1301 1316/1316/1316 1325/1325/1325
f 1322/1322/1322 1299/1299/1299 1329/1329/1329
f 1328/1328/1328 1324/1324/1324 1326/1326/1326
f 1320/1320/1320 1323/1323/1323 1330/1330/1330
f 1282/1282/1282 1331/1331/1331 1304/1304/1304
f 1318/1318/1318 1304/1304/1304 1332/1332/1332
f 1327/1327/1327 1318/1318/1318 1332/1332/1332
f 1312/1312/1312 1320/1320/1320 1333/1333/1333
f 1266/1266/1266 1321/1321/1321 1334/1334/1334
f 1335/1335/1335 1321/1321/1321 1327/1327/1327
f 1332/1332/1332 1335/1335/1335 1327/1327/1327
f 1308/1308/1308 1266/1266/1266 1336/1336/1336
f 1316/1316/1316 1337/1337/1337 1325/1325/1325
f 1288/1288/1288 1331/1331/1331 1282/1282/1282
f 1320/1320/1320 1330/1330/1330 1333/1333/1333
f 1326/1326/1326 1312/1312/1312 1333/1333/1333
f 1309/1309/1309 1338/1338/1338 1288/1288/1288
f 1316/1316/1316 1322/1322/1322 1339/1339/1339
f 1340/1340/1340 1341/1341/1341 1330/1330/1330
f 1342/1342/1342 1326/1326/1326 1333/1333/1333
f 1325/1325/1325 1343/1343/1343 1309/1309/1309
f 1266/1266/1266 1334/1334/1334 1336/1336/1336
f 1333/1333/1333 1330/1330/1330 1341/1341/1341
f 1344/1344/1344 1345/1345/1345 1346/1346/1346
f 1332/1332/1332 1304/1304/1304 1331/1331/1331
f 1347/1347/1347 1345/1345/1345 1344/1344/1344
f 1340/1340/1340 1347/1347/1347 1341/1341/1341
f 1325/1325/1325 1337/1337/1337 1343/1343/1343
f 1316/1316/1316 1339/1339/1339 1337/1337/1337
f 1332/1332/1332 1348/1348/1348 1335/1335/1335
f 1334/1334/1334 1349/1349/1349 1336/1336/1336
f 1346/1346/1346 1350/1350/1350 1344/1344/1344
f 1350/1350/1350 1346/1346/1346 1351/1351/1351
f 1328/1328/1328 1326/1326/1326 1342/1342/1342
f 1347/1347/1347 1344/1344/1344 1352/1352/1352
f 1347/1347/1347 1352/1352/1352 1341/1341/1341
f 1339/1339/1339 1353/1353/1353 1337/1337/1337
f 1322/1322/1322 1329/1329/1329 1353/1353/1353
f 1328/1328/1328 1354/1354/1354 1329/1329/1329
f 1309/1309/1309 1355/1355/1355 1338/1338/1338
f 1339/1339/1339 1322/1322/1322 1353/1353/1353
f 1349/1349/1349 1334/1334/1334 1321/1321/1321
f 1337/1337/1337 1356/1356/1356 1343/1343/1343
f 1328/1328/1328 1342/1342/1342 1354/1354/1354
f 1342/1342/1342 1333/1333/1333 1357/1357/1357
f 1333/1333/1333 1341/1341/1341 1357/1357/1357
f 1358/1358/1358 1335/1335/1335 1348/1348/1348
f 1358/1358/1358 1348/1348/1348 1332/1332/1332
f 1341/1341/1341 1352/1352/1352 1357/1357/1357
f 1335/1335/1335 1358/1358/1358 1321/1321/1321
f 1359/1359/1359 1337/1337/1337 1353/1353/1353
f 1344/1344/1344 1360/1360/1360 1352/1352/1352
f 1344/1344/1344 1350/1350/1350 1360/1360/1360
f 1353/1353/1353 1329/1329/1329 1361/1361/1361
f 1331/1331/1331 1358/1358/1358 1332/1332/1332
f 1342/1342/1342 1362/1362/1362 1354/1354/1354
f 1356/1356/1356 1337/1337/1337 1359/1359/1359
f 1288/1288/1288 1363/1363/1363 1331/1331/1331
f 1364/1364/1364 1350/1350/1350 1365/1365/1365
f 1329/1329/1329 1354/1354/1354 1361/1361/1361
f 1352/1352/1352 1366/1366/1366 1357/1357/1357
f 1309/1309/1309 1343/1343/1343 1355/1355/1355
f 1349/1349/1349 1321/1321/1321 1367/1367/1367
f 1321/1321/1321 1358/1358/1358 1368/1368/1368
f 1361/1361/1361 1354/1354/1354 1369/1369/1369
f 1321/1321/1321 1368/1368/1368 1367/1367/1367
f 1342/1342/1342 1357/1357/1357 1362/1362/1362
f 1343/1343/1343 1356/1356/1356 1355/1355/1355
f 1350/1350/1350 1364/1364/1364 1360/1360/1360
f 1288/1288/1288 1338/1338/1338 1363/1363/1363
f 1353/1353/1353 1361/1361/1361 1370/1370/1370
f 1371/1371/1371 1364/1364/1364 1365/1365/1365
f 1355/1355/1355 1356/1356/1356 1372/1372/1372
f 1352/1352/1352 1360/1360/1360 1373/1373/1373
f 1331/1331/1331 1363/1363/1363 1374/1374/1374
f 1354/1354/1354 1362/1362/1362 1369/1369/1369
f 1362/1362/1362 1357/1357/1357 1375/1375/1375
f 1349/1349/1349 1367/1367/1367 1376/1376/1376
f 1366/1366/1366 1352/1352/1352 1373/1373/1373
f 1374/1374/1374 1358/1358/1358 1331/1331/1331
f 1377/1377/1377 1364/1364/1364 1371/1371/1371
f 1353/1353/1353 1370/1370/1370 1378/1378/1378
f 1355/1355/1355 1379/1379/1379 1338/1338/1338
f 1353/1353/1353 1378/1378/1378 1359/1359/1359
f 1356/1356/1356 1359/1359/1359 1380/1380/1380
f 1379/1379/1379 1355/1355/1355 1372/1372/1372
f 1356/1356/1356 1380/1380/1380 1372/1372/1372
f 1357/1357/1357 1366/1366/1366 1381/1381/1381
f 1338/1338/1338 1382/1382/1382 1363/1363/1363
f 1370/1370/1370 1361/1361/1361 1369/1369/1369
f 1360/1360/1360 1364/1364/1364 1383/1383/1383
f 1357/1357/1357 1381/1381/1381 1375/1375/1375
f 1367/1367/1367 1384/1384/1384 1376/1376/1376
f 1359/1359/1359 1378/1378/1378 1380/1380/1380
f 1375/1375/1375 1385/1385/1385 1362/1362/1362
f 1369/1369/1369 1362/1362/1362 1386/1386/1386
f 1376/1376/1376 1384/1384/1384 1387/1387/1387
f 1364/1364/1364 1377/1377/1377 1383/1383/1383
f 1384/1384/1384 1367/1367/1367 1368/1368/1368
f 1366/1366/1366 1388/1388/1388 1381/1381/1381
f 1379/1379/1379 1382/1382/1382 1338/1338/1338
f 1360/1360/1360 1383/1383/1383 1373/1373/1373
f 1372/1372/1372 1380/1380/1380 1389/1389/1389
f 1362/1362/1362 1385/1385/1385 1386/1386/1386
f 1388/1388/1388 1366/1366/1366 1373/1373/1373
f 1375/1375/1375 1381/1381/1381 1385/1385/1385
f 1372/1372/1372 1389/1389/1389 1379/1379/1379
f 1368/1368/1368 1390/1390/1390 1384/1384/1384
f 1370/1370/1370 1391/1391/1391 1378/1378/1378
f 1369/1369/1369 1386/1386/1386 1392/1392/1392
f 1369/1369/1369 1391/1391/1391 1370/1370/1370
f 1391/1391/1391 1369/1369/1369 1392/1392/1392
f 1393/1393/1393 1363/1363/1363 1382/1382/1382
f 1387/1387/1387 1384/1384/1384 1394/1394/1394
f 1395/1395/1395 1358/1358/1358 1374/1374/1374
f 1396/1396/1396 1383/1383/1383 1377/1377/1377
f 1390/1390/1390 1397/1397/1397 1384/1384/1384
f 1374/1374/1374 1363/1363/1363 1393/1393/1393
f 1368/1368/1368 1358/1358/1358 1395/1395/1395
f 1386/1386/1386 1385/1385/1385 1398/1398/1398
f 1378/1378/1378 1399/1399/1399 1380/1380/1380
f 1374/1374/1374 1393/1393/1393 1400/1400/1400
f 1390/1390/1390 1368/1368/1368 1401/1401/1401
f 1382/1382/1382 1379/1379/1379 1402/1402/1402
f 1378/1378/1378 1391/1391/1391 1399/1399/1399
f 1385/1385/1385 1381/1381/1381 1403/1403/1403
f 1397/1397/1397 1394/1394/1394 1384/1384/1384
f 1401/1401/1401 1368/1368/1368 1395/1395/1395
f 1373/1373/1373 1404/1404/1404 1388/1388/1388
f 1390/1390/1390 1405/1405/1405 1397/1397/1397
f 1389/1389/1389 1380/1380/1380 1406/1406/1406
f 1392/1392/1392 1386/1386/1386 1398/1398/1398
f 1373/1373/1373 1383/1383/1383 1407/1407/1407
f 1405/1405/1405 1390/1390/1390 1401/1401/1401
f 1381/1381/1381 1388/1388/1388 1403/1403/1403
f 1374/1374/1374 1400/1400/1400 1395/1395/1395
f 1391/1391/1391 1392/1392/1392 1408/1408/1408
f 1383/1383/1383 1396/1396/1396 1407/1407/1407
f 1393/1393/1393 1382/1382/1382 1409/1409/1409
f 1409/1409/1409 1400/1400/1400 1393/1393/1393
f 1373/1373/1373 1407/1407/1407 1404/1404/1404
f 1410/1410/1410 1389/1389/1389 1406/1406/1406
f 1397/1397/1397 1405/1405/1405 1394/1394/1394
f 1379/1379/1379 1389/1389/1389 1410/1410/1410
f 1380/1380/1380 1399/1399/1399 1406/1406/1406
f 1382/1382/1382 1402/1402/1402 1409/1409/1409
f 1385/1385/1385 1403/1403/1403 1411/1411/1411
f 1398/1398/1398 1412/1412/1412 1392/1392/1392
f 1391/1391/1391 1413/1413/1413 1399/1399/1399
f 1385/1385/1385 1411/1411/1411 1398/1398/1398
f 1396/1396/1396 1414/1414/1414 1407/1407/1407
f 1415/1415/1415 1388/1388/1388 1404/1404/1404
f 1406/1406/1406 1399/1399/1399 1413/1413/1413
f 1405/1405/1405 1401/1401/1401 1416/1416/1416
f 1407/1407/1407 1414/1414/1414 1417/1417/1417
f 1418/1418/1418 1394/1394/1394 1405/1405/1405
f 1404/1404/1404 1407/1407/1407 1419/1419/1419
f 1392/1392/1392 1412/1412/1412 1408/1408/1408
f 1379/1379/1379 1410/1410/1410 1420/1420/1420
f 1398/1398/1398 1411/1411/1411 1412/1412/1412
f 1413/1413/1413 1391/1391/1391 1408/1408/1408
f 1403/1403/1403 1388/1388/1388 1415/1415/1415
f 1410/1410/1410 1406/1406/1406 1421/1421/1421
f 1407/1407/1407 1417/1417/1417 1419/1419/1419
f 1404/1404/1404 1419/1419/1419 1415/1415/1415
f 1405/1405/1405 1416/1416/1416 1418/1418/1418
f 1422/1422/1422 1417/1417/1417 1414/1414/1414
f 1411/1411/1411 1403/1403/1403 1423/1423/1423
f 1402/1402/1402 1379/1379/1379 1424/1424/1424
f 1410/1410/1410 1421/1421/1421 1420/1420/1420
f 1406/1406/1406 1413/1413/1413 1421/1421/1421
f 1379/1379/1379 1420/1420/1420 1424/1424/1424
f 1403/1403/1403 1415/1415/1415 1423/1423/1423
f 1412/1412/1412 1411/1411/1411 1425/1425/1425
f 1421/1421/1421 1413/1413/1413 1426/1426/1426
f 1415/1415/1415 1419/1419/1419 1427/1427/1427
f 1415/1415/1415 1427/1427/1427 1428/1428/1428
f 1411/1411/1411 1423/1423/1423 1425/1425/1425
f 1415/1415/1415 1428/1428/1428 1423/1423/1423
f 1419/1419/1419 1417/1417/1417 1429/1429/1429
f 1430/1430/1430 1395/1395/1395 1400/1400/1400
f 1413/1413/1413 1408/1408/1408 1431/1431/1431
f 1420/1420/1420 1432/1432/1432 1424/1424/1424
f 1395/1395/1395 1430/1430/1430 1401/1401/1401
f 1413/1413/1413 1431/1431/1431 1426/1426/1426
f 1420/1420/1420 1421/1421/1421 1432/1432/1432
f 1422/1422/1422 1433/1433/1433 1417/1417/1417
f 1417/1417/1417 1433/1433/1433 1429/1429/1429
f 1421/1421/1421 1434/1434/1434 1432/1432/1432
f 1402/1402/1402 1435/1435/1435 1409/1409/1409
f 1412/1412/1412 1425/1425/1425 1436/1436/1436
f 1428/1428/1428 1425/1425/1425 1423/1423/1423
f 1427/1427/1427 1419/1419/1419 1437/1437/1437
f 1408/1408/1408 1412/1412/1412 1438/1438/1438
f 1419/1419/1419 1429/1429/1429 1439/1439/1439
f 1424/1424/1424 1435/1435/1435 1402/1402/1402
f 1434/1434/1434 1421/1421/1421 1426/1426/1426
f 1412/1412/1412 1436/1436/1436 1438/1438/1438
f 1418/1418/1418 1416/1416/1416 1440/1440/1440
f 1408/1408/1408 1438/1438/1438 1431/1431/1431
f 1441/1441/1441 1442/1442/1442 1443/1443/1443
f 1419/1419/1419 1439/1439/1439 1437/1437/1437
f 1435/1435/1435 1424/1424/1424 1432/1432/1432
f 1416/1416/1416 1401/1401/1401 1430/1430/1430
f 1442/1442/1442 1441/1441/1441 1444/1444/1444
f 1425/1425/1425 1445/1445/1445 1436/1436/1436
f 1425/1425/1425 1428/1428/1428 1445/1445/1445
f 1434/1434/1434 1426/1426/1426 1446/1446/1446
f 1428/1428/1428 1427/1427/1427 1437/1437/1437
f 1447/1447/1447 1400/1400/1400 1409/1409/1409
f 1429/1429/1429 1448/1448/1448 1439/1439/1439
f 1429/1429/1429 1433/1433/1433 1448/1448/1448
f 1428/1428/1428 1437/1437/1437 1449/1449/1449
f 1409/1409/1409 1435/1435/1435 1450/1450/1450
f 1431/1431/1431 1438/1438/1438 1451/1451/1451
f 1439/1439/1439 1452/1452/1452 1437/1437/1437
f 1432/1432/1432 1453/1453/1453 1435/1435/1435
f 1432/1432/1432 1434/1434/1434 1453/1453/1453
f 1439/1439/1439 1448/1448/1448 1454/1454/1454
f 1430/1430/1430 1400/1400/1400 1447/1447/1447
f 1441/1441/1441 1455/1455/1455 1444/1444/1444
f 1440/1440/1440 1416/1416/1416 1456/1456/1456
f 1426/1426/1426 1431/1431/1431 1451/1451/1451
f 1436/1436/1436 1457/1457/1457 1438/1438/1438
f 1435/1435/1435 1453/1453/1453 1458/1458/1458
f 1433/1433/1433 1459/1459/1459 1448/1448/1448
f 1435/1435/1435 1458/1458/1458 1450/1450/1450
f 1446/1446/1446 1426/1426/1426 1451/1451/1451
f 1453/1453/1453 1434/1434/1434 1460/1460/1460
f 1455/1455/1455 1441/1441/1441 1461/1461/1461
f 1440/1440/1440 1456/1456/1456 1462/1462/1462
f 1437/1437/1437 1452/1452/1452 1449/1449/1449
f 1416/1416/1416 1430/1430/1430 1456/1456/1456
f 1450/1450/1450 1463/1463/1463 1409/1409/1409
f 1428/1428/1428 1449/1449/1449 1445/1445/1445
f 1434/1434/1434 1446/1446/1446 1460/1460/1460
f 1451/1451/1451 1438/1438/1438 1464/1464/1464
f 1436/1436/1436 1445/1445/1445 1457/1457/1457
f 1439/1439/1439 1454/1454/1454 1452/1452/1452
f 1438/1438/1438 1457/1457/1457 1464/1464/1464
f 1409/1409/1409 1463/1463/1463 1447/1447/1447
f 1457/1457/1457 1445/1445/1445 1465/1465/1465
f 1461/1461/1461 1466/1466/1466 1455/1455/1455
f 1430/1430/1430 1467/1467/1467 1456/1456/1456
f 1448/1448/1448 1459/1459/1459 1468/1468/1468
f 1454/1454/1454 1448/1448/1448 1469/1469/1469
f 1453/1453/1453 1460/1460/1460 1458/1458/1458
f 1447/1447/1447 1463/1463/1463 1470/1470/1470
f 1452/1452/1452 1454/1454/1454 1471/1471/1471
f 1430/1430/1430 1447/1447/1447 1472/1472/1472
f 1450/1450/1450 1458/1458/1458 1473/1473/1473
f 1449/1449/1449 1452/1452/1452 1474/1474/1474
f 1475/1475/1475 1462/1462/1462 1456/1456/1456
f 1456/1456/1456 1467/1467/1467 1476/1476/1476
f 1465/1465/1465 1445/1445/1445 1449/1449/1449
f 1430/1430/1430 1472/1472/1472 1467/1467/1467
f 1477/1477/1477 1466/1466/1466 1461/1461/1461
f 1464/1464/1464 1457/1457/1457 1465/1465/1465
f 1454/1454/1454 1469/1469/1469 1471/1471/1471
f 1458/1458/1458 1460/1460/1460 1473/1473/1473
f 1475/1475/1475 1456/1456/1456 1478/1478/1478
f 1446/1446/1446 1451/1451/1451 1479/1479/1479
f 1447/1447/1447 1470/1470/1470 1472/1472/1472
f 1456/1456/1456 1476/1476/1476 1478/1478/1478
f 1452/1452/1452 1480/1480/1480 1474/1474/1474
f 1452/1452/1452 1471/1471/1471 1480/1480/1480
f 1446/1446/1446 1479/1479/1479 1481/1481/1481
f 1449/1449/1449 1474/1474/1474 1482/1482/1482
f 1483/1483/1483 1451/1451/1451 1464/1464/1464
f 1469/1469/1469 1468/1468/1468 1484/1484/1484
f 1483/1483/1483 1479/1479/1479 1451/1451/1451
f 1465/1465/1465 1449/1449/1449 1482/1482/1482
f 1469/1469/1469 1484/1484/1484 1471/1471/1471
f 1463/1463/1463 1450/1450/1450 1470/1470/1470
f 1485/1485/1485 1486/1486/1486 1487/1487/1487
f 1475/1475/1475 1478/1478/1478 1488/1488/1488
f 1484/1484/1484 1468/1468/1468 1489/1489/1489
f 1446/1446/1446 1481/1481/1481 1460/1460/1460
f 1466/1466/1466 1477/1477/1477 1490/1490/1490
f 1467/1467/1467 1491/1491/1491 1476/1476/1476
f 1470/1470/1470 1450/1450/1450 1492/1492/1492
f 1467/1467/1467 1472/1472/1472 1491/1491/1491
f 1493/1493/1493 1479/1479/1479 1494/1494/1494
f 1479/1479/1479 1483/1483/1483 1494/1494/1494
f 1464/1464/1464 1465/1465/1465 1495/1495/1495
f 1483/1483/1483 1464/1464/1464 1495/1495/1495
f 1474/1474/1474 1480/1480/1480 1496/1496/1496
f 1482/1482/1482 1474/1474/1474 1497/1497/1497
f 1474/1474/1474 1496/1496/1496 1497/1497/1497
f 1450/1450/1450 1473/1473/1473 1492/1492/1492
f 1465/1465/1465 1482/1482/1482 1498/1498/1498
f 1499/1499/1499 1465/1465/1465 1498/1498/1498
f 1472/1472/1472 1470/1470/1470 1500/1500/1500
f 1501/1501/1501 1502/1502/1502 1486/1486/1486
f 1476/1476/1476 1503/1503/1503 1478/1478/1478
f 1491/1491/1491 1504/1504/1504 1476/1476/1476
f 1482/1482/1482 1497/1497/1497 1498/1498/1498
f 1480/1480/1480 1505/1505/1505 1496/1496/1496
f 1470/1470/1470 1492/1492/1492 1500/1500/1500
f 1506/1506/1506 1479/1479/1479 1493/1493/1493
f 1465/1465/1465 1499/1499/1499 1495/1495/1495
f 1481/1481/1481 1479/1479/1479 1506/1506/1506
f 1488/1488/1488 1478/1478/1478 1503/1503/1503
f 1486/1486/1486 1502/1502/1502 1487/1487/1487
f 1472/1472/1472 1500/1500/1500 1491/1491/1491
f 1476/1476/1476 1504/1504/1504 1503/1503/1503
f 1489/1489/1489 1507/1507/1507 1484/1484/1484
f 1505/1505/1505 1508/1508/1508 1496/1496/1496
f 1460/1460/1460 1481/1481/1481 1509/1509/1509
f 1473/1473/1473 1460/1460/1460 1510/1510/1510
f 1494/1494/1494 1483/1483/1483 1511/1511/1511
f 1512/1512/1512 1502/1502/1502 1501/1501/1501
f 1513/1513/1513 1504/1504/1504 1491/1491/1491
f 1495/1495/1495 1499/1499/1499 1514/1514/1514
f 1493/1493/1493 1494/1494/1494 1506/1506/1506
f 1483/1483/1483 1495/1495/1495 1511/1511/1511
f 1494/1494/1494 1511/1511/1511 1506/1506/1506
f 1511/1511/1511 1495/1495/1495 1514/1514/1514
f 1505/1505/1505 1515/1515/1515 1508/1508/1508
f 1491/1491/1491 1500/1500/1500 1516/1516/1516
f 1503/1503/1503 1504/1504/1504 1517/1517/1517
f 1518/1518/1518 1500/1500/1500 1492/1492/1492
f 1498/1498/1498 1497/1497/1497 1519/1519/1519
f 1496/1496/1496 1508/1508/1508 1520/1520/1520
f 1473/1473/1473 1521/1521/1521 1492/1492/1492
f 1518/1518/1518 1492/1492/1492 1521/1521/1521
f 1497/1497/1497 1496/1496/1496 1520/1520/1520
f 1481/1481/1481 1506/1506/1506 1509/1509/1509
f 1499/1499/1499 1498/1498/1498 1522/1522/1522
f 1499/1499/1499 1523/1523/1523 1514/1514/1514
f 1510/1510/1510 1521/1521/1521 1473/1473/1473
f 1504/1504/1504 1513/1513/1513 1517/1517/1517
f 1491/1491/1491 1516/1516/1516 1513/1513/1513
f 1488/1488/1488 1503/1503/1503 1524/1524/1524
f 1522/1522/1522 1498/1498/1498 1519/1519/1519
f 1460/1460/1460 1509/1509/1509 1510/1510/1510
f 1506/1506/1506 1511/1511/1511 1525/1525/1525
f 1499/1499/1499 1522/1522/1522 1523/1523/1523
f 1513/1513/1513 1516/1516/1516 1526/1526/1526
f 1526/1526/1526 1517/1517/1517 1513/1513/1513
f 1506/1506/1506 1527/1527/1527 1509/1509/1509
f 1516/1516/1516 1500/1500/1500 1528/1528/1528
f 1510/1510/1510 1509/1509/1509 1529/1529/1529
f 1511/1511/1511 1514/1514/1514 1525/1525/1525
f 1503/1503/1503 1530/1530/1530 1524/1524/1524
f 1497/1497/1497 1520/1520/1520 1519/1519/1519
f 1508/1508/1508 1515/1515/1515 1531/1531/1531
f 1502/1502/1502 1512/1512/1512 1532/1532/1532
f 1500/1500/1500 1518/1518/1518 1528/1528/1528
f 1528/1528/1528 1533/1533/1533 1516/1516/1516
f 1506/1506/1506 1525/1525/1525 1534/1534/1534
f 1523/1523/1523 1522/1522/1522 1535/1535/1535
f 1502/1502/1502 1532/1532/1532 1536/1536/1536
f 1537/1537/1537 1521/1521/1521 1510/1510/1510
f 1534/1534/1534 1525/1525/1525 1538/1538/1538
f 1508/1508/1508 1539/1539/1539 1520/1520/1520
f 1529/1529/1529 1509/1509/1509 1527/1527/1527
f 1525/1525/1525 1514/1514/1514 1538/1538/1538
f 1519/1519/1519 1520/1520/1520 1539/1539/1539
f 1527/1527/1527 1506/1506/1506 1534/1534/1534
f 1539/1539/1539 1508/1508/1508 1531/1531/1531
f 1522/1522/1522 1519/1519/1519 1540/1540/1540
f 1535/1535/1535 1522/1522/1522 1540/1540/1540
f 1519/1519/1519 1539/1539/1539 1541/1541/1541
f 1516/1516/1516 1533/1533/1533 1526/1526/1526
f 1510/1510/1510 1542/1542/1542 1537/1537/1537
f 1543/1543/1543 1502/1502/1502 1536/1536/1536
f 1528/1528/1528 1518/1518/1518 1533/1533/1533
f 1503/1503/1503 1517/1517/1517 1544/1544/1544
f 1503/1503/1503 1544/1544/1544 1530/1530/1530
f 1521/1521/1521 1545/1545/1545 1518/1518/1518
f 1521/1521/1521 1537/1537/1537 1545/1545/1545
f 1517/1517/1517 1526/1526/1526 1546/1546/1546
f 1523/1523/1523 1535/1535/1535 1547/1547/1547
f 1538/1538/1538 1514/1514/1514 1547/1547/1547
f 1514/1514/1514 1523/1523/1523 1547/1547/1547
f 1518/1518/1518 1548/1548/1548 1533/1533/1533
f 1536/1536/1536 1549/1549/1549 1543/1543/1543
f 1519/1519/1519 1541/1541/1541 1540/1540/1540
f 1531/1531/1531 1550/1550/1550 1539/1539/1539
f 1517/1517/1517 1546/1546/1546 1544/1544/1544
f 1526/1526/1526 1533/1533/1533 1551/1551/1551
f 1510/1510/1510 1529/1529/1529 1552/1552/1552
f 1518/1518/1518 1545/1545/1545 1548/1548/1548
f 1553/1553/1553 1530/1530/1530 1544/1544/1544
f 1541/1541/1541 1539/1539/1539 1550/1550/1550
f 1546/1546/1546 1554/1554/1554 1544/1544/1544
f 1537/1537/1537 1542/1542/1542 1545/1545/1545
f 1552/1552/1552 1542/1542/1542 1510/1510/1510
f 1549/1549/1549 1536/1536/1536 1555/1555/1555
f 1548/1548/1548 1556/1556/1556 1533/1533/1533
f 1546/1546/1546 1526/1526/1526 1557/1557/1557
f 1527/1527/1527 1534/1534/1534 1558/1558/1558
f 1551/1551/1551 1557/1557/1557 1526/1526/1526
f 1534/1534/1534 1538/1538/1538 1559/1559/1559
f 1557/1557/1557 1554/1554/1554 1546/1546/1546
f 1538/1538/1538 1547/1547/1547 1559/1559/1559
f 1560/1560/1560 1561/1561/1561 1562/1562/1562
f 1527/1527/1527 1558/1558/1558 1529/1529/1529
f 1540/1540/1540 1541/1541/1541 1563/1563/1563
f 1558/1558/1558 1534/1534/1534 1564/1564/1564
f 1534/1534/1534 1559/1559/1559 1564/1564/1564
f 1535/1535/1535 1565/1565/1565 1547/1547/1547
f 1529/1529/1529 1558/1558/1558 1566/1566/1566
f 1541/1541/1541 1550/1550/1550 1567/1567/1567
f 1562/1562/1562 1561/1561/1561 1568/1568/1568
f 1533/1533/1533 1556/1556/1556 1551/1551/1551
f 1562/1562/1562 1569/1569/1569 1570/1570/1570
f 1553/1553/1553 1544/1544/1544 1571/1571/1571
f 1547/1547/1547 1572/1572/1572 1559/1559/1559
f 1562/1562/1562 1568/1568/1568 1569/1569/1569
f 1550/1550/1550 1570/1570/1570 1573/1573/1573
f 1551/1551/1551 1556/1556/1556 1574/1574/1574
f 1535/1535/1535 1540/1540/1540 1563/1563/1563
f 1557/1557/1557 1551/1551/1551 1574/1574/1574
f 1541/1541/1541 1567/1567/1567 1563/1563/1563
f 1558/1558/1558 1575/1575/1575 1566/1566/1566
f 1547/1547/1547 1565/1565/1565 1572/1572/1572
f 1566/1566/1566 1576/1576/1576 1529/1529/1529
f 1535/1535/1535 1563/1563/1563 1565/1565/1565
f 1545/1545/1545 1542/1542/1542 1577/1577/1577
f 1571/1571/1571 1544/1544/1544 1578/1578/1578
f 1550/1550/1550 1573/1573/1573 1567/1567/1567
f 1544/1544/1544 1554/1554/1554 1578/1578/1578
f 1579/1579/1579 1568/1568/1568 1580/1580/1580
f 1580/1580/1580 1568/1568/1568 1561/1561/1561
f 1556/1556/1556 1548/1548/1548 1581/1581/1581
f 1569/1569/1569 1568/1568/1568 1579/1579/1579
f 1548/1548/1548 1545/1545/1545 1577/1577/1577
f 1552/1552/1552 1529/1529/1529 1576/1576/1576
f 1570/1570/1570 1569/1569/1569 1573/1573/1573
f 1581/1581/1581 1574/1574/1574 1556/1556/1556
f 1548/1548/1548 1577/1577/1577 1582/1582/1582
f 1554/1554/1554 1557/1557/1557 1583/1583/1583
f 1584/1584/1584 1569/1569/1569 1579/1579/1579
f 1566/1566/1566 1575/1575/1575 1585/1585/1585
f 1584/1584/1584 1579/1579/1579 1580/1580/1580
f 1554/1554/1554 1586/1586/1586 1578/1578/1578
f 1587/1587/1587 1558/1558/1558 1564/1564/1564
f 1569/1569/1569 1584/1584/1584 1573/1573/1573
f 1583/1583/1583 1557/1557/1557 1574/1574/1574
f 1564/1564/1564 1559/1559/1559 1588/1588/1588
f 1582/1582/1582 1581/1581/1581 1548/1548/1548
f 1586/1586/1586 1554/1554/1554 1583/1583/1583
f 1585/1585/1585 1589/1589/1589 1566/1566/1566
f 1559/1559/1559 1572/1572/1572 1588/1588/1588
f 1576/1576/1576 1566/1566/1566 1589/1589/1589
f 1567/1567/1567 1573/1573/1573 1590/1590/1590
f 1573/1573/1573 1584/1584/1584 1591/1591/1591
f 1572/1572/1572 1565/1565/1565 1592/1592/1592
f 1571/1571/1571 1593/1593/1593 1594/1594/1594
f 1571/1571/1571 1578/1578/1578 1593/1593/1593
f 1576/1576/1576 1589/1589/1589 1595/1595/1595
f 1564/1564/1564 1588/1588/1588 1596/1596/1596
f 1565/1565/1565 1597/1597/1597 1592/1592/1592
f 1567/1567/1567 1598/1598/1598 1563/1563/1563
f 1583/1583/1583 1599/1599/1599 1586/1586/1586
f 1564/1564/1564 1596/1596/1596 1587/1587/1587
f 1567/1567/1567 1590/1590/1590 1598/1598/1598
f 1580/1580/1580 1600/1600/1600 1584/1584/1584
f 1542/1542/1542 1552/1552/1552 1601/1601/1601
f 1563/1563/1563 1597/1597/1597 1565/1565/1565
f 1552/1552/1552 1576/1576/1576 1601/1601/1601
f 1577/1577/1577 1542/1542/1542 1602/1602/1602
f 1577/1577/1577 1602/1602/1602 1582/1582/1582
f 1586/1586/1586 1593/1593/1593 1578/1578/1578
f 1576/1576/1576 1595/1595/1595 1601/1601/1601
f 1603/1603/1603 1593/1593/1593 1586/1586/1586
f 1604/1604/1604 1583/1583/1583 1574/1574/1574
f 1573/1573/1573 1605/1605/1605 1590/1590/1590
f 1573/1573/1573 1591/1591/1591 1605/1605/1605
f 1601/1601/1601 1595/1595/1595 1606/1606/1606
f 1574/1574/1574 1581/1581/1581 1604/1604/1604
f 1583/1583/1583 1604/1604/1604 1599/1599/1599
f 1598/1598/1598 1590/1590/1590 1607/1607/1607
f 1584/1584/1584 1600/1600/1600 1608/1608/1608
f 1591/1591/1591 1584/1584/1584 1608/1608/1608
f 1609/1609/1609 1581/1581/1581 1582/1582/1582
f 1572/1572/1572 1592/1592/1592 1588/1588/1588
f 1607/1607/1607 1590/1590/1590 1610/1610/1610
f 1609/1609/1609 1582/1582/1582 1602/1602/1602
f 1597/1597/1597 1563/1563/1563 1611/1611/1611
f 1590/1590/1590 1605/1605/1605 1612/1612/1612
f 1603/1603/1603 1613/1613/1613 1593/1593/1593
f 1563/1563/1563 1598/1598/1598 1611/1611/1611
f 1590/1590/1590 1612/1612/1612 1610/1610/1610
f 1608/1608/1608 1600/1600/1600 1614/1614/1614
f 1599/1599/1599 1615/1615/1615 1586/1586/1586
f 1542/1542/1542 1601/1601/1601 1616/1616/1616
f 1592/1592/1592 1597/1597/1597 1617/1617/1617
f 1616/1616/1616 1602/1602/1602 1542/1542/1542
f 1618/1618/1618 1596/1596/1596 1588/1588/1588
f 1605/1605/1605 1591/1591/1591 1612/1612/1612
f 1601/1601/1601 1606/1606/1606 1619/1619/1619
f 1588/1588/1588 1592/1592/1592 1618/1618/1618
f 1597/1597/1597 1620/1620/1620 1617/1617/1617
f 1602/1602/1602 1621/1621/1621 1609/1609/1609
f 1597/1597/1597 1611/1611/1611 1620/1620/1620
f 1581/1581/1581 1609/1609/1609 1604/1604/1604
f 1603/1603/1603 1586/1586/1586 1622/1622/1622
f 1598/1598/1598 1623/1623/1623 1611/1611/1611
f 1607/1607/1607 1623/1623/1623 1598/1598/1598
f 1624/1624/1624 1599/1599/1599 1604/1604/1604
f 1592/1592/1592 1625/1625/1625 1618/1618/1618
f 1608/1608/1608 1626/1626/1626 1591/1591/1591
f 1586/1586/1586 1615/1615/1615 1622/1622/1622
f 1599/1599/1599 1624/1624/1624 1615/1615/1615
f 1612/1612/1612 1591/1591/1591 1626/1626/1626
f 1609/1609/1609 1627/1627/1627 1604/1604/1604
f 1619/1619/1619 1606/1606/1606 1628/1628/1628
f 1603/1603/1603 1622/1622/1622 1613/1613/1613
f 1601/1601/1601 1619/1619/1619 1616/1616/1616
f 1592/1592/1592 1617/1617/1617 1625/1625/1625
f 1623/1623/1623 1607/1607/1607 1629/1629/1629
f 1610/1610/1610 1630/1630/1630 1607/1607/1607
f 1617/1617/1617 1620/1620/1620 1631/1631/1631
f 1607/1607/1607 1630/1630/1630 1629/1629/1629
f 1609/1609/1609 1621/1621/1621 1627/1627/1627
f 1632/1632/1632 1611/1611/1611 1623/1623/1623
f 1630/1630/1630 1610/1610/1610 1612/1612/1612
f 1633/1633/1633 1611/1611/1611 1632/1632/1632
f 1611/1611/1611 1633/1633/1633 1620/1620/1620
f 1634/1634/1634 1635/1635/1635 1636/1636/1636
f 1637/1637/1637 1638/1638/1638 1639/1639/1639
f 1617/1617/1617 1631/1631/1631 1625/1625/1625
f 1640/1640/1640 1636/1636/1636 1635/1635/1635
f 1641/1641/1641 1634/1634/1634 1636/1636/1636
f 1642/1642/1642 1620/1620/1620 1633/1633/1633
f 1631/1631/1631 1643/1643/1643 1625/1625/1625
f 1623/1623/1623 1629/1629/1629 1632/1632/1632
f 1604/1604/1604 1627/1627/1627 1644/1644/1644
f 1612/1612/1612 1626/1626/1626 1645/1645/1645
f 1621/1621/1621 1602/1602/1602 1646/1646/1646
f 1627/1627/1627 1621/1621/1621 1647/1647/1647
f 1615/1615/1615 1624/1624/1624 1648/1648/1648
f 1649/1649/1649 1634/1634/1634 1641/1641/1641
f 1650/1650/1650 1651/1651/1651 1652/1652/1652
f 1624/1624/1624 1604/1604/1604 1644/1644/1644
f 1615/1615/1615 1648/1648/1648 1622/1622/1622
f 1651/1651/1651 1653/1653/1653 1652/1652/1652
f 1602/1602/1602 1616/1616/1616 1654/1654/1654
f 1626/1626/1626 1655/1655/1655 1645/1645/1645
f 1621/1621/1621 1646/1646/1646 1647/1647/1647
f 1656/1656/1656 1638/1638/1638 1637/1637/1637
f 1632/1632/1632 1629/1629/1629 1657/1657/1657
f 1630/1630/1630 1612/1612/1612 1658/1658/1658
f 1659/1659/1659 1660/1660/1660 1661/1661/1661
f 1602/1602/1602 1654/1654/1654 1646/1646/1646
f 1654/1654/1654 1616/1616/1616 1662/1662/1662
f 1624/1624/1624 1644/1644/1644 1648/1648/1648
f 1640/1640/1640 1635/1635/1635 1663/1663/1663
f 1634/1634/1634 1664/1664/1664 1635/1635/1635
f 1635/1635/1635 1664/1664/1664 1663/1663/1663
f 1613/1613/1613 1622/1622/1622 1665/1665/1665
f 1631/1631/1631 1620/1620/1620 1666/1666/1666
f 1620/1620/1620 1642/1642/1642 1666/1666/1666
f 1667/1667/1667 1661/1661/1661 1660/1660/1660
f 1653/1653/1653 1668/1668/1668 1652/1652/1652
f 1666/1666/1666 1643/1643/1643 1631/1631/1631
f 1644/1644/1644 1627/1627/1627 1669/1669/1669
f 1661/1661/1661 1667/1667/1667 1670/1670/1670
f 1622/1622/1622 1648/1648/1648 1671/1671/1671
f 1649/1649/1649 1664/1664/1664 1634/1634/1634
f 1612/1612/1612 1672/1672/1672 1658/1658/1658
f 1612/1612/1612 1645/1645/1645 1672/1672/1672
f 1630/1630/1630 1673/1673/1673 1629/1629/1629
f 1656/1656/1656 1637/1637/1637 1674/1674/1674
f 1665/1665/1665 1622/1622/1622 1671/1671/1671
f 1647/1647/1647 1669/1669/1669 1627/1627/1627
f 1653/1653/1653 1651/1651/1651 1675/1675/1675
f 1676/1676/1676 1677/1677/1677 1678/1678/1678
f 1653/1653/1653 1679/1679/1679 1668/1668/1668
f 1653/1653/1653 1675/1675/1675 1679/1679/1679
f 1657/1657/1657 1629/1629/1629 1680/1680/1680
f 1630/1630/1630 1658/1658/1658 1673/1673/1673
f 1647/1647/1647 1646/1646/1646 1681/1681/1681
f 1682/1682/1682 1676/1676/1676 1668/1668/1668
f 1683/1683/1683 1656/1656/1656 1674/1674/1674
f 1682/1682/1682 1677/1677/1677 1676/1676/1676
f 1668/1668/1668 1679/1679/1679 1682/1682/1682
f 1684/1684/1684 1685/1685/1685 1657/1657/1657
f 1655/1655/1655 1686/1686/1686 1645/1645/1645
f 1682/1682/1682 1679/1679/1679 1687/1687/1687
f 1658/1658/1658 1688/1688/1688 1673/1673/1673
f 1657/1657/1657 1680/1680/1680 1684/1684/1684
f 1654/1654/1654 1681/1681/1681 1646/1646/1646
f 1648/1648/1648 1644/1644/1644 1669/1669/1669
f 1679/1679/1679 1675/1675/1675 1687/1687/1687
f 1682/1682/1682 1689/1689/1689 1677/1677/1677
f 1629/1629/1629 1673/1673/1673 1680/1680/1680
f 1672/1672/1672 1645/1645/1645 1686/1686/1686
f 1664/1664/1664 1690/1690/1690 1663/1663/1663
f 1658/1658/1658 1672/1672/1672 1688/1688/1688
f 1655/1655/1655 1691/1691/1691 1686/1686/1686
f 1692/1692/1692 1663/1663/1663 1690/1690/1690
f 1647/1647/1647 1681/1681/1681 1693/1693/1693
f 1682/1682/1682 1694/1694/1694 1689/1689/1689
f 1647/1647/1647 1693/1693/1693 1669/1669/1669
f 1648/1648/1648 1669/1669/1669 1695/1695/1695
f 1665/1665/1665 1671/1671/1671 1696/1696/1696
f 1671/1671/1671 1648/1648/1648 1697/1697/1697
f 1673/1673/1673 1688/1688/1688 1698/1698/1698
f 1697/1697/1697 1648/1648/1648 1695/1695/1695
f 1669/1669/1669 1699/1699/1699 1695/1695/1695
f 1640/1640/1640 1663/1663/1663 1692/1692/1692
f 1669/1669/1669 1693/1693/1693 1699/1699/1699
f 1700/1700/1700 1681/1681/1681 1654/1654/1654
f 1680/1680/1680 1673/1673/1673 1701/1701/1701
f 1691/1691/1691 1702/1702/1702 1686/1686/1686
f 1686/1686/1686 1703/1703/1703 1672/1672/1672
f 1673/1673/1673 1698/1698/1698 1701/1701/1701
f 1693/1693/1693 1681/1681/1681 1700/1700/1700
f 1704/1704/1704 1640/1640/1640 1692/1692/1692
f 1680/1680/1680 1701/1701/1701 1684/1684/1684
f 1688/1688/1688 1672/1672/1672 1703/1703/1703
f 1654/1654/1654 1662/1662/1662 1705/1705/1705
f 1700/1700/1700 1654/1654/1654 1705/1705/1705
f 1671/1671/1671 1697/1697/1697 1706/1706/1706
f 1703/1703/1703 1686/1686/1686 1707/1707/1707
f 1684/1684/1684 1701/1701/1701 1708/1708/1708
f 1640/1640/1640 1704/1704/1704 1709/1709/1709
f 1710/1710/1710 1699/1699/1699 1693/1693/1693
f 1711/1711/1711 1684/1684/1684 1708/1708/1708
f 1700/1700/1700 1710/1710/1710 1693/1693/1693
f 1698/1698/1698 1688/1688/1688 1712/1712/1712
f 1701/1701/1701 1698/1698/1698 1713/1713/1713
f 1686/1686/1686 1714/1714/1714 1707/1707/1707
f 1695/1695/1695 1699/1699/1699 1715/1715/1715
f 1686/1686/1686 1702/1702/1702 1714/1714/1714
f 1696/1696/1696 1671/1671/1671 1706/1706/1706
f 1716/1716/1716 1714/1714/1714 1702/1702/1702
f 1703/1703/1703 1712/1712/1712 1688/1688/1688
f 1698/1698/1698 1712/1712/1712 1713/1713/1713
f 1713/1713/1713 1708/1708/1708 1701/1701/1701
f 1700/1700/1700 1705/1705/1705 1717/1717/1717
f 1718/1718/1718 1696/1696/1696 1706/1706/1706
f 1712/1712/1712 1703/1703/1703 1719/1719/1719
f 1719/1719/1719 1703/1703/1703 1707/1707/1707
f 1699/1699/1699 1710/1710/1710 1715/1715/1715
f 1706/1706/1706 1697/1697/1697 1720/1720/1720
f 1695/1695/1695 1715/1715/1715 1721/1721/1721
f 1721/1721/1721 1722/1722/1722 1697/1697/1697
f 1697/1697/1697 1695/1695/1695 1721/1721/1721
f 1718/1718/1718 1706/1706/1706 1720/1720/1720
f 1722/1722/1722 1720/1720/1720 1697/1697/1697
f 1194/1194/1194 1182/1182/1182 1181/1181/1181
f 1278/1278/1278 1223/1223/1223 1266/1266/1266
f 1468/1468/1468 1469/1469/1469 1448/1448/1448
f 1723/1723/1723 1724/1724/1724 1725/1725/1725
f 1723/1723/1723 1725/1725/1725 1726/1726/1726
f 1723/1723/1723 1727/1727/1727 1724/1724/1724
f 1727/1727/1727 1728/1728/1728 1724/1724/1724
f 1729/1729/1729 1726/1726/1726 1730/1730/1730
f 1729/1729/1729 1723/1723/1723 1726/1726/1726
f 1731/1731/1731 1732/1732/1732 1733/1733/1733
f 1723/1723/1723 1734/1734/1734 1727/1727/1727
f 1731/1731/1731 1727/1727/1727 1735/1735/1735
f 1735/1735/1735 1732/1732/1732 1731/1731/1731
f 1735/1735/1735 1727/1727/1727 1734/1734/1734
f 1735/1735/1735 1736/1736/1736 1732/1732/1732
f 1734/1734/1734 1736/1736/1736 1735/1735/1735
f 1729/1729/1729 1737/1737/1737 1723/1723/1723
f 1736/1736/1736 1738/1738/1738 1732/1732/1732
f 1736/1736/1736 1734/1734/1734 1739/1739/1739
f 1723/1723/1723 1737/1737/1737 1734/1734/1734
f 1734/1734/1734 1737/1737/1737 1740/1740/1740
f 1741/1741/1741 1739/1739/1739 1734/1734/1734
f 1732/1732/1732 1738/1738/1738 1742/1742/1742
f 1741/1741/1741 1734/1734/1734 1740/1740/1740
f 1737/1737/1737 1743/1743/1743 1740/1740/1740
f 1744/1744/1744 1742/1742/1742 1738/1738/1738
f 1745/1745/1745 1741/1741/1741 1746/1746/1746
f 1738/1738/1738 1745/1745/1745 1747/1747/1747
f 1744/1744/1744 1738/1738/1738 1747/1747/1747
f 1747/1747/1747 1745/1745/1745 1746/1746/1746
f 1746/1746/1746 1741/1741/1741 1740/1740/1740
f 1748/1748/1748 1749/1749/1749 1750/1750/1750
f 1747/1747/1747 1746/1746/1746 1751/1751/1751
f 1752/1752/1752 1740/1740/1740 1743/1743/1743
f 1748/1748/1748 1750/1750/1750 1747/1747/1747
f 1748/1748/1748 1747/1747/1747 1751/1751/1751
f 1746/1746/1746 1740/1740/1740 1753/1753/1753
f 1753/1753/1753 1751/1751/1751 1746/1746/1746
f 1754/1754/1754 1743/1743/1743 1755/1755/1755
f 1754/1754/1754 1752/1752/1752 1743/1743/1743
f 1756/1756/1756 1748/1748/1748 1751/1751/1751
f 1740/1740/1740 1752/1752/1752 1753/1753/1753
f 1757/1757/1757 1748/1748/1748 1756/1756/1756
f 1751/1751/1751 1758/1758/1758 1756/1756/1756
f 1753/1753/1753 1758/1758/1758 1751/1751/1751
f 1752/1752/1752 1759/1759/1759 1753/1753/1753
f 1758/1758/1758 1760/1760/1760 1756/1756/1756
f 1753/1753/1753 1759/1759/1759 1758/1758/1758
f 1761/1761/1761 1758/1758/1758 1759/1759/1759
f 1760/1760/1760 1758/1758/1758 1761/1761/1761
f 1762/1762/1762 1763/1763/1763 1764/1764/1764
f 1765/1765/1765 1766/1766/1766 1767/1767/1767
f 1768/1768/1768 1769/1769/1769 1770/1770/1770
f 1771/1771/1771 1772/1772/1772 1770/1770/1770
f 1771/1771/1771 1770/1770/1770 1773/1773/1773
f 1774/1774/1774 1769/1769/1769 1768/1768/1768
f 1770/1770/1770 1772/1772/1772 1768/1768/1768
f 1773/1773/1773 1775/1775/1775 1771/1771/1771
f 1776/1776/1776 1777/1777/1777 1778/1778/1778
f 1775/1775/1775 1778/1778/1778 1777/1777/1777
f 1771/1771/1771 1775/1775/1775 1779/1779/1779
f 1775/1775/1775 1777/1777/1777 1779/1779/1779
f 1768/1768/1768 1780/1780/1780 1774/1774/1774
f 1780/1780/1780 1781/1781/1781 1774/1774/1774
f 1782/1782/1782 1783/1783/1783 1784/1784/1784
f 1785/1785/1785 1786/1786/1786 1787/1787/1787
f 1788/1788/1788 1789/1789/1789 1790/1790/1790
f 1791/1791/1791 1792/1792/1792 1793/1793/1793
f 1794/1794/1794 1790/1790/1790 1789/1789/1789
f 1786/1786/1786 1795/1795/1795 1793/1793/1793
f 1785/1785/1785 1796/1796/1796 1786/1786/1786
f 1788/1788/1788 1797/1797/1797 1789/1789/1789
f 1798/1798/1798 1799/1799/1799 1800/1800/1800
f 1787/1787/1787 1801/1801/1801 1794/1794/1794
f 1798/1798/1798 1800/1800/1800 1802/1802/1802
f 1793/1793/1793 1795/1795/1795 1791/1791/1791
f 1796/1796/1796 1795/1795/1795 1786/1786/1786
f 1794/1794/1794 1801/1801/1801 1790/1790/1790
f 1803/1803/1803 1787/1787/1787 1794/1794/1794
f 1791/1791/1791 1795/1795/1795 1804/1804/1804
f 1787/1787/1787 1803/1803/1803 1805/1805/1805
f 1787/1787/1787 1805/1805/1805 1785/1785/1785
f 1806/1806/1806 1807/1807/1807 1783/1783/1783
f 1808/1808/1808 1799/1799/1799 1809/1809/1809
f 1809/1809/1809 1799/1799/1799 1798/1798/1798
f 1795/1795/1795 1810/1810/1810 1804/1804/1804
f 1796/1796/1796 1810/1810/1810 1795/1795/1795
f 1811/1811/1811 1791/1791/1791 1804/1804/1804
f 1797/1797/1797 1812/1812/1812 1789/1789/1789
f 1813/1813/1813 1798/1798/1798 1802/1802/1802
f 1798/1798/1798 1813/1813/1813 1784/1784/1784
f 1784/1784/1784 1783/1783/1783 1807/1807/1807
f 1809/1809/1809 1814/1814/1814 1808/1808/1808
f 1809/1809/1809 1798/1798/1798 1815/1815/1815
f 1784/1784/1784 1815/1815/1815 1798/1798/1798
f 1809/1809/1809 1815/1815/1815 1816/1816/1816
f 1816/1816/1816 1814/1814/1814 1809/1809/1809
f 1784/1784/1784 1817/1817/1817 1818/1818/1818
f 1815/1815/1815 1784/1784/1784 1819/1819/1819
f 1818/1818/1818 1819/1819/1819 1784/1784/1784
f 1784/1784/1784 1807/1807/1807 1817/1817/1817
f 1815/1815/1815 1819/1819/1819 1820/1820/1820
f 1817/1817/1817 1807/1807/1807 1821/1821/1821
f 1816/1816/1816 1822/1822/1822 1814/1814/1814
f 1816/1816/1816 1815/1815/1815 1820/1820/1820
f 1818/1818/1818 1817/1817/1817 1823/1823/1823
f 1821/1821/1821 1823/1823/1823 1817/1817/1817
f 1824/1824/1824 1816/1816/1816 1820/1820/1820
f 1825/1825/1825 1824/1824/1824 1820/1820/1820
f 1818/1818/1818 1823/1823/1823 1825/1825/1825
f 1822/1822/1822 1816/1816/1816 1826/1826/1826
f 1823/1823/1823 1824/1824/1824 1825/1825/1825
f 1822/1822/1822 1827/1827/1827 1814/1814/1814
f 1826/1826/1826 1816/1816/1816 1824/1824/1824
f 1824/1824/1824 1828/1828/1828 1826/1826/1826
f 1828/1828/1828 1824/1824/1824 1823/1823/1823
f 1828/1828/1828 1823/1823/1823 1829/1829/1829
f 1830/1830/1830 1827/1827/1827 1831/1831/1831
f 1822/1822/1822 1826/1826/1826 1828/1828/1828
f 1829/1829/1829 1823/1823/1823 1821/1821/1821
f 1827/1827/1827 1822/1822/1822 1831/1831/1831
f 1832/1832/1832 1831/1831/1831 1822/1822/1822
f 1832/1832/1832 1822/1822/1822 1828/1828/1828
f 1833/1833/1833 1834/1834/1834 1835/1835/1835
f 1836/1836/1836 1837/1837/1837 1838/1838/1838
f 1839/1839/1839 1836/1836/1836 1840/1840/1840
f 1840/1840/1840 1841/1841/1841 1839/1839/1839
f 1837/1837/1837 1842/1842/1842 1838/1838/1838
f 1843/1843/1843 1839/1839/1839 1841/1841/1841
f 1837/1837/1837 1844/1844/1844 1842/1842/1842
f 1845/1845/1845 1846/1846/1846 1843/1843/1843
f 1847/1847/1847 1844/1844/1844 1848/1848/1848
f 1849/1849/1849 1840/1840/1840 1836/1836/1836
f 1838/1838/1838 1849/1849/1849 1836/1836/1836
f 1849/1849/1849 1838/1838/1838 1850/1850/1850
f 1841/1841/1841 1840/1840/1840 1851/1851/1851
f 1843/1843/1843 1852/1852/1852 1845/1845/1845
f 1842/1842/1842 1844/1844/1844 1853/1853/1853
f 1847/1847/1847 1853/1853/1853 1844/1844/1844
f 1849/1849/1849 1854/1854/1854 1840/1840/1840
f 1854/1854/1854 1851/1851/1851 1840/1840/1840
f 1855/1855/1855 1838/1838/1838 1842/1842/1842
f 1843/1843/1843 1841/1841/1841 1852/1852/1852
f 1850/1850/1850 1854/1854/1854 1849/1849/1849
f 1838/1838/1838 1855/1855/1855 1850/1850/1850
f 1851/1851/1851 1852/1852/1852 1841/1841/1841
f 1856/1856/1856 1857/1857/1857 1858/1858/1858
f 1859/1859/1859 1860/1860/1860 1861/1861/1861
f 1856/1856/1856 1858/1858/1858 1862/1862/1862
f 1858/1858/1858 1863/1863/1863 1862/1862/1862
f 1861/1861/1861 1863/1863/1863 1858/1858/1858
f 1864/1864/1864 1865/1865/1865 1866/1866/1866
f 1867/1867/1867 1868/1868/1868 1869/1869/1869
f 1870/1870/1870 1871/1871/1871 1864/1864/1864
f 1860/1860/1860 1866/1866/1866 1872/1872/1872
f 1861/1861/1861 1873/1873/1873 1863/1863/1863
f 1861/1861/1861 1860/1860/1860 1873/1873/1873
f 1867/1867/1867 1874/1874/1874 1875/1875/1875
f 1876/1876/1876 1877/1877/1877 1878/1878/1878
f 1865/1865/1865 1864/1864/1864 1871/1871/1871
f 1872/1872/1872 1866/1866/1866 1865/1865/1865
f 1862/1862/1862 1863/1863/1863 1874/1874/1874
f 1878/1878/1878 1860/1860/1860 1872/1872/1872
f 1863/1863/1863 1873/1873/1873 1874/1874/1874
f 1867/1867/1867 1869/1869/1869 1862/1862/1862
f 1867/1867/1867 1862/1862/1862 1874/1874/1874
f 1878/1878/1878 1879/1879/1879 1876/1876/1876
f 1880/1880/1880 1879/1879/1879 1865/1865/1865
f 1873/1873/1873 1877/1877/1877 1881/1881/1881
f 1882/1882/1882 1880/1880/1880 1865/1865/1865
f 1872/1872/1872 1865/1865/1865 1879/1879/1879
f 1872/1872/1872 1879/1879/1879 1878/1878/1878
f 1878/1878/1878 1873/1873/1873 1860/1860/1860
f 1874/1874/1874 1881/1881/1881 1875/1875/1875
f 1877/1877/1877 1873/1873/1873 1878/1878/1878
f 1869/1869/1869 1856/1856/1856 1862/1862/1862
f 1874/1874/1874 1873/1873/1873 1881/1881/1881
f 1865/1865/1865 1871/1871/1871 1882/1882/1882
f 1883/1883/1883 1884/1884/1884 1885/1885/1885
f 1886/1886/1886 1887/1887/1887 1888/1888/1888
f 1887/1887/1887 1889/1889/1889 1890/1890/1890
f 1891/1891/1891 1890/1890/1890 1889/1889/1889
f 1890/1890/1890 1891/1891/1891 1892/1892/1892
f 1892/1892/1892 1893/1893/1893 1894/1894/1894
f 1886/1886/1886 1888/1888/1888 1895/1895/1895
f 1896/1896/1896 1891/1891/1891 1897/1897/1897
f 1883/1883/1883 1895/1895/1895 1888/1888/1888
f 1898/1898/1898 1897/1897/1897 1891/1891/1891
f 1883/1883/1883 1885/1885/1885 1895/1895/1895
f 1894/1894/1894 1899/1899/1899 1900/1900/1900
f 1899/1899/1899 1893/1893/1893 1901/1901/1901
f 1895/1895/1895 1902/1902/1902 1903/1903/1903
f 1891/1891/1891 1889/1889/1889 1898/1898/1898
f 1886/1886/1886 1895/1895/1895 1889/1889/1889
f 1891/1891/1891 1893/1893/1893 1892/1892/1892
f 1889/1889/1889 1895/1895/1895 1898/1898/1898
f 1891/1891/1891 1896/1896/1896 1893/1893/1893
f 1896/1896/1896 1901/1901/1901 1893/1893/1893
f 1893/1893/1893 1899/1899/1899 1894/1894/1894
f 1900/1900/1900 1899/1899/1899 1904/1904/1904
f 1885/1885/1885 1902/1902/1902 1895/1895/1895
f 1886/1886/1886 1889/1889/1889 1887/1887/1887
f 1905/1905/1905 1906/1906/1906 1907/1907/1907
f 1908/1908/1908 1909/1909/1909 1910/1910/1910
f 1910/1910/1910 1909/1909/1909 1911/1911/1911
f 1912/1912/1912 1913/1913/1913 1914/1914/1914
f 1914/1914/1914 1915/1915/1915 1916/1916/1916
f 1912/1912/1912 1917/1917/1917 1918/1918/1918
f 1919/1919/1919 1920/1920/1920 1921/1921/1921
f 1918/1918/1918 1917/1917/1917 1922/1922/1922
f 1915/1915/1915 1914/1914/1914 1923/1923/1923
f 1920/1920/1920 1915/1915/1915 1921/1921/1921
f 1924/1924/1924 1916/1916/1916 1915/1915/1915
f 1914/1914/1914 1913/1913/1913 1923/1923/1923
f 1913/1913/1913 1912/1912/1912 1918/1918/1918
f 1925/1925/1925 1915/1915/1915 1923/1923/1923
f 1913/1913/1913 1926/1926/1926 1923/1923/1923
f 1915/1915/1915 1925/1925/1925 1921/1921/1921
f 1918/1918/1918 1927/1927/1927 1913/1913/1913
f 1926/1926/1926 1913/1913/1913 1927/1927/1927
f 1928/1928/1928 1929/1929/1929 1930/1930/1930
f 1931/1931/1931 1932/1932/1932 1933/1933/1933
f 1933/1933/1933 1932/1932/1932 1934/1934/1934
f 1930/1930/1930 1935/1935/1935 1928/1928/1928
f 1934/1934/1934 1935/1935/1935 1936/1936/1936
f 1931/1931/1931 1937/1937/1937 1932/1932/1932
f 1934/1934/1934 1932/1932/1932 1935/1935/1935
f 1932/1932/1932 1928/1928/1928 1935/1935/1935
f 1938/1938/1938 1930/1930/1930 1929/1929/1929
f 1934/1934/1934 1936/1936/1936 1933/1933/1933
f 1939/1939/1939 1940/1940/1940 1941/1941/1941
f 1942/1942/1942 1943/1943/1943 1944/1944/1944
f 1945/1945/1945 1946/1946/1946 1941/1941/1941
f 1945/1945/1945 1943/1943/1943 1946/1946/1946
f 1947/1947/1947 1948/1948/1948 1944/1944/1944
f 1949/1949/1949 1941/1941/1941 1940/1940/1940
f 1945/1945/1945 1941/1941/1941 1950/1950/1950
f 1941/1941/1941 1949/1949/1949 1950/1950/1950
f 1944/1944/1944 1943/1943/1943 1951/1951/1951
f 1952/1952/1952 1951/1951/1951 1943/1943/1943
f 1943/1943/1943 1945/1945/1945 1952/1952/1952
f 1945/1945/1945 1950/1950/1950 1952/1952/1952
f 1953/1953/1953 1949/1949/1949 1940/1940/1940
f 1940/1940/1940 1939/1939/1939 1953/1953/1953
f 1942/1942/1942 1944/1944/1944 1948/1948/1948
f 1954/1954/1954 1955/1955/1955 1956/1956/1956
f 1957/1957/1957 1958/1958/1958 1956/1956/1956
f 1959/1959/1959 1960/1960/1960 1961/1961/1961
f 1959/1959/1959 1961/1961/1961 1957/1957/1957
f 1956/1956/1956 1962/1962/1962 1954/1954/1954
f 1956/1956/1956 1963/1963/1963 1962/1962/1962
f 1957/1957/1957 1961/1961/1961 1958/1958/1958
f 1960/1960/1960 1964/1964/1964 1961/1961/1961
f 1956/1956/1956 1958/1958/1958 1963/1963/1963
f 1965/1965/1965 1963/1963/1963 1958/1958/1958
f 1966/1966/1966 1967/1967/1967 1962/1962/1962
f 1968/1968/1968 1964/1964/1964 1969/1969/1969
f 1970/1970/1970 1964/1964/1964 1968/1968/1968
f 1968/1968/1968 1971/1971/1971 1970/1970/1970
f 1970/1970/1970 1961/1961/1961 1964/1964/1964
f 1958/1958/1958 1961/1961/1961 1970/1970/1970
f 1972/1972/1972 1969/1969/1969 1964/1964/1964
f 1954/1954/1954 1962/1962/1962 1973/1973/1973
f 1962/1962/1962 1967/1967/1967 1973/1973/1973
f 1963/1963/1963 1965/1965/1965 1962/1962/1962
f 1965/1965/1965 1966/1966/1966 1962/1962/1962
f 1970/1970/1970 1965/1965/1965 1958/1958/1958
f 1965/1965/1965 1970/1970/1970 1971/1971/1971
f 1966/1966/1966 1965/1965/1965 1971/1971/1971
f 1960/1960/1960 1972/1972/1972 1964/1964/1964
f 1974/1974/1974 1975/1975/1975 1976/1976/1976
f 1977/1977/1977 1978/1978/1978 1974/1974/1974
f 1975/1975/1975 1979/1979/1979 1980/1980/1980
f 1974/1974/1974 1976/1976/1976 1977/1977/1977
f 1979/1979/1979 1981/1981/1981 1982/1982/1982
f 1975/1975/1975 1983/1983/1983 1976/1976/1976
f 1980/1980/1980 1983/1983/1983 1975/1975/1975
f 1976/1976/1976 1984/1984/1984 1977/1977/1977
f 1982/1982/1982 1980/1980/1980 1979/1979/1979
f 1976/1976/1976 1983/1983/1983 1984/1984/1984
f 1983/1983/1983 1980/1980/1980 1985/1985/1985
f 1986/1986/1986 1977/1977/1977 1984/1984/1984
f 1987/1987/1987 1988/1988/1988 1982/1982/1982
f 1985/1985/1985 1980/1980/1980 1988/1988/1988
f 1982/1982/1982 1988/1988/1988 1980/1980/1980
f 1989/1989/1989 1977/1977/1977 1986/1986/1986
f 1977/1977/1977 1989/1989/1989 1978/1978/1978
f 1990/1990/1990 1991/1991/1991 1992/1992/1992
f 1993/1993/1993 1994/1994/1994 1995/1995/1995
f 1996/1996/1996 1997/1997/1997 1998/1998/1998
f 1994/1994/1994 1993/1993/1993 1999/1999/1999
f 1993/1993/1993 1996/1996/1996 1999/1999/1999
f 1998/1998/1998 2000/2000/2000 1996/1996/1996
f 2001/2001/2001 1994/1994/1994 1999/1999/1999
f 1999/1999/1999 1996/1996/1996 2000/2000/2000
f 2002/2002/2002 2000/2000/2000 1998/1998/1998
f 2001/2001/2001 1999/1999/1999 2000/2000/2000
f 2001/2001/2001 2000/2000/2000 2002/2002/2002
f 2002/2002/2002 2003/2003/2003 2001/2001/2001
f 2004/2004/2004 2003/2003/2003 2002/2002/2002
f 2005/2005/2005 2002/2002/2002 1998/1998/1998
f 2006/2006/2006 2003/2003/2003 2004/2004/2004
f 2007/2007/2007 2002/2002/2002 2005/2005/2005
f 2008/2008/2008 2009/2009/2009 2010/2010/2010
f 2008/2008/2008 2010/2010/2010 2011/2011/2011
f 2012/2012/2012 2013/2013/2013 2014/2014/2014
f 2015/2015/2015 2013/2013/2013 2012/2012/2012
f 2016/2016/2016 2012/2012/2012 2017/2017/2017
f 2012/2012/2012 2014/2014/2014 2017/2017/2017
f 2016/2016/2016 2017/2017/2017 2018/2018/2018
f 2019/2019/2019 2011/2011/2011 2010/2010/2010
f 2019/2019/2019 2014/2014/2014 2011/2011/2011
f 2016/2016/2016 2018/2018/2018 2020/2020/2020
f 2017/2017/2017 2014/2014/2014 2019/2019/2019
f 2021/2021/2021 2016/2016/2016 2020/2020/2020
f 2016/2016/2016 2021/2021/2021 2022/2022/2022
f 2018/2018/2018 2017/2017/2017 2019/2019/2019
f 2013/2013/2013 2015/2015/2015 2023/2023/2023
f 2024/2024/2024 2025/2025/2025 2026/2026/2026
f 2027/2027/2027 2025/2025/2025 2024/2024/2024
f 2028/2028/2028 2029/2029/2029 2030/2030/2030
f 2030/2030/2030 2029/2029/2029 2031/2031/2031
f 2030/2030/2030 2031/2031/2031 2032/2032/2032
f 2030/2030/2030 2033/2033/2033 2028/2028/2028
f 2033/2033/2033 2030/2030/2030 2032/2032/2032
f 2028/2028/2028 2033/2033/2033 2034/2034/2034
f 2034/2034/2034 2033/2033/2033 2035/2035/2035
f 2036/2036/2036 2028/2028/2028 2034/2034/2034
f 2034/2034/2034 2035/2035/2035 2037/2037/2037
f 2038/2038/2038 2033/2033/2033 2039/2039/2039
f 2036/2036/2036 2034/2034/2034 2040/2040/2040
f 2040/2040/2040 2037/2037/2037 2035/2035/2035
f 2032/2032/2032 2041/2041/2041 2039/2039/2039
f 2040/2040/2040 2035/2035/2035 2042/2042/2042
f 2036/2036/2036 2043/2043/2043 2044/2044/2044
f 2045/2045/2045 2046/2046/2046 2047/2047/2047
f 2036/2036/2036 2040/2040/2040 2043/2043/2043
f 2044/2044/2044 2043/2043/2043 2048/2048/2048
f 2041/2041/2041 2046/2046/2046 2045/2045/2045
f 2040/2040/2040 2049/2049/2049 2043/2043/2043
f 2043/2043/2043 2050/2050/2050 2048/2048/2048
f 2040/2040/2040 2042/2042/2042 2051/2051/2051
f 2052/2052/2052 2041/2041/2041 2045/2045/2045
f 2053/2053/2053 2039/2039/2039 2041/2041/2041
f 2042/2042/2042 2053/2053/2053 2051/2051/2051
f 2040/2040/2040 2051/2051/2051 2049/2049/2049
f 2052/2052/2052 2053/2053/2053 2041/2041/2041
f 2045/2045/2045 2047/2047/2047 2054/2054/2054
f 2045/2045/2045 2054/2054/2054 2055/2055/2055
f 2049/2049/2049 2056/2056/2056 2043/2043/2043
f 2051/2051/2051 2053/2053/2053 2052/2052/2052
f 2056/2056/2056 2050/2050/2050 2043/2043/2043
f 2055/2055/2055 2054/2054/2054 2057/2057/2057
f 2045/2045/2045 2055/2055/2055 2052/2052/2052
f 2056/2056/2056 2058/2058/2058 2050/2050/2050
f 2057/2057/2057 2059/2059/2059 2055/2055/2055
f 2052/2052/2052 2060/2060/2060 2051/2051/2051
f 2056/2056/2056 2049/2049/2049 2061/2061/2061
f 2050/2050/2050 2058/2058/2058 2062/2062/2062
f 2051/2051/2051 2061/2061/2061 2049/2049/2049
f 2060/2060/2060 2061/2061/2061 2051/2051/2051
f 2059/2059/2059 2063/2063/2063 2055/2055/2055
f 2052/2052/2052 2055/2055/2055 2063/2063/2063
f 2058/2058/2058 2056/2056/2056 2061/2061/2061
f 2060/2060/2060 2052/2052/2052 2063/2063/2063
f 2057/2057/2057 2054/2054/2054 2064/2064/2064
f 2057/2057/2057 2065/2065/2065 2059/2059/2059
f 2063/2063/2063 2059/2059/2059 2066/2066/2066
f 2063/2063/2063 2065/2065/2065 2060/2060/2060
f 2061/2061/2061 2060/2060/2060 2067/2067/2067
f 2058/2058/2058 2061/2061/2061 2068/2068/2068
f 2057/2057/2057 2069/2069/2069 2065/2065/2065
f 2070/2070/2070 2065/2065/2065 2069/2069/2069
f 2060/2060/2060 2065/2065/2065 2070/2070/2070
f 2067/2067/2067 2060/2060/2060 2070/2070/2070
f 2068/2068/2068 2061/2061/2061 2067/2067/2067
f 2067/2067/2067 2071/2071/2071 2068/2068/2068
f 2069/2069/2069 2057/2057/2057 2072/2072/2072
f 2068/2068/2068 2071/2071/2071 2073/2073/2073
f 2074/2074/2074 2070/2070/2070 2069/2069/2069
f 2075/2075/2075 2073/2073/2073 2071/2071/2071
f 2067/2067/2067 2070/2070/2070 2074/2074/2074
f 2071/2071/2071 2067/2067/2067 2074/2074/2074
f 2076/2076/2076 2075/2075/2075 2071/2071/2071
f 2074/2074/2074 2076/2076/2076 2071/2071/2071
f 2077/2077/2077 2075/2075/2075 2076/2076/2076
f 2074/2074/2074 2069/2069/2069 2076/2076/2076
f 2078/2078/2078 2077/2077/2077 2076/2076/2076
f 2078/2078/2078 2079/2079/2079 2077/2077/2077
f 2078/2078/2078 2076/2076/2076 2069/2069/2069
f 2080/2080/2080 2078/2078/2078 2069/2069/2069
f 2079/2079/2079 2078/2078/2078 2080/2080/2080
f 2072/2072/2072 2081/2081/2081 2069/2069/2069
f 2032/2032/2032 2039/2039/2039 2033/2033/2033
f 2041/2041/2041 2047/2047/2047 2046/2046/2046
f 2082/2082/2082 2083/2083/2083 2084/2084/2084
f 2083/2083/2083 2082/2082/2082 2085/2085/2085
f 2086/2086/2086 2082/2082/2082 2087/2087/2087
f 2085/2085/2085 2082/2082/2082 2086/2086/2086
f 2085/2085/2085 2086/2086/2086 2088/2088/2088
f 2088/2088/2088 2086/2086/2086 2089/2089/2089
f 2087/2087/2087 2090/2090/2090 2086/2086/2086
f 2089/2089/2089 2086/2086/2086 2090/2090/2090
f 2089/2089/2089 2090/2090/2090 2091/2091/2091
f 2091/2091/2091 2090/2090/2090 2092/2092/2092
f 2089/2089/2089 2091/2091/2091 2093/2093/2093
f 2094/2094/2094 2091/2091/2091 2092/2092/2092
f 2093/2093/2093 2091/2091/2091 2095/2095/2095
f 2094/2094/2094 2095/2095/2095 2091/2091/2091
f 2096/2096/2096 2097/2097/2097 2095/2095/2095
f 2095/2095/2095 2094/2094/2094 2096/2096/2096
f 2098/2098/2098 2096/2096/2096 2094/2094/2094
f 2096/2096/2096 2098/2098/2098 2099/2099/2099
f 2100/2100/2100 2099/2099/2099 2098/2098/2098
f 2101/2101/2101 2102/2102/2102 2103/2103/2103
f 2104/2104/2104 2105/2105/2105 2106/2106/2106
f 2107/2107/2107 2106/2106/2106 2105/2105/2105
f 2106/2106/2106 2107/2107/2107 2108/2108/2108
f 2109/2109/2109 2106/2106/2106 2110/2110/2110
f 2106/2106/2106 2108/2108/2108 2110/2110/2110
f 2111/2111/2111 2110/2110/2110 2108/2108/2108
f 2112/2112/2112 2110/2110/2110 2111/2111/2111
f 2113/2113/2113 2110/2110/2110 2112/2112/2112
f 2114/2114/2114 2115/2115/2115 2116/2116/2116
f 2115/2115/2115 2114/2114/2114 2117/2117/2117
f 2116/2116/2116 2115/2115/2115 2118/2118/2118
f 2119/2119/2119 2113/2113/2113 2112/2112/2112
f 2120/2120/2120 2121/2121/2121 2114/2114/2114
f 2114/2114/2114 2121/2121/2121 2122/2122/2122
f 2117/2117/2117 2114/2114/2114 2122/2122/2122
f 2123/2123/2123 2121/2121/2121 2120/2120/2120
f 2124/2124/2124 2117/2117/2117 2122/2122/2122
f 2118/2118/2118 2115/2115/2115 2125/2125/2125
f 2122/2122/2122 2121/2121/2121 2126/2126/2126
f 2115/2115/2115 2127/2127/2127 2125/2125/2125
f 2128/2128/2128 2112/2112/2112 2111/2111/2111
f 2129/2129/2129 2130/2130/2130 2131/2131/2131
f 2124/2124/2124 2122/2122/2122 2132/2132/2132
f 2121/2121/2121 2123/2123/2123 2133/2133/2133
f 2122/2122/2122 2126/2126/2126 2132/2132/2132
f 2130/2130/2130 2134/2134/2134 2135/2135/2135
f 2121/2121/2121 2133/2133/2133 2126/2126/2126
f 2126/2126/2126 2136/2136/2136 2132/2132/2132
f 2131/2131/2131 2130/2130/2130 2137/2137/2137
f 2135/2135/2135 2137/2137/2137 2130/2130/2130
f 2124/2124/2124 2132/2132/2132 2138/2138/2138
f 2127/2127/2127 2115/2115/2115 2139/2139/2139
f 2140/2140/2140 2135/2135/2135 2134/2134/2134
f 2124/2124/2124 2138/2138/2138 2141/2141/2141
f 2135/2135/2135 2140/2140/2140 2142/2142/2142
f 2132/2132/2132 2143/2143/2143 2138/2138/2138
f 2144/2144/2144 2131/2131/2131 2137/2137/2137
f 2117/2117/2117 2124/2124/2124 2145/2145/2145
f 2145/2145/2145 2115/2115/2115 2117/2117/2117
f 2142/2142/2142 2137/2137/2137 2135/2135/2135
f 2126/2126/2126 2133/2133/2133 2146/2146/2146
f 2124/2124/2124 2141/2141/2141 2147/2147/2147
f 2145/2145/2145 2124/2124/2124 2147/2147/2147
f 2139/2139/2139 2115/2115/2115 2145/2145/2145
f 2148/2148/2148 2132/2132/2132 2136/2136/2136
f 2149/2149/2149 2150/2150/2150 2142/2142/2142
f 2132/2132/2132 2148/2148/2148 2143/2143/2143
f 2137/2137/2137 2142/2142/2142 2150/2150/2150
f 2137/2137/2137 2150/2150/2150 2144/2144/2144
f 2146/2146/2146 2136/2136/2136 2126/2126/2126
f 2151/2151/2151 2112/2112/2112 2128/2128/2128
f 2119/2119/2119 2112/2112/2112 2151/2151/2151
f 2152/2152/2152 2143/2143/2143 2148/2148/2148
f 2146/2146/2146 2153/2153/2153 2136/2136/2136
f 2146/2146/2146 2144/2144/2144 2153/2153/2153
f 2154/2154/2154 2138/2138/2138 2143/2143/2143
f 2145/2145/2145 2147/2147/2147 2155/2155/2155
f 2144/2144/2144 2150/2150/2150 2153/2153/2153
f 2150/2150/2150 2149/2149/2149 2156/2156/2156
f 2157/2157/2157 2145/2145/2145 2155/2155/2155
f 2158/2158/2158 2127/2127/2127 2139/2139/2139
f 2148/2148/2148 2136/2136/2136 2159/2159/2159
f 2152/2152/2152 2148/2148/2148 2159/2159/2159
f 2143/2143/2143 2152/2152/2152 2160/2160/2160
f 2145/2145/2145 2157/2157/2157 2139/2139/2139
f 2136/2136/2136 2153/2153/2153 2161/2161/2161
f 2150/2150/2150 2161/2161/2161 2153/2153/2153
f 2154/2154/2154 2143/2143/2143 2160/2160/2160
f 2161/2161/2161 2150/2150/2150 2156/2156/2156
f 2159/2159/2159 2136/2136/2136 2161/2161/2161
f 2157/2157/2157 2162/2162/2162 2139/2139/2139
f 2139/2139/2139 2163/2163/2163 2158/2158/2158
f 2151/2151/2151 2128/2128/2128 2164/2164/2164
f 2164/2164/2164 2119/2119/2119 2151/2151/2151
f 2162/2162/2162 2165/2165/2165 2139/2139/2139
f 2157/2157/2157 2155/2155/2155 2162/2162/2162
f 2166/2166/2166 2154/2154/2154 2160/2160/2160
f 2165/2165/2165 2163/2163/2163 2139/2139/2139
f 2162/2162/2162 2154/2154/2154 2166/2166/2166
f 2165/2165/2165 2162/2162/2162 2166/2166/2166
f 2167/2167/2167 2166/2166/2166 2160/2160/2160
f 2168/2168/2168 2163/2163/2163 2165/2165/2165
f 2166/2166/2166 2169/2169/2169 2165/2165/2165
f 2166/2166/2166 2167/2167/2167 2170/2170/2170
f 2165/2165/2165 2169/2169/2169 2168/2168/2168
f 2170/2170/2170 2169/2169/2169 2166/2166/2166
f 2170/2170/2170 2171/2171/2171 2169/2169/2169
f 2172/2172/2172 2169/2169/2169 2171/2171/2171
f 2173/2173/2173 2174/2174/2174 2175/2175/2175
f 2176/2176/2176 2173/2173/2173 2175/2175/2175
f 2173/2173/2173 2176/2176/2176 2177/2177/2177
f 2173/2173/2173 2178/2178/2178 2174/2174/2174
f 2178/2178/2178 2173/2173/2173 2179/2179/2179
f 2180/2180/2180 2178/2178/2178 2179/2179/2179
f 2181/2181/2181 2180/2180/2180 2179/2179/2179
f 2182/2182/2182 2178/2178/2178 2180/2180/2180
f 2181/2181/2181 2183/2183/2183 2180/2180/2180
f 2178/2178/2178 2182/2182/2182 2184/2184/2184
f 2183/2183/2183 2182/2182/2182 2180/2180/2180
f 2185/2185/2185 2182/2182/2182 2183/2183/2183
f 2185/2185/2185 2184/2184/2184 2182/2182/2182
f 2185/2185/2185 2183/2183/2183 2186/2186/2186
f 2183/2183/2183 2187/2187/2187 2186/2186/2186
f 2184/2184/2184 2185/2185/2185 2188/2188/2188
f 2186/2186/2186 2187/2187/2187 2189/2189/2189
f 2185/2185/2185 2186/2186/2186 2188/2188/2188
f 2190/2190/2190 2186/2186/2186 2189/2189/2189
f 2190/2190/2190 2191/2191/2191 2186/2186/2186
f 2192/2192/2192 2193/2193/2193 2194/2194/2194
f 2193/2193/2193 2195/2195/2195 2196/2196/2196
f 2192/2192/2192 2195/2195/2195 2193/2193/2193
f 2197/2197/2197 2198/2198/2198 2196/2196/2196
f 2197/2197/2197 2196/2196/2196 2199/2199/2199
f 2200/2200/2200 2195/2195/2195 2192/2192/2192
f 2199/2199/2199 2196/2196/2196 2195/2195/2195
f 2199/2199/2199 2195/2195/2195 2201/2201/2201
f 2200/2200/2200 2201/2201/2201 2195/2195/2195
f 2201/2201/2201 2200/2200/2200 2202/2202/2202
f 2201/2201/2201 2202/2202/2202 2203/2203/2203
f 2204/2204/2204 2202/2202/2202 2200/2200/2200
f 2203/2203/2203 2202/2202/2202 2205/2205/2205
f 2204/2204/2204 2205/2205/2205 2202/2202/2202
f 2206/2206/2206 2203/2203/2203 2205/2205/2205
f 2207/2207/2207 2206/2206/2206 2205/2205/2205
f 2205/2205/2205 2208/2208/2208 2207/2207/2207
f 2209/2209/2209 2205/2205/2205 2204/2204/2204
f 2210/2210/2210 2211/2211/2211 2212/2212/2212
f 2213/2213/2213 2211/2211/2211 2214/2214/2214
f 2211/2211/2211 2215/2215/2215 2214/2214/2214
f 2210/2210/2210 2215/2215/2215 2211/2211/2211
f 2215/2215/2215 2210/2210/2210 2216/2216/2216
f 2215/2215/2215 2216/2216/2216 2217/2217/2217
f 2215/2215/2215 2217/2217/2217 2218/2218/2218
f 2217/2217/2217 2216/2216/2216 2219/2219/2219
f 2219/2219/2219 2218/2218/2218 2217/2217/2217
f 2220/2220/2220 2218/2218/2218 2219/2219/2219
f 2218/2218/2218 2220/2220/2220 2221/2221/2221
f 2220/2220/2220 2222/2222/2222 2221/2221/2221
f 2218/2218/2218 2221/2221/2221 2223/2223/2223
f 2224/2224/2224 2225/2225/2225 2226/2226/2226
f 2227/2227/2227 2224/2224/2224 2226/2226/2226
f 2224/2224/2224 2227/2227/2227 2228/2228/2228
f 2229/2229/2229 2224/2224/2224 2228/2228/2228
f 2229/2229/2229 2228/2228/2228 2230/2230/2230
f 2231/2231/2231 2229/2229/2229 2230/2230/2230
f 2230/2230/2230 2228/2228/2228 2232/2232/2232
f 2232/2232/2232 2231/2231/2231 2230/2230/2230
f 2232/2232/2232 2233/2233/2233 2231/2231/2231
f 2234/2234/2234 2233/2233/2233 2232/2232/2232
f 2235/2235/2235 2236/2236/2236 2237/2237/2237
f 2238/2238/2238 2239/2239/2239 2240/2240/2240
f 2240/2240/2240 2239/2239/2239 2241/2241/2241
f 2241/2241/2241 2242/2242/2242 2240/2240/2240
f 2242/2242/2242 2241/2241/2241 2243/2243/2243
f 2242/2242/2242 2243/2243/2243 2244/2244/2244
f 2244/2244/2244 2243/2243/2243 2245/2245/2245
f 2246/2246/2246 2247/2247/2247 2244/2244/2244
f 2246/2246/2246 2244/2244/2244 2245/2245/2245
f 2248/2248/2248 2249/2249/2249 2250/2250/2250
f 2249/2249/2249 2251/2251/2251 2250/2250/2250
f 2251/2251/2251 2252/2252/2252 2250/2250/2250
f 2248/2248/2248 2250/2250/2250 2253/2253/2253
f 2250/2250/2250 2252/2252/2252 2253/2253/2253
f 2253/2253/2253 2252/2252/2252 2254/2254/2254
f 2254/2254/2254 2252/2252/2252 2255/2255/2255
f 2252/2252/2252 2256/2256/2256 2255/2255/2255
f 2254/2254/2254 2255/2255/2255 2257/2257/2257
f 2257/2257/2257 2255/2255/2255 2258/2258/2258
f 2258/2258/2258 2259/2259/2259 2257/2257/2257
f 2255/2255/2255 2256/2256/2256 2260/2260/2260
f 2260/2260/2260 2258/2258/2258 2255/2255/2255
f 2261/2261/2261 2262/2262/2262 2263/2263/2263
f 2264/2264/2264 2263/2263/2263 2265/2265/2265
f 2263/2263/2263 2264/2264/2264 2261/2261/2261
f 2264/2264/2264 2265/2265/2265 2266/2266/2266
f 2267/2267/2267 2264/2264/2264 2266/2266/2266
f 2267/2267/2267 2261/2261/2261 2264/2264/2264
f 2266/2266/2266 2268/2268/2268 2267/2267/2267
f 2269/2269/2269 2261/2261/2261 2267/2267/2267
f 2270/2270/2270 2267/2267/2267 2268/2268/2268
f 2267/2267/2267 2270/2270/2270 2269/2269/2269
f 2271/2271/2271 2270/2270/2270 2268/2268/2268
f 2272/2272/2272 2270/2270/2270 2271/2271/2271
f 2273/2273/2273 2269/2269/2269 2270/2270/2270
f 2273/2273/2273 2270/2270/2270 2272/2272/2272
f 2274/2274/2274 2275/2275/2275 2276/2276/2276
f 2276/2276/2276 2277/2277/2277 2274/2274/2274
f 2277/2277/2277 2278/2278/2278 2279/2279/2279
f 2279/2279/2279 2274/2274/2274 2277/2277/2277
f 2280/2280/2280 2274/2274/2274 2279/2279/2279
f 2278/2278/2278 2281/2281/2281 2279/2279/2279
f 2282/2282/2282 2280/2280/2280 2279/2279/2279
f 2279/2279/2279 2281/2281/2281 2282/2282/2282
f 2283/2283/2283 2284/2284/2284 2281/2281/2281
f 2284/2284/2284 2282/2282/2282 2281/2281/2281
f 2285/2285/2285 2286/2286/2286 2287/2287/2287
f 2288/2288/2288 2286/2286/2286 2285/2285/2285
f 2286/2286/2286 2288/2288/2288 2289/2289/2289
f 2286/2286/2286 2290/2290/2290 2291/2291/2291
f 2289/2289/2289 2290/2290/2290 2286/2286/2286
f 2292/2292/2292 2290/2290/2290 2289/2289/2289
f 2293/2293/2293 2292/2292/2292 2289/2289/2289
f 2294/2294/2294 2290/2290/2290 2292/2292/2292
f 2295/2295/2295 2296/2296/2296 2297/2297/2297
f 2297/2297/2297 2296/2296/2296 2298/2298/2298
f 2299/2299/2299 2296/2296/2296 2295/2295/2295
f 2296/2296/2296 2300/2300/2300 2298/2298/2298
f 2296/2296/2296 2299/2299/2299 2300/2300/2300
f 2300/2300/2300 2299/2299/2299 2301/2301/2301
f 2302/2302/2302 2301/2301/2301 2299/2299/2299
f 2303/2303/2303 2300/2300/2300 2301/2301/2301
f 2304/2304/2304 2301/2301/2301 2302/2302/2302
f 2304/2304/2304 2305/2305/2305 2301/2301/2301
f 2301/2301/2301 2305/2305/2305 2303/2303/2303
f 2306/2306/2306 2303/2303/2303 2305/2305/2305
f 2307/2307/2307 2308/2308/2308 2309/2309/2309
f 2310/2310/2310 2309/2309/2309 2311/2311/2311
f 2310/2310/2310 2307/2307/2307 2309/2309/2309
f 2310/2310/2310 2311/2311/2311 2312/2312/2312
f 2311/2311/2311 2313/2313/2313 2312/2312/2312
f 2314/2314/2314 2308/2308/2308 2307/2307/2307
f 2307/2307/2307 2310/2310/2310 2315/2315/2315
f 2309/2309/2309 2316/2316/2316 2311/2311/2311
f 2310/2310/2310 2312/2312/2312 2317/2317/2317
f 2307/2307/2307 2318/2318/2318 2314/2314/2314
f 2312/2312/2312 2319/2319/2319 2317/2317/2317
f 2311/2311/2311 2320/2320/2320 2313/2313/2313
f 2321/2321/2321 2318/2318/2318 2307/2307/2307
f 2321/2321/2321 2307/2307/2307 2315/2315/2315
f 2315/2315/2315 2310/2310/2310 2322/2322/2322
f 2323/2323/2323 2310/2310/2310 2317/2317/2317
f 2322/2322/2322 2321/2321/2321 2315/2315/2315
f 2323/2323/2323 2322/2322/2322 2310/2310/2310
f 2324/2324/2324 2321/2321/2321 2322/2322/2322
f 2325/2325/2325 2326/2326/2326 2322/2322/2322
f 2323/2323/2323 2325/2325/2325 2322/2322/2322
f 2311/2311/2311 2316/2316/2316 2320/2320/2320
f 2324/2324/2324 2327/2327/2327 2321/2321/2321
f 2328/2328/2328 2319/2319/2319 2312/2312/2312
f 2314/2314/2314 2318/2318/2318 2329/2329/2329
f 2325/2325/2325 2323/2323/2323 2330/2330/2330
f 2317/2317/2317 2330/2330/2330 2323/2323/2323
f 2318/2318/2318 2321/2321/2321 2331/2331/2331
f 2329/2329/2329 2318/2318/2318 2332/2332/2332
f 2331/2331/2331 2321/2321/2321 2327/2327/2327
f 2317/2317/2317 2319/2319/2319 2333/2333/2333
f 2332/2332/2332 2318/2318/2318 2331/2331/2331
f 2330/2330/2330 2317/2317/2317 2333/2333/2333
f 2319/2319/2319 2328/2328/2328 2334/2334/2334
f 2335/2335/2335 2336/2336/2336 2330/2330/2330
f 2335/2335/2335 2330/2330/2330 2333/2333/2333
f 2335/2335/2335 2333/2333/2333 2337/2337/2337
f 2328/2328/2328 2338/2338/2338 2334/2334/2334
f 2339/2339/2339 2335/2335/2335 2337/2337/2337
f 2338/2338/2338 2328/2328/2328 2340/2340/2340
f 2339/2339/2339 2341/2341/2341 2335/2335/2335
f 2342/2342/2342 2336/2336/2336 2335/2335/2335
f 2334/2334/2334 2343/2343/2343 2319/2319/2319
f 2338/2338/2338 2344/2344/2344 2334/2334/2334
f 2345/2345/2345 2341/2341/2341 2339/2339/2339
f 2341/2341/2341 2342/2342/2342 2335/2335/2335
f 2339/2339/2339 2346/2346/2346 2347/2347/2347
f 2348/2348/2348 2338/2338/2338 2340/2340/2340
f 2344/2344/2344 2343/2343/2343 2334/2334/2334
f 2345/2345/2345 2339/2339/2339 2347/2347/2347
f 2341/2341/2341 2345/2345/2345 2342/2342/2342
f 2349/2349/2349 2342/2342/2342 2345/2345/2345
f 2344/2344/2344 2347/2347/2347 2346/2346/2346
f 2350/2350/2350 2344/2344/2344 2338/2338/2338
f 2348/2348/2348 2350/2350/2350 2338/2338/2338
f 2347/2347/2347 2344/2344/2344 2350/2350/2350
f 2351/2351/2351 2347/2347/2347 2350/2350/2350
f 2347/2347/2347 2351/2351/2351 2345/2345/2345
f 2333/2333/2333 2319/2319/2319 2337/2337/2337
f 2346/2346/2346 2343/2343/2343 2344/2344/2344
f 2352/2352/2352 2353/2353/2353 2354/2354/2354
f 2352/2352/2352 2355/2355/2355 2353/2353/2353
f 2352/2352/2352 2354/2354/2354 2356/2356/2356
f 2354/2354/2354 2357/2357/2357 2358/2358/2358
f 2359/2359/2359 2355/2355/2355 2352/2352/2352
f 2358/2358/2358 2356/2356/2356 2354/2354/2354
f 2352/2352/2352 2360/2360/2360 2359/2359/2359
f 2361/2361/2361 2356/2356/2356 2358/2358/2358
f 2362/2362/2362 2360/2360/2360 2363/2363/2363
f 2360/2360/2360 2362/2362/2362 2359/2359/2359
f 2363/2363/2363 2360/2360/2360 2352/2352/2352
f 2364/2364/2364 2359/2359/2359 2362/2362/2362
f 2364/2364/2364 2362/2362/2362 2365/2365/2365
f 2366/2366/2366 2352/2352/2352 2356/2356/2356
f 2366/2366/2366 2356/2356/2356 2361/2361/2361
f 2367/2367/2367 2364/2364/2364 2365/2365/2365
f 2363/2363/2363 2352/2352/2352 2368/2368/2368
f 2368/2368/2368 2352/2352/2352 2366/2366/2366
f 2369/2369/2369 2364/2364/2364 2370/2370/2370
f 2371/2371/2371 2368/2368/2368 2366/2366/2366
f 2364/2364/2364 2367/2367/2367 2370/2370/2370
f 2372/2372/2372 2366/2366/2366 2361/2361/2361
f 2373/2373/2373 2374/2374/2374 2375/2375/2375
f 2358/2358/2358 2376/2376/2376 2361/2361/2361
f 2367/2367/2367 2377/2377/2377 2370/2370/2370
f 2372/2372/2372 2361/2361/2361 2376/2376/2376
f 2372/2372/2372 2371/2371/2371 2366/2366/2366
f 2378/2378/2378 2372/2372/2372 2379/2379/2379
f 2367/2367/2367 2379/2379/2379 2372/2372/2372
f 2377/2377/2377 2367/2367/2367 2372/2372/2372
f 2370/2370/2370 2377/2377/2377 2380/2380/2380
f 2377/2377/2377 2372/2372/2372 2376/2376/2376
f 2380/2380/2380 2377/2377/2377 2381/2381/2381
f 2382/2382/2382 2383/2383/2383 2376/2376/2376
f 2384/2384/2384 2381/2381/2381 2377/2377/2377
f 2383/2383/2383 2377/2377/2377 2376/2376/2376
f 2384/2384/2384 2377/2377/2377 2383/2383/2383
f 2385/2385/2385 2386/2386/2386 2387/2387/2387
f 2385/2385/2385 2387/2387/2387 2388/2388/2388
f 2389/2389/2389 2390/2390/2390 2391/2391/2391
f 2392/2392/2392 2393/2393/2393 2389/2389/2389
f 2389/2389/2389 2391/2391/2391 2392/2392/2392
f 2394/2394/2394 2393/2393/2393 2392/2392/2392
f 2395/2395/2395 2394/2394/2394 2392/2392/2392
f 2396/2396/2396 2394/2394/2394 2395/2395/2395
f 2397/2397/2397 2398/2398/2398 2399/2399/2399
f 2400/2400/2400 2397/2397/2397 2399/2399/2399
f 2400/2400/2400 2401/2401/2401 2397/2397/2397
f 2402/2402/2402 2401/2401/2401 2400/2400/2400
f 2401/2401/2401 2402/2402/2402 2403/2403/2403
f 2404/2404/2404 2402/2402/2402 2400/2400/2400
f 2402/2402/2402 2404/2404/2404 2405/2405/2405
f 2406/2406/2406 2405/2405/2405 2404/2404/2404
f 2403/2403/2403 2402/2402/2402 2407/2407/2407
f 2408/2408/2408 2405/2405/2405 2409/2409/2409
f 2409/2409/2409 2405/2405/2405 2406/2406/2406
f 2406/2406/2406 2404/2404/2404 2410/2410/2410
f 2402/2402/2402 2405/2405/2405 2411/2411/2411
f 2409/2409/2409 2406/2406/2406 2412/2412/2412
f 2408/2408/2408 2409/2409/2409 2413/2413/2413
f 2413/2413/2413 2414/2414/2414 2408/2408/2408
f 2415/2415/2415 2412/2412/2412 2416/2416/2416
f 2416/2416/2416 2406/2406/2406 2410/2410/2410
f 2406/2406/2406 2416/2416/2416 2412/2412/2412
f 2415/2415/2415 2416/2416/2416 2410/2410/2410
f 2413/2413/2413 2409/2409/2409 2417/2417/2417
f 2412/2412/2412 2417/2417/2417 2409/2409/2409
f 2418/2418/2418 2415/2415/2415 2410/2410/2410
f 2419/2419/2419 2412/2412/2412 2415/2415/2415
f 2418/2418/2418 2419/2419/2419 2415/2415/2415
f 2420/2420/2420 2414/2414/2414 2413/2413/2413
f 2421/2421/2421 2413/2413/2413 2417/2417/2417
f 2422/2422/2422 2417/2417/2417 2412/2412/2412
f 2413/2413/2413 2421/2421/2421 2420/2420/2420
f 2417/2417/2417 2422/2422/2422 2421/2421/2421
f 2414/2414/2414 2420/2420/2420 2423/2423/2423
f 2424/2424/2424 2420/2420/2420 2421/2421/2421
f 2421/2421/2421 2422/2422/2422 2424/2424/2424
f 2425/2425/2425 2419/2419/2419 2418/2418/2418
f 2419/2419/2419 2422/2422/2422 2412/2412/2412
f 2420/2420/2420 2426/2426/2426 2423/2423/2423
f 2427/2427/2427 2428/2428/2428 2429/2429/2429
f 2419/2419/2419 2425/2425/2425 2430/2430/2430
f 2424/2424/2424 2426/2426/2426 2420/2420/2420
f 2430/2430/2430 2422/2422/2422 2419/2419/2419
f 2431/2431/2431 2428/2428/2428 2427/2427/2427
f 2430/2430/2430 2424/2424/2424 2422/2422/2422
f 2431/2431/2431 2432/2432/2432 2428/2428/2428
f 2433/2433/2433 2434/2434/2434 2432/2432/2432
f 2433/2433/2433 2432/2432/2432 2431/2431/2431
f 2433/2433/2433 2431/2431/2431 2435/2435/2435
f 2431/2431/2431 2436/2436/2436 2435/2435/2435
f 2437/2437/2437 2424/2424/2424 2430/2430/2430
f 2430/2430/2430 2438/2438/2438 2437/2437/2437
f 2424/2424/2424 2437/2437/2437 2439/2439/2439
f 2440/2440/2440 2439/2439/2439 2437/2437/2437
f 2441/2441/2441 2442/2442/2442 2443/2443/2443
f 2444/2444/2444 2440/2440/2440 2438/2438/2438
f 2445/2445/2445 2441/2441/2441 2446/2446/2446
f 2447/2447/2447 2445/2445/2445 2446/2446/2446
f 2441/2441/2441 2445/2445/2445 2442/2442/2442
f 2448/2448/2448 2445/2445/2445 2447/2447/2447
f 2449/2449/2449 2444/2444/2444 2442/2442/2442
f 2449/2449/2449 2440/2440/2440 2444/2444/2444
f 2448/2448/2448 2442/2442/2442 2445/2445/2445
f 2449/2449/2449 2439/2439/2439 2440/2440/2440
f 2424/2424/2424 2439/2439/2439 2450/2450/2450
f 2442/2442/2442 2448/2448/2448 2449/2449/2449
f 2451/2451/2451 2439/2439/2439 2449/2449/2449
f 2452/2452/2452 2449/2449/2449 2448/2448/2448
f 2450/2450/2450 2426/2426/2426 2424/2424/2424
f 2448/2448/2448 2447/2447/2447 2452/2452/2452
f 2453/2453/2453 2451/2451/2451 2449/2449/2449
f 2454/2454/2454 2439/2439/2439 2451/2451/2451
f 2454/2454/2454 2455/2455/2455 2439/2439/2439
f 2439/2439/2439 2455/2455/2455 2450/2450/2450
f 2456/2456/2456 2453/2453/2453 2449/2449/2449
f 2449/2449/2449 2452/2452/2452 2456/2456/2456
f 2457/2457/2457 2453/2453/2453 2456/2456/2456
f 2458/2458/2458 2456/2456/2456 2452/2452/2452
f 2459/2459/2459 2458/2458/2458 2452/2452/2452
f 2460/2460/2460 2461/2461/2461 2462/2462/2462
f 2463/2463/2463 2460/2460/2460 2462/2462/2462
f 2463/2463/2463 2462/2462/2462 2464/2464/2464
f 2464/2464/2464 2462/2462/2462 2465/2465/2465
f 2464/2464/2464 2466/2466/2466 2463/2463/2463
f 2465/2465/2465 2467/2467/2467 2464/2464/2464
f 2464/2464/2464 2468/2468/2468 2466/2466/2466
f 2469/2469/2469 2470/2470/2470 2471/2471/2471
f 2467/2467/2467 2472/2472/2472 2464/2464/2464
f 2467/2467/2467 2473/2473/2473 2469/2469/2469
f 2469/2469/2469 2471/2471/2471 2474/2474/2474
f 2466/2466/2466 2468/2468/2468 2475/2475/2475
f 2472/2472/2472 2468/2468/2468 2464/2464/2464
f 2467/2467/2467 2476/2476/2476 2472/2472/2472
f 2469/2469/2469 2474/2474/2474 2477/2477/2477
f 2469/2469/2469 2477/2477/2477 2478/2478/2478
f 2467/2467/2467 2479/2479/2479 2476/2476/2476
f 2469/2469/2469 2478/2478/2478 2467/2467/2467
f 2480/2480/2480 2475/2475/2475 2468/2468/2468
f 2467/2467/2467 2478/2478/2478 2479/2479/2479
f 2468/2468/2468 2472/2472/2472 2480/2480/2480
f 2476/2476/2476 2481/2481/2481 2472/2472/2472
f 2472/2472/2472 2481/2481/2481 2482/2482/2482
f 2476/2476/2476 2479/2479/2479 2481/2481/2481
f 2475/2475/2475 2480/2480/2480 2483/2483/2483
f 2472/2472/2472 2484/2484/2484 2480/2480/2480
f 2472/2472/2472 2482/2482/2482 2484/2484/2484
f 2485/2485/2485 2481/2481/2481 2479/2479/2479
f 2484/2484/2484 2486/2486/2486 2480/2480/2480
f 2483/2483/2483 2480/2480/2480 2486/2486/2486
f 2487/2487/2487 2479/2479/2479 2488/2488/2488
f 2481/2481/2481 2489/2489/2489 2482/2482/2482
f 2481/2481/2481 2485/2485/2485 2489/2489/2489
f 2482/2482/2482 2489/2489/2489 2490/2490/2490
f 2491/2491/2491 2492/2492/2492 2493/2493/2493
f 2494/2494/2494 2495/2495/2495 2496/2496/2496
f 2491/2491/2491 2496/2496/2496 2492/2492/2492
f 2485/2485/2485 2479/2479/2479 2487/2487/2487
f 2497/2497/2497 2498/2498/2498 2499/2499/2499
f 2500/2500/2500 2501/2501/2501 2502/2502/2502
f 2496/2496/2496 2503/2503/2503 2494/2494/2494
f 2496/2496/2496 2491/2491/2491 2503/2503/2503
f 2500/2500/2500 2499/2499/2499 2501/2501/2501
f 2493/2493/2493 2502/2502/2502 2491/2491/2491
f 2503/2503/2503 2491/2491/2491 2504/2504/2504
f 2505/2505/2505 2506/2506/2506 2501/2501/2501
f 2505/2505/2505 2501/2501/2501 2507/2507/2507
f 2508/2508/2508 2495/2495/2495 2494/2494/2494
f 2504/2504/2504 2491/2491/2491 2505/2505/2505
f 2505/2505/2505 2491/2491/2491 2506/2506/2506
f 2507/2507/2507 2501/2501/2501 2499/2499/2499
f 2509/2509/2509 2490/2490/2490 2489/2489/2489
f 2507/2507/2507 2499/2499/2499 2498/2498/2498
f 2508/2508/2508 2510/2510/2510 2495/2495/2495
f 2503/2503/2503 2508/2508/2508 2494/2494/2494
f 2486/2486/2486 2509/2509/2509 2511/2511/2511
f 2491/2491/2491 2502/2502/2502 2506/2506/2506
f 2501/2501/2501 2506/2506/2506 2502/2502/2502
f 2511/2511/2511 2512/2512/2512 2486/2486/2486
f 2489/2489/2489 2511/2511/2511 2509/2509/2509
f 2489/2489/2489 2513/2513/2513 2511/2511/2511
f 2513/2513/2513 2489/2489/2489 2485/2485/2485
f 2514/2514/2514 2513/2513/2513 2485/2485/2485
f 2514/2514/2514 2485/2485/2485 2487/2487/2487
f 2513/2513/2513 2515/2515/2515 2511/2511/2511
f 2513/2513/2513 2516/2516/2516 2515/2515/2515
f 2517/2517/2517 2512/2512/2512 2511/2511/2511
f 2511/2511/2511 2515/2515/2515 2517/2517/2517
f 2518/2518/2518 2519/2519/2519 2520/2520/2520
f 2521/2521/2521 2522/2522/2522 2518/2518/2518
f 2517/2517/2517 2523/2523/2523 2512/2512/2512
f 2524/2524/2524 2525/2525/2525 2526/2526/2526
f 2521/2521/2521 2526/2526/2526 2522/2522/2522
f 2514/2514/2514 2527/2527/2527 2513/2513/2513
f 2513/2513/2513 2528/2528/2528 2516/2516/2516
f 2520/2520/2520 2519/2519/2519 2529/2529/2529
f 2513/2513/2513 2527/2527/2527 2528/2528/2528
f 2520/2520/2520 2529/2529/2529 2530/2530/2530
f 2525/2525/2525 2531/2531/2531 2532/2532/2532
f 2531/2531/2531 2525/2525/2525 2524/2524/2524
f 2533/2533/2533 2518/2518/2518 2520/2520/2520
f 2534/2534/2534 2524/2524/2524 2526/2526/2526
f 2526/2526/2526 2521/2521/2521 2534/2534/2534
f 2533/2533/2533 2521/2521/2521 2518/2518/2518
f 2520/2520/2520 2535/2535/2535 2536/2536/2536
f 2537/2537/2537 2534/2534/2534 2538/2538/2538
f 2523/2523/2523 2517/2517/2517 2539/2539/2539
f 2537/2537/2537 2531/2531/2531 2524/2524/2524
f 2534/2534/2534 2521/2521/2521 2540/2540/2540
f 2536/2536/2536 2521/2521/2521 2533/2533/2533
f 2541/2541/2541 2531/2531/2531 2542/2542/2542
f 2543/2543/2543 2531/2531/2531 2541/2541/2541
f 2520/2520/2520 2544/2544/2544 2535/2535/2535
f 2542/2542/2542 2531/2531/2531 2537/2537/2537
f 2536/2536/2536 2533/2533/2533 2520/2520/2520
f 2538/2538/2538 2534/2534/2534 2540/2540/2540
f 2524/2524/2524 2534/2534/2534 2537/2537/2537
f 2536/2536/2536 2540/2540/2540 2521/2521/2521
f 2545/2545/2545 2546/2546/2546 2523/2523/2523
f 2539/2539/2539 2517/2517/2517 2528/2528/2528
f 2547/2547/2547 2548/2548/2548 2549/2549/2549
f 2528/2528/2528 2527/2527/2527 2539/2539/2539
f 2550/2550/2550 2547/2547/2547 2551/2551/2551
f 2552/2552/2552 2546/2546/2546 2545/2545/2545
f 2553/2553/2553 2545/2545/2545 2523/2523/2523
f 2553/2553/2553 2523/2523/2523 2539/2539/2539
f 2547/2547/2547 2550/2550/2550 2548/2548/2548
f 2554/2554/2554 2555/2555/2555 2556/2556/2556
f 2557/2557/2557 2558/2558/2558 2559/2559/2559
f 2548/2548/2548 2560/2560/2560 2549/2549/2549
f 2557/2557/2557 2549/2549/2549 2560/2560/2560
f 2558/2558/2558 2561/2561/2561 2556/2556/2556
f 2554/2554/2554 2556/2556/2556 2562/2562/2562
f 2557/2557/2557 2563/2563/2563 2558/2558/2558
f 2548/2548/2548 2550/2550/2550 2564/2564/2564
f 2561/2561/2561 2558/2558/2558 2563/2563/2563
f 2552/2552/2552 2565/2565/2565 2550/2550/2550
f 2552/2552/2552 2545/2545/2545 2565/2565/2565
f 2566/2566/2566 2565/2565/2565 2545/2545/2545
f 2553/2553/2553 2566/2566/2566 2545/2545/2545
f 2562/2562/2562 2556/2556/2556 2561/2561/2561
f 2565/2565/2565 2567/2567/2567 2550/2550/2550
f 2564/2564/2564 2550/2550/2550 2567/2567/2567
f 2568/2568/2568 2560/2560/2560 2548/2548/2548
f 2564/2564/2564 2568/2568/2568 2548/2548/2548
f 2563/2563/2563 2560/2560/2560 2568/2568/2568
f 2563/2563/2563 2557/2557/2557 2560/2560/2560
f 2532/2532/2532 2531/2531/2531 2543/2543/2543
f 2552/2552/2552 2550/2550/2550 2551/2551/2551
f 2549/2549/2549 2557/2557/2557 2559/2559/2559
f 2569/2569/2569 2570/2570/2570 2571/2571/2571
f 2572/2572/2572 2569/2569/2569 2571/2571/2571
f 2570/2570/2570 2569/2569/2569 2573/2573/2573
f 2569/2569/2569 2572/2572/2572 2574/2574/2574
f 2569/2569/2569 2575/2575/2575 2573/2573/2573
f 2574/2574/2574 2575/2575/2575 2569/2569/2569
f 2572/2572/2572 2576/2576/2576 2574/2574/2574
f 2575/2575/2575 2574/2574/2574 2577/2577/2577
f 2575/2575/2575 2578/2578/2578 2573/2573/2573
f 2577/2577/2577 2578/2578/2578 2575/2575/2575
f 2574/2574/2574 2579/2579/2579 2577/2577/2577
f 2577/2577/2577 2579/2579/2579 2580/2580/2580
f 2581/2581/2581 2578/2578/2578 2577/2577/2577
f 2580/2580/2580 2581/2581/2581 2577/2577/2577
f 2581/2581/2581 2582/2582/2582 2578/2578/2578
f 2583/2583/2583 2581/2581/2581 2580/2580/2580
f 2580/2580/2580 2579/2579/2579 2583/2583/2583
f 2574/2574/2574 2576/2576/2576 2579/2579/2579
f 2583/2583/2583 2584/2584/2584 2581/2581/2581
f 2576/2576/2576 2585/2585/2585 2579/2579/2579
f 2579/2579/2579 2586/2586/2586 2583/2583/2583
f 2587/2587/2587 2588/2588/2588 2581/2581/2581
f 2583/2583/2583 2586/2586/2586 2589/2589/2589
f 2584/2584/2584 2587/2587/2587 2581/2581/2581
f 2584/2584/2584 2583/2583/2583 2589/2589/2589
f 2590/2590/2590 2587/2587/2587 2584/2584/2584
f 2591/2591/2591 2592/2592/2592 2593/2593/2593
f 2588/2588/2588 2582/2582/2582 2581/2581/2581
f 2594/2594/2594 2589/2589/2589 2586/2586/2586
f 2595/2595/2595 2582/2582/2582 2588/2588/2588
f 2596/2596/2596 2588/2588/2588 2587/2587/2587
f 2596/2596/2596 2587/2587/2587 2590/2590/2590
f 2584/2584/2584 2589/2589/2589 2590/2590/2590
f 2588/2588/2588 2596/2596/2596 2595/2595/2595
f 2590/2590/2590 2589/2589/2589 2597/2597/2597
f 2596/2596/2596 2598/2598/2598 2595/2595/2595
f 2597/2597/2597 2589/2589/2589 2594/2594/2594
f 2592/2592/2592 2599/2599/2599 2593/2593/2593
f 2597/2597/2597 2594/2594/2594 2600/2600/2600
f 2601/2601/2601 2596/2596/2596 2590/2590/2590
f 2590/2590/2590 2597/2597/2597 2601/2601/2601
f 2592/2592/2592 2602/2602/2602 2599/2599/2599
f 2598/2598/2598 2596/2596/2596 2601/2601/2601
f 2603/2603/2603 2598/2598/2598 2601/2601/2601
f 2601/2601/2601 2597/2597/2597 2604/2604/2604
f 2603/2603/2603 2601/2601/2601 2605/2605/2605
f 2606/2606/2606 2607/2607/2607 2608/2608/2608
f 2597/2597/2597 2600/2600/2600 2609/2609/2609
f 2599/2599/2599 2602/2602/2602 2610/2610/2610
f 2611/2611/2611 2612/2612/2612 2613/2613/2613
f 2614/2614/2614 2615/2615/2615 2607/2607/2607
f 2605/2605/2605 2601/2601/2601 2604/2604/2604
f 2615/2615/2615 2614/2614/2614 2611/2611/2611
f 2607/2607/2607 2615/2615/2615 2608/2608/2608
f 2616/2616/2616 2611/2611/2611 2613/2613/2613
f 2605/2605/2605 2604/2604/2604 2617/2617/2617
f 2611/2611/2611 2616/2616/2616 2615/2615/2615
f 2618/2618/2618 2616/2616/2616 2613/2613/2613
f 2616/2616/2616 2618/2618/2618 2615/2615/2615
f 2618/2618/2618 2613/2613/2613 2619/2619/2619
f 2608/2608/2608 2615/2615/2615 2618/2618/2618
f 2620/2620/2620 2608/2608/2608 2618/2618/2618
f 2604/2604/2604 2597/2597/2597 2609/2609/2609
f 2621/2621/2621 2617/2617/2617 2604/2604/2604
f 2619/2619/2619 2622/2622/2622 2618/2618/2618
f 2609/2609/2609 2600/2600/2600 2623/2623/2623
f 2620/2620/2620 2618/2618/2618 2622/2622/2622
f 2621/2621/2621 2604/2604/2604 2624/2624/2624
f 2624/2624/2624 2604/2604/2604 2609/2609/2609
f 2625/2625/2625 2626/2626/2626 2627/2627/2627
f 2628/2628/2628 2621/2621/2621 2624/2624/2624
f 2626/2626/2626 2625/2625/2625 2629/2629/2629
f 2630/2630/2630 2631/2631/2631 2632/2632/2632
f 2633/2633/2633 2631/2631/2631 2634/2634/2634
f 2635/2635/2635 2633/2633/2633 2634/2634/2634
f 2636/2636/2636 2637/2637/2637 2638/2638/2638
f 2635/2635/2635 2639/2639/2639 2633/2633/2633
f 2638/2638/2638 2630/2630/2630 2632/2632/2632
f 2631/2631/2631 2640/2640/2640 2632/2632/2632
f 2636/2636/2636 2638/2638/2638 2632/2632/2632
f 2633/2633/2633 2640/2640/2640 2631/2631/2631
f 2636/2636/2636 2641/2641/2641 2637/2637/2637
f 2625/2625/2625 2642/2642/2642 2643/2643/2643
f 2642/2642/2642 2644/2644/2644 2645/2645/2645
f 2645/2645/2645 2644/2644/2644 2628/2628/2628
f 2628/2628/2628 2624/2624/2624 2646/2646/2646
f 2609/2609/2609 2647/2647/2647 2624/2624/2624
f 2623/2623/2623 2647/2647/2647 2609/2609/2609
f 2625/2625/2625 2643/2643/2643 2629/2629/2629
f 2642/2642/2642 2645/2645/2645 2643/2643/2643
f 2646/2646/2646 2624/2624/2624 2647/2647/2647
f 2646/2646/2646 2645/2645/2645 2628/2628/2628
f 2643/2643/2643 2648/2648/2648 2629/2629/2629
f 2645/2645/2645 2646/2646/2646 2649/2649/2649
f 2643/2643/2643 2650/2650/2650 2648/2648/2648
f 2646/2646/2646 2647/2647/2647 2651/2651/2651
f 2643/2643/2643 2645/2645/2645 2649/2649/2649
f 2649/2649/2649 2646/2646/2646 2652/2652/2652
f 2653/2653/2653 2647/2647/2647 2623/2623/2623
f 2646/2646/2646 2651/2651/2651 2652/2652/2652
f 2647/2647/2647 2653/2653/2653 2651/2651/2651
f 2643/2643/2643 2654/2654/2654 2650/2650/2650
f 2655/2655/2655 2656/2656/2656 2657/2657/2657
f 2651/2651/2651 2658/2658/2658 2652/2652/2652
f 2659/2659/2659 2648/2648/2648 2650/2650/2650
f 2654/2654/2654 2660/2660/2660 2650/2650/2650
f 2661/2661/2661 2656/2656/2656 2662/2662/2662
f 2661/2661/2661 2657/2657/2657 2656/2656/2656
f 2659/2659/2659 2650/2650/2650 2663/2663/2663
f 2651/2651/2651 2660/2660/2660 2658/2658/2658
f 2650/2650/2650 2660/2660/2660 2663/2663/2663
f 2664/2664/2664 2660/2660/2660 2651/2651/2651
f 2665/2665/2665 2666/2666/2666 2667/2667/2667
f 2651/2651/2651 2653/2653/2653 2664/2664/2664
f 2664/2664/2664 2653/2653/2653 2668/2668/2668
f 2669/2669/2669 2670/2670/2670 2671/2671/2671
f 2671/2671/2671 2672/2672/2672 2673/2673/2673
f 2673/2673/2673 2672/2672/2672 2665/2665/2665
f 2667/2667/2667 2666/2666/2666 2674/2674/2674
f 2663/2663/2663 2660/2660/2660 2664/2664/2664
f 2672/2672/2672 2671/2671/2671 2670/2670/2670
f 2672/2672/2672 2675/2675/2675 2665/2665/2665
f 2665/2665/2665 2675/2675/2675 2666/2666/2666
f 2676/2676/2676 2670/2670/2670 2669/2669/2669
f 2676/2676/2676 2669/2669/2669 2677/2677/2677
f 2675/2675/2675 2678/2678/2678 2666/2666/2666
f 2670/2670/2670 2679/2679/2679 2672/2672/2672
f 2666/2666/2666 2680/2680/2680 2674/2674/2674
f 2668/2668/2668 2681/2681/2681 2664/2664/2664
f 2677/2677/2677 2682/2682/2682 2683/2683/2683
f 2675/2675/2675 2672/2672/2672 2684/2684/2684
f 2678/2678/2678 2685/2685/2685 2666/2666/2666
f 2666/2666/2666 2685/2685/2685 2680/2680/2680
f 2675/2675/2675 2684/2684/2684 2686/2686/2686
f 2676/2676/2676 2677/2677/2677 2683/2683/2683
f 2683/2683/2683 2682/2682/2682 2687/2687/2687
f 2670/2670/2670 2676/2676/2676 2679/2679/2679
f 2672/2672/2672 2679/2679/2679 2684/2684/2684
f 2678/2678/2678 2675/2675/2675 2686/2686/2686
f 2684/2684/2684 2688/2688/2688 2686/2686/2686
f 2689/2689/2689 2678/2678/2678 2686/2686/2686
f 2679/2679/2679 2688/2688/2688 2684/2684/2684
f 2686/2686/2686 2688/2688/2688 2689/2689/2689
f 2676/2676/2676 2690/2690/2690 2679/2679/2679
f 2690/2690/2690 2688/2688/2688 2679/2679/2679
f 2678/2678/2678 2689/2689/2689 2691/2691/2691
f 2678/2678/2678 2691/2691/2691 2685/2685/2685
f 2685/2685/2685 2691/2691/2691 2680/2680/2680
f 2676/2676/2676 2683/2683/2683 2690/2690/2690
f 2680/2680/2680 2691/2691/2691 2692/2692/2692
f 2683/2683/2683 2693/2693/2693 2690/2690/2690
f 2689/2689/2689 2694/2694/2694 2691/2691/2691
f 2691/2691/2691 2695/2695/2695 2692/2692/2692
f 2688/2688/2688 2696/2696/2696 2689/2689/2689
f 2690/2690/2690 2693/2693/2693 2688/2688/2688
f 2689/2689/2689 2696/2696/2696 2694/2694/2694
f 2683/2683/2683 2697/2697/2697 2693/2693/2693
f 2691/2691/2691 2694/2694/2694 2695/2695/2695
f 2687/2687/2687 2697/2697/2697 2683/2683/2683
f 2688/2688/2688 2698/2698/2698 2696/2696/2696
f 2693/2693/2693 2699/2699/2699 2688/2688/2688
f 2694/2694/2694 2700/2700/2700 2695/2695/2695
f 2698/2698/2698 2688/2688/2688 2699/2699/2699
f 2694/2694/2694 2696/2696/2696 2701/2701/2701
f 2701/2701/2701 2700/2700/2700 2694/2694/2694
f 2702/2702/2702 2697/2697/2697 2687/2687/2687
f 2703/2703/2703 2693/2693/2693 2697/2697/2697
f 2700/2700/2700 2704/2704/2704 2695/2695/2695
f 2693/2693/2693 2703/2703/2703 2699/2699/2699
f 2697/2697/2697 2702/2702/2702 2703/2703/2703
f 2705/2705/2705 2701/2701/2701 2696/2696/2696
f 2698/2698/2698 2705/2705/2705 2696/2696/2696
f 2701/2701/2701 2706/2706/2706 2700/2700/2700
f 2701/2701/2701 2705/2705/2705 2706/2706/2706
f 2702/2702/2702 2707/2707/2707 2703/2703/2703
f 2700/2700/2700 2706/2706/2706 2704/2704/2704
f 2698/2698/2698 2708/2708/2708 2705/2705/2705
f 2699/2699/2699 2708/2708/2708 2698/2698/2698
f 2703/2703/2703 2709/2709/2709 2699/2699/2699
f 2706/2706/2706 2710/2710/2710 2704/2704/2704
f 2699/2699/2699 2709/2709/2709 2708/2708/2708
f 2711/2711/2711 2710/2710/2710 2706/2706/2706
f 2708/2708/2708 2712/2712/2712 2705/2705/2705
f 2705/2705/2705 2713/2713/2713 2706/2706/2706
f 2714/2714/2714 2709/2709/2709 2703/2703/2703
f 2707/2707/2707 2715/2715/2715 2703/2703/2703
f 2703/2703/2703 2715/2715/2715 2714/2714/2714
f 2708/2708/2708 2709/2709/2709 2712/2712/2712
f 2706/2706/2706 2716/2716/2716 2711/2711/2711
f 2712/2712/2712 2713/2713/2713 2705/2705/2705
f 2713/2713/2713 2716/2716/2716 2706/2706/2706
f 2649/2649/2649 2654/2654/2654 2643/2643/2643
f 2717/2717/2717 2718/2718/2718 2719/2719/2719
f 2720/2720/2720 2719/2719/2719 2718/2718/2718
f 2717/2717/2717 2721/2721/2721 2718/2718/2718
f 2722/2722/2722 2717/2717/2717 2719/2719/2719
f 2717/2717/2717 2722/2722/2722 2723/2723/2723
f 2717/2717/2717 2724/2724/2724 2721/2721/2721
f 2720/2720/2720 2722/2722/2722 2719/2719/2719
f 2723/2723/2723 2724/2724/2724 2717/2717/2717
f 2722/2722/2722 2720/2720/2720 2725/2725/2725
f 2724/2724/2724 2723/2723/2723 2726/2726/2726
f 2727/2727/2727 2728/2728/2728 2729/2729/2729
f 2726/2726/2726 2723/2723/2723 2722/2722/2722
f 2724/2724/2724 2726/2726/2726 2730/2730/2730
f 2724/2724/2724 2730/2730/2730 2731/2731/2731
f 2727/2727/2727 2724/2724/2724 2731/2731/2731
f 2732/2732/2732 2728/2728/2728 2727/2727/2727
f 2731/2731/2731 2733/2733/2733 2727/2727/2727
f 2732/2732/2732 2727/2727/2727 2733/2733/2733
f 2726/2726/2726 2722/2722/2722 2734/2734/2734
f 2726/2726/2726 2735/2735/2735 2730/2730/2730
f 2730/2730/2730 2736/2736/2736 2731/2731/2731
f 2726/2726/2726 2734/2734/2734 2737/2737/2737
f 2732/2732/2732 2733/2733/2733 2738/2738/2738
f 2738/2738/2738 2733/2733/2733 2739/2739/2739
f 2739/2739/2739 2731/2731/2731 2736/2736/2736
f 2731/2731/2731 2739/2739/2739 2733/2733/2733
f 2735/2735/2735 2740/2740/2740 2730/2730/2730
f 2740/2740/2740 2736/2736/2736 2730/2730/2730
f 2735/2735/2735 2726/2726/2726 2737/2737/2737
f 2741/2741/2741 2739/2739/2739 2736/2736/2736
f 2740/2740/2740 2735/2735/2735 2742/2742/2742
f 2740/2740/2740 2743/2743/2743 2736/2736/2736
f 2744/2744/2744 2742/2742/2742 2735/2735/2735
f 2742/2742/2742 2745/2745/2745 2740/2740/2740
f 2745/2745/2745 2746/2746/2746 2740/2740/2740
f 2746/2746/2746 2743/2743/2743 2740/2740/2740
f 2736/2736/2736 2743/2743/2743 2747/2747/2747
f 2748/2748/2748 2749/2749/2749 2750/2750/2750
f 2750/2750/2750 2746/2746/2746 2748/2748/2748
f 2751/2751/2751 2743/2743/2743 2746/2746/2746
f 2746/2746/2746 2750/2750/2750 2751/2751/2751
f 2747/2747/2747 2743/2743/2743 2752/2752/2752
f 2751/2751/2751 2752/2752/2752 2743/2743/2743
f 2749/2749/2749 2753/2753/2753 2750/2750/2750
f 2754/2754/2754 2751/2751/2751 2750/2750/2750
f 2750/2750/2750 2753/2753/2753 2755/2755/2755
f 2756/2756/2756 2751/2751/2751 2754/2754/2754
f 2756/2756/2756 2757/2757/2757 2751/2751/2751
f 2752/2752/2752 2751/2751/2751 2757/2757/2757
f 2755/2755/2755 2758/2758/2758 2750/2750/2750
f 2759/2759/2759 2755/2755/2755 2753/2753/2753
f 2757/2757/2757 2756/2756/2756 2760/2760/2760
f 2761/2761/2761 2762/2762/2762 2763/2763/2763
f 2764/2764/2764 2765/2765/2765 2766/2766/2766
f 2767/2767/2767 2765/2765/2765 2764/2764/2764
f 2758/2758/2758 2755/2755/2755 2759/2759/2759
f 2768/2768/2768 2769/2769/2769 2770/2770/2770
f 2762/2762/2762 2771/2771/2771 2763/2763/2763
f 2757/2757/2757 2760/2760/2760 2772/2772/2772
f 2753/2753/2753 2773/2773/2773 2774/2774/2774
f 2771/2771/2771 2762/2762/2762 2769/2769/2769
f 2766/2766/2766 2775/2775/2775 2770/2770/2770
f 2766/2766/2766 2776/2776/2776 2775/2775/2775
f 2765/2765/2765 2776/2776/2776 2766/2766/2766
f 2768/2768/2768 2777/2777/2777 2778/2778/2778
f 2779/2779/2779 2765/2765/2765 2767/2767/2767
f 2776/2776/2776 2780/2780/2780 2781/2781/2781
f 2782/2782/2782 2783/2783/2783 2763/2763/2763
f 2770/2770/2770 2775/2775/2775 2777/2777/2777
f 2768/2768/2768 2770/2770/2770 2777/2777/2777
f 2778/2778/2778 2769/2769/2769 2768/2768/2768
f 2769/2769/2769 2778/2778/2778 2771/2771/2771
f 2777/2777/2777 2775/2775/2775 2784/2784/2784
f 2782/2782/2782 2771/2771/2771 2778/2778/2778
f 2781/2781/2781 2775/2775/2775 2776/2776/2776
f 2782/2782/2782 2763/2763/2763 2771/2771/2771
f 2781/2781/2781 2784/2784/2784 2775/2775/2775
f 2776/2776/2776 2765/2765/2765 2780/2780/2780
f 2780/2780/2780 2765/2765/2765 2779/2779/2779
f 2779/2779/2779 2785/2785/2785 2780/2780/2780
f 2774/2774/2774 2759/2759/2759 2753/2753/2753
f 2786/2786/2786 2787/2787/2787 2788/2788/2788
f 2774/2774/2774 2773/2773/2773 2786/2786/2786
f 2759/2759/2759 2789/2789/2789 2758/2758/2758
f 2772/2772/2772 2758/2758/2758 2789/2789/2789
f 2757/2757/2757 2790/2790/2790 2752/2752/2752
f 2787/2787/2787 2791/2791/2791 2792/2792/2792
f 2793/2793/2793 2786/2786/2786 2788/2788/2788
f 2772/2772/2772 2794/2794/2794 2757/2757/2757
f 2792/2792/2792 2788/2788/2788 2787/2787/2787
f 2786/2786/2786 2793/2793/2793 2774/2774/2774
f 2795/2795/2795 2796/2796/2796 2797/2797/2797
f 2798/2798/2798 2799/2799/2799 2800/2800/2800
f 2791/2791/2791 2798/2798/2798 2801/2801/2801
f 2802/2802/2802 2796/2796/2796 2803/2803/2803
f 2757/2757/2757 2794/2794/2794 2790/2790/2790
f 2804/2804/2804 2805/2805/2805 2806/2806/2806
f 2806/2806/2806 2807/2807/2807 2804/2804/2804
f 2794/2794/2794 2772/2772/2772 2789/2789/2789
f 2802/2802/2802 2803/2803/2803 2808/2808/2808
f 2809/2809/2809 2790/2790/2790 2810/2810/2810
f 2804/2804/2804 2811/2811/2811 2805/2805/2805
f 2805/2805/2805 2800/2800/2800 2799/2799/2799
f 2812/2812/2812 2813/2813/2813 2814/2814/2814
f 2796/2796/2796 2802/2802/2802 2815/2815/2815
f 2797/2797/2797 2796/2796/2796 2815/2815/2815
f 2795/2795/2795 2797/2797/2797 2816/2816/2816
f 2800/2800/2800 2801/2801/2801 2798/2798/2798
f 2817/2817/2817 2794/2794/2794 2789/2789/2789
f 2818/2818/2818 2803/2803/2803 2796/2796/2796
f 2812/2812/2812 2808/2808/2808 2819/2819/2819
f 2812/2812/2812 2814/2814/2814 2820/2820/2820
f 2821/2821/2821 2790/2790/2790 2794/2794/2794
f 2810/2810/2810 2790/2790/2790 2821/2821/2821
f 2792/2792/2792 2791/2791/2791 2801/2801/2801
f 2774/2774/2774 2822/2822/2822 2759/2759/2759
f 2823/2823/2823 2803/2803/2803 2818/2818/2818
f 2823/2823/2823 2808/2808/2808 2803/2803/2803
f 2814/2814/2814 2824/2824/2824 2825/2825/2825
f 2813/2813/2813 2824/2824/2824 2814/2814/2814
f 2826/2826/2826 2814/2814/2814 2825/2825/2825
f 2814/2814/2814 2826/2826/2826 2820/2820/2820
f 2827/2827/2827 2796/2796/2796 2795/2795/2795
f 2828/2828/2828 2827/2827/2827 2795/2795/2795
f 2829/2829/2829 2830/2830/2830 2831/2831/2831
f 2805/2805/2805 2811/2811/2811 2800/2800/2800
f 2832/2832/2832 2801/2801/2801 2800/2800/2800
f 2789/2789/2789 2759/2759/2759 2822/2822/2822
f 2822/2822/2822 2817/2817/2817 2789/2789/2789
f 2815/2815/2815 2833/2833/2833 2797/2797/2797
f 2834/2834/2834 2788/2788/2788 2792/2792/2792
f 2788/2788/2788 2835/2835/2835 2793/2793/2793
f 2836/2836/2836 2813/2813/2813 2812/2812/2812
f 2827/2827/2827 2818/2818/2818 2796/2796/2796
f 2833/2833/2833 2812/2812/2812 2820/2820/2820
f 2817/2817/2817 2821/2821/2821 2794/2794/2794
f 2795/2795/2795 2816/2816/2816 2828/2828/2828
f 2837/2837/2837 2809/2809/2809 2838/2838/2838
f 2800/2800/2800 2811/2811/2811 2839/2839/2839
f 2819/2819/2819 2823/2823/2823 2836/2836/2836
f 2808/2808/2808 2823/2823/2823 2819/2819/2819
f 2815/2815/2815 2808/2808/2808 2812/2812/2812
f 2808/2808/2808 2815/2815/2815 2802/2802/2802
f 2833/2833/2833 2840/2840/2840 2797/2797/2797
f 2833/2833/2833 2829/2829/2829 2840/2840/2840
f 2809/2809/2809 2810/2810/2810 2841/2841/2841
f 2819/2819/2819 2836/2836/2836 2812/2812/2812
f 2833/2833/2833 2820/2820/2820 2829/2829/2829
f 2820/2820/2820 2830/2830/2830 2829/2829/2829
f 2842/2842/2842 2827/2827/2827 2828/2828/2828
f 2842/2842/2842 2821/2821/2821 2817/2817/2817
f 2841/2841/2841 2810/2810/2810 2821/2821/2821
f 2838/2838/2838 2809/2809/2809 2841/2841/2841
f 2831/2831/2831 2830/2830/2830 2843/2843/2843
f 2831/2831/2831 2844/2844/2844 2829/2829/2829
f 2797/2797/2797 2840/2840/2840 2816/2816/2816
f 2804/2804/2804 2845/2845/2845 2811/2811/2811
f 2804/2804/2804 2807/2807/2807 2846/2846/2846
f 2788/2788/2788 2834/2834/2834 2835/2835/2835
f 2793/2793/2793 2822/2822/2822 2774/2774/2774
f 2847/2847/2847 2793/2793/2793 2835/2835/2835
f 2836/2836/2836 2823/2823/2823 2835/2835/2835
f 2835/2835/2835 2823/2823/2823 2818/2818/2818
f 2807/2807/2807 2848/2848/2848 2846/2846/2846
f 2792/2792/2792 2801/2801/2801 2849/2849/2849
f 2834/2834/2834 2850/2850/2850 2836/2836/2836
f 2834/2834/2834 2836/2836/2836 2835/2835/2835
f 2847/2847/2847 2822/2822/2822 2793/2793/2793
f 2850/2850/2850 2824/2824/2824 2813/2813/2813
f 2835/2835/2835 2818/2818/2818 2847/2847/2847
f 2847/2847/2847 2817/2817/2817 2822/2822/2822
f 2825/2825/2825 2851/2851/2851 2826/2826/2826
f 2818/2818/2818 2827/2827/2827 2847/2847/2847
f 2847/2847/2847 2842/2842/2842 2817/2817/2817
f 2827/2827/2827 2842/2842/2842 2847/2847/2847
f 2840/2840/2840 2829/2829/2829 2844/2844/2844
f 2844/2844/2844 2852/2852/2852 2840/2840/2840
f 2840/2840/2840 2852/2852/2852 2816/2816/2816
f 2853/2853/2853 2854/2854/2854 2855/2855/2855
f 2842/2842/2842 2841/2841/2841 2821/2821/2821
f 2856/2856/2856 2857/2857/2857 2858/2858/2858
f 2851/2851/2851 2825/2825/2825 2824/2824/2824
f 2831/2831/2831 2843/2843/2843 2844/2844/2844
f 2816/2816/2816 2859/2859/2859 2828/2828/2828
f 2842/2842/2842 2860/2860/2860 2841/2841/2841
f 2852/2852/2852 2844/2844/2844 2858/2858/2858
f 2844/2844/2844 2861/2861/2861 2858/2858/2858
f 2841/2841/2841 2860/2860/2860 2838/2838/2838
f 2860/2860/2860 2857/2857/2857 2838/2838/2838
f 2858/2858/2858 2857/2857/2857 2860/2860/2860
f 2861/2861/2861 2856/2856/2856 2858/2858/2858
f 2861/2861/2861 2862/2862/2862 2856/2856/2856
f 2804/2804/2804 2846/2846/2846 2845/2845/2845
f 2800/2800/2800 2839/2839/2839 2832/2832/2832
f 2848/2848/2848 2863/2863/2863 2846/2846/2846
f 2824/2824/2824 2850/2850/2850 2851/2851/2851
f 2816/2816/2816 2852/2852/2852 2859/2859/2859
f 2828/2828/2828 2860/2860/2860 2842/2842/2842
f 2828/2828/2828 2859/2859/2859 2860/2860/2860
f 2852/2852/2852 2858/2858/2858 2859/2859/2859
f 2859/2859/2859 2858/2858/2858 2860/2860/2860
f 2861/2861/2861 2844/2844/2844 2864/2864/2864
f 2865/2865/2865 2866/2866/2866 2867/2867/2867
f 2868/2868/2868 2845/2845/2845 2846/2846/2846
f 2839/2839/2839 2811/2811/2811 2845/2845/2845
f 2845/2845/2845 2868/2868/2868 2839/2839/2839
f 2868/2868/2868 2869/2869/2869 2839/2839/2839
f 2839/2839/2839 2869/2869/2869 2832/2832/2832
f 2868/2868/2868 2846/2846/2846 2863/2863/2863
f 2849/2849/2849 2832/2832/2832 2870/2870/2870
f 2801/2801/2801 2832/2832/2832 2849/2849/2849
f 2869/2869/2869 2870/2870/2870 2832/2832/2832
f 2834/2834/2834 2792/2792/2792 2849/2849/2849
f 2834/2834/2834 2849/2849/2849 2850/2850/2850
f 2863/2863/2863 2871/2871/2871 2868/2868/2868
f 2870/2870/2870 2850/2850/2850 2849/2849/2849
f 2868/2868/2868 2872/2872/2872 2869/2869/2869
f 2871/2871/2871 2872/2872/2872 2868/2868/2868
f 2850/2850/2850 2870/2870/2870 2851/2851/2851
f 2872/2872/2872 2873/2873/2873 2874/2874/2874
f 2871/2871/2871 2873/2873/2873 2872/2872/2872
f 2870/2870/2870 2869/2869/2869 2875/2875/2875
f 2870/2870/2870 2830/2830/2830 2851/2851/2851
f 2875/2875/2875 2830/2830/2830 2870/2870/2870
f 2873/2873/2873 2871/2871/2871 2853/2853/2853
f 2876/2876/2876 2826/2826/2826 2851/2851/2851
f 2843/2843/2843 2830/2830/2830 2875/2875/2875
f 2830/2830/2830 2876/2876/2876 2851/2851/2851
f 2820/2820/2820 2826/2826/2826 2876/2876/2876
f 2873/2873/2873 2877/2877/2877 2874/2874/2874
f 2875/2875/2875 2864/2864/2864 2843/2843/2843
f 2878/2878/2878 2877/2877/2877 2873/2873/2873
f 2853/2853/2853 2878/2878/2878 2873/2873/2873
f 2844/2844/2844 2843/2843/2843 2864/2864/2864
f 2853/2853/2853 2855/2855/2855 2878/2878/2878
f 2878/2878/2878 2879/2879/2879 2877/2877/2877
f 2855/2855/2855 2880/2880/2880 2878/2878/2878
f 2877/2877/2877 2879/2879/2879 2864/2864/2864
f 2880/2880/2880 2879/2879/2879 2878/2878/2878
f 2879/2879/2879 2881/2881/2881 2864/2864/2864
f 2880/2880/2880 2882/2882/2882 2879/2879/2879
f 2879/2879/2879 2882/2882/2882 2881/2881/2881
f 2881/2881/2881 2861/2861/2861 2864/2864/2864
f 2867/2867/2867 2866/2866/2866 2880/2880/2880
f 2880/2880/2880 2866/2866/2866 2882/2882/2882
f 2861/2861/2861 2883/2883/2883 2862/2862/2862
f 2881/2881/2881 2883/2883/2883 2861/2861/2861
f 2882/2882/2882 2884/2884/2884 2881/2881/2881
f 2865/2865/2865 2885/2885/2885 2866/2866/2866
f 2881/2881/2881 2884/2884/2884 2883/2883/2883
f 2882/2882/2882 2866/2866/2866 2886/2886/2886
f 2887/2887/2887 2884/2884/2884 2882/2882/2882
f 2882/2882/2882 2886/2886/2886 2887/2887/2887
f 2885/2885/2885 2886/2886/2886 2866/2866/2866
f 2872/2872/2872 2874/2874/2874 2869/2869/2869
f 2874/2874/2874 2875/2875/2875 2869/2869/2869
f 2875/2875/2875 2874/2874/2874 2877/2877/2877
f 2877/2877/2877 2864/2864/2864 2875/2875/2875
f 2855/2855/2855 2867/2867/2867 2880/2880/2880
f 2754/2754/2754 2750/2750/2750 2758/2758/2758
f 2815/2815/2815 2812/2812/2812 2833/2833/2833
f 2850/2850/2850 2813/2813/2813 2836/2836/2836
f 2888/2888/2888 2889/2889/2889 2890/2890/2890
f 2891/2891/2891 2889/2889/2889 2888/2888/2888
f 2892/2892/2892 2893/2893/2893 2888/2888/2888
f 2888/2888/2888 2893/2893/2893 2891/2891/2891
f 2894/2894/2894 2891/2891/2891 2893/2893/2893
f 2894/2894/2894 2893/2893/2893 2895/2895/2895
f 2896/2896/2896 2894/2894/2894 2895/2895/2895
f 2896/2896/2896 2895/2895/2895 2897/2897/2897
f 2894/2894/2894 2896/2896/2896 2898/2898/2898
f 2899/2899/2899 2896/2896/2896 2897/2897/2897
f 2900/2900/2900 2899/2899/2899 2897/2897/2897
f 2900/2900/2900 2901/2901/2901 2899/2899/2899
f 2902/2902/2902 2898/2898/2898 2899/2899/2899
f 2901/2901/2901 2902/2902/2902 2899/2899/2899
f 2896/2896/2896 2899/2899/2899 2898/2898/2898
f 2903/2903/2903 2904/2904/2904 2905/2905/2905
f 2906/2906/2906 2907/2907/2907 2908/2908/2908
f 2909/2909/2909 2910/2910/2910 2911/2911/2911
f 2910/2910/2910 2909/2909/2909 2912/2912/2912
f 2913/2913/2913 2912/2912/2912 2914/2914/2914
f 2912/2912/2912 2915/2915/2915 2910/2910/2910
f 2907/2907/2907 2913/2913/2913 2916/2916/2916
f 2917/2917/2917 2918/2918/2918 2919/2919/2919
f 2916/2916/2916 2908/2908/2908 2907/2907/2907
f 2920/2920/2920 2919/2919/2919 2918/2918/2918
f 2921/2921/2921 2920/2920/2920 2910/2910/2910
f 2910/2910/2910 2915/2915/2915 2921/2921/2921
f 2912/2912/2912 2913/2913/2913 2915/2915/2915
f 2922/2922/2922 2919/2919/2919 2920/2920/2920
f 2914/2914/2914 2912/2912/2912 2909/2909/2909
f 2918/2918/2918 2910/2910/2910 2920/2920/2920
f 2911/2911/2911 2910/2910/2910 2918/2918/2918
f 2915/2915/2915 2913/2913/2913 2907/2907/2907
f 2920/2920/2920 2921/2921/2921 2922/2922/2922
f 2913/2913/2913 2914/2914/2914 2916/2916/2916
f 2923/2923/2923 2907/2907/2907 2906/2906/2906
f 2924/2924/2924 2925/2925/2925 2926/2926/2926
f 2927/2927/2927 2928/2928/2928 2929/2929/2929
f 2927/2927/2927 2929/2929/2929 2930/2930/2930
f 2929/2929/2929 2931/2931/2931 2930/2930/2930
f 2932/2932/2932 2933/2933/2933 2925/2925/2925
f 2925/2925/2925 2933/2933/2933 2926/2926/2926
f 2934/2934/2934 2924/2924/2924 2926/2926/2926
f 2931/2931/2931 2935/2935/2935 2936/2936/2936
f 2930/2930/2930 2931/2931/2931 2936/2936/2936
f 2928/2928/2928 2927/2927/2927 2932/2932/2932
f 2927/2927/2927 2930/2930/2930 2937/2937/2937
f 2935/2935/2935 2938/2938/2938 2936/2936/2936
f 2939/2939/2939 2934/2934/2934 2926/2926/2926
f 2939/2939/2939 2926/2926/2926 2933/2933/2933
f 2937/2937/2937 2930/2930/2930 2936/2936/2936
f 2940/2940/2940 2933/2933/2933 2932/2932/2932
f 2932/2932/2932 2927/2927/2927 2940/2940/2940
f 2939/2939/2939 2933/2933/2933 2940/2940/2940
f 2927/2927/2927 2937/2937/2937 2940/2940/2940
f 2939/2939/2939 2941/2941/2941 2934/2934/2934
f 2938/2938/2938 2942/2942/2942 2936/2936/2936
f 2941/2941/2941 2939/2939/2939 2940/2940/2940
f 2936/2936/2936 2943/2943/2943 2937/2937/2937
f 2942/2942/2942 2938/2938/2938 2944/2944/2944
f 2943/2943/2943 2936/2936/2936 2942/2942/2942
f 2925/2925/2925 2928/2928/2928 2932/2932/2932
f 2945/2945/2945 2946/2946/2946 2947/2947/2947
f 2946/2946/2946 2945/2945/2945 2948/2948/2948
f 2949/2949/2949 2945/2945/2945 2950/2950/2950
f 2951/2951/2951 2952/2952/2952 2953/2953/2953
f 2945/2945/2945 2954/2954/2954 2950/2950/2950
f 2954/2954/2954 2945/2945/2945 2947/2947/2947
f 2955/2955/2955 2953/2953/2953 2956/2956/2956
f 2956/2956/2956 2957/2957/2957 2955/2955/2955
f 2953/2953/2953 2952/2952/2952 2956/2956/2956
f 2947/2947/2947 2955/2955/2955 2957/2957/2957
f 2952/2952/2952 2951/2951/2951 2958/2958/2958
f 2957/2957/2957 2954/2954/2954 2947/2947/2947
f 2959/2959/2959 2957/2957/2957 2956/2956/2956
f 2952/2952/2952 2959/2959/2959 2956/2956/2956
f 2952/2952/2952 2958/2958/2958 2960/2960/2960
f 2961/2961/2961 2954/2954/2954 2957/2957/2957
f 2957/2957/2957 2959/2959/2959 2962/2962/2962
f 2962/2962/2962 2961/2961/2961 2957/2957/2957
f 2960/2960/2960 2959/2959/2959 2952/2952/2952
f 2948/2948/2948 2945/2945/2945 2949/2949/2949
f 2949/2949/2949 2950/2950/2950 2963/2963/2963
f 2964/2964/2964 2965/2965/2965 2966/2966/2966
f 2967/2967/2967 2968/2968/2968 2969/2969/2969
f 2970/2970/2970 2965/2965/2965 2964/2964/2964
f 2965/2965/2965 2971/2971/2971 2968/2968/2968
f 2971/2971/2971 2965/2965/2965 2970/2970/2970
f 2969/2969/2969 2968/2968/2968 2971/2971/2971
f 2969/2969/2969 2972/2972/2972 2967/2967/2967
f 2964/2964/2964 2973/2973/2973 2974/2974/2974
f 2975/2975/2975 2969/2969/2969 2971/2971/2971
f 2975/2975/2975 2972/2972/2972 2969/2969/2969
f 2964/2964/2964 2974/2974/2974 2976/2976/2976
f 2977/2977/2977 2971/2971/2971 2970/2970/2970
f 2976/2976/2976 2977/2977/2977 2970/2970/2970
f 2976/2976/2976 2970/2970/2970 2964/2964/2964
f 2978/2978/2978 2979/2979/2979 2980/2980/2980
f 2981/2981/2981 2982/2982/2982 2983/2983/2983
f 2984/2984/2984 2980/2980/2980 2985/2985/2985
f 2986/2986/2986 2987/2987/2987 2984/2984/2984
f 2988/2988/2988 2989/2989/2989 2983/2983/2983
f 2983/2983/2983 2989/2989/2989 2990/2990/2990
f 2987/2987/2987 2986/2986/2986 2991/2991/2991
f 2979/2979/2979 2982/2982/2982 2981/2981/2981
f 2991/2991/2991 2986/2986/2986 2992/2992/2992
f 2978/2978/2978 2982/2982/2982 2979/2979/2979
f 2984/2984/2984 2978/2978/2978 2980/2980/2980
f 2982/2982/2982 2993/2993/2993 2983/2983/2983
f 2983/2983/2983 2993/2993/2993 2988/2988/2988
f 2994/2994/2994 2987/2987/2987 2991/2991/2991
f 2995/2995/2995 2979/2979/2979 2981/2981/2981
f 2995/2995/2995 2981/2981/2981 2983/2983/2983
f 2986/2986/2986 2984/2984/2984 2985/2985/2985
f 2990/2990/2990 2995/2995/2995 2983/2983/2983
f 2984/2984/2984 2996/2996/2996 2978/2978/2978
f 2984/2984/2984 2987/2987/2987 2996/2996/2996
f 2994/2994/2994 2997/2997/2997 2987/2987/2987
f 2994/2994/2994 2991/2991/2991 2998/2998/2998
f 2982/2982/2982 2978/2978/2978 2999/2999/2999
f 2993/2993/2993 2982/2982/2982 2999/2999/2999
f 2996/2996/2996 3000/3000/3000 2978/2978/2978
f 2987/2987/2987 2997/2997/2997 2996/2996/2996
f 2978/2978/2978 3000/3000/3000 2999/2999/2999
f 2996/2996/2996 2997/2997/2997 3000/3000/3000
f 2989/2989/2989 2988/2988/2988 3001/3001/3001
f 3002/3002/3002 3003/3003/3003 3004/3004/3004
f 3005/3005/3005 3006/3006/3006 3007/3007/3007
f 3008/3008/3008 3003/3003/3003 3002/3002/3002
f 3002/3002/3002 3009/3009/3009 3010/3010/3010
f 3002/3002/3002 3010/3010/3010 3011/3011/3011
f 3012/3012/3012 3005/3005/3005 3013/3013/3013
f 3010/3010/3010 3012/3012/3012 3013/3013/3013
f 3011/3011/3011 3008/3008/3008 3002/3002/3002
f 3006/3006/3006 3005/3005/3005 3012/3012/3012
f 3014/3014/3014 3013/3013/3013 3005/3005/3005
f 3015/3015/3015 3005/3005/3005 3007/3007/3007
f 3010/3010/3010 3013/3013/3013 3016/3016/3016
f 3008/3008/3008 3017/3017/3017 3003/3003/3003
f 3017/3017/3017 3018/3018/3018 3003/3003/3003
f 3010/3010/3010 3019/3019/3019 3012/3012/3012
f 3008/3008/3008 3011/3011/3011 3017/3017/3017
f 3010/3010/3010 3016/3016/3016 3011/3011/3011
f 3013/3013/3013 3020/3020/3020 3016/3016/3016
f 3013/3013/3013 3014/3014/3014 3020/3020/3020
f 3019/3019/3019 3010/3010/3010 3009/3009/3009
f 3021/3021/3021 3022/3022/3022 3023/3023/3023
f 3024/3024/3024 3025/3025/3025 3026/3026/3026
f 3027/3027/3027 3028/3028/3028 3023/3023/3023
f 3029/3029/3029 3027/3027/3027 3025/3025/3025
f 3021/3021/3021 3030/3030/3030 3022/3022/3022
f 3025/3025/3025 3024/3024/3024 3031/3031/3031
f 3030/3030/3030 3021/3021/3021 3032/3032/3032
f 3032/3032/3032 3033/3033/3033 3030/3030/3030
f 3028/3028/3028 3027/3027/3027 3029/3029/3029
f 3033/3033/3033 3032/3032/3032 3034/3034/3034
f 3031/3031/3031 3029/3029/3029 3025/3025/3025
f 3033/3033/3033 3035/3035/3035 3036/3036/3036
f 3028/3028/3028 3021/3021/3021 3023/3023/3023
f 3035/3035/3035 3037/3037/3037 3036/3036/3036
f 3038/3038/3038 3021/3021/3021 3028/3028/3028
f 3034/3034/3034 3035/3035/3035 3033/3033/3033
f 3021/3021/3021 3038/3038/3038 3032/3032/3032
f 3039/3039/3039 3038/3038/3038 3028/3028/3028
f 3028/3028/3028 3029/3029/3029 3040/3040/3040
f 3039/3039/3039 3028/3028/3028 3040/3040/3040
f 3029/3029/3029 3031/3031/3031 3040/3040/3040
f 3041/3041/3041 3042/3042/3042 3043/3043/3043
f 3044/3044/3044 3045/3045/3045 3046/3046/3046
f 3046/3046/3046 3047/3047/3047 3048/3048/3048
f 3045/3045/3045 3044/3044/3044 3049/3049/3049
f 3046/3046/3046 3045/3045/3045 3047/3047/3047
f 3049/3049/3049 3050/3050/3050 3045/3045/3045
f 3043/3043/3043 3051/3051/3051 3041/3041/3041
f 3052/3052/3052 3048/3048/3048 3047/3047/3047
f 3051/3051/3051 3043/3043/3043 3053/3053/3053
f 3049/3049/3049 3054/3054/3054 3050/3050/3050
f 3045/3045/3045 3050/3050/3050 3055/3055/3055
f 3045/3045/3045 3055/3055/3055 3047/3047/3047
f 3047/3047/3047 3055/3055/3055 3052/3052/3052
f 3048/3048/3048 3052/3052/3052 3056/3056/3056
f 3056/3056/3056 3053/3053/3053 3048/3048/3048
f 3053/3053/3053 3057/3057/3057 3051/3051/3051
f 3053/3053/3053 3056/3056/3056 3057/3057/3057
f 3058/3058/3058 3059/3059/3059 3060/3060/3060
f 3061/3061/3061 3062/3062/3062 3063/3063/3063
f 3064/3064/3064 3065/3065/3065 3066/3066/3066
f 3066/3066/3066 3067/3067/3067 3068/3068/3068
f 3069/3069/3069 3070/3070/3070 3067/3067/3067
f 3069/3069/3069 3061/3061/3061 3070/3070/3070
f 3071/3071/3071 3061/3061/3061 3063/3063/3063
f 3071/3071/3071 3063/3063/3063 3072/3072/3072
f 3073/3073/3073 3071/3071/3071 3072/3072/3072
f 3073/3073/3073 3072/3072/3072 3074/3074/3074
f 3066/3066/3066 3068/3068/3068 3064/3064/3064
f 3064/3064/3064 3075/3075/3075 3065/3065/3065
f 3074/3074/3074 3076/3076/3076 3073/3073/3073
f 3068/3068/3068 3067/3067/3067 3070/3070/3070
f 3061/3061/3061 3071/3071/3071 3070/3070/3070
f 3073/3073/3073 3076/3076/3076 3077/3077/3077
f 3071/3071/3071 3073/3073/3073 3078/3078/3078
f 3073/3073/3073 3077/3077/3077 3079/3079/3079
f 3064/3064/3064 3068/3068/3068 3080/3080/3080
f 3081/3081/3081 3068/3068/3068 3070/3070/3070
f 3064/3064/3064 3082/3082/3082 3075/3075/3075
f 3078/3078/3078 3073/3073/3073 3079/3079/3079
f 3068/3068/3068 3081/3081/3081 3080/3080/3080
f 3076/3076/3076 3083/3083/3083 3077/3077/3077
f 3070/3070/3070 3071/3071/3071 3081/3081/3081
f 3082/3082/3082 3064/3064/3064 3080/3080/3080
f 3071/3071/3071 3078/3078/3078 3084/3084/3084
f 3078/3078/3078 3079/3079/3079 3084/3084/3084
f 3077/3077/3077 3083/3083/3083 3079/3079/3079
f 3083/3083/3083 3085/3085/3085 3079/3079/3079
f 3082/3082/3082 3080/3080/3080 3086/3086/3086
f 3081/3081/3081 3071/3071/3071 3087/3087/3087
f 3079/3079/3079 3085/3085/3085 3088/3088/3088
f 3071/3071/3071 3084/3084/3084 3087/3087/3087
f 3080/3080/3080 3081/3081/3081 3089/3089/3089
f 3088/3088/3088 3084/3084/3084 3079/3079/3079
f 3089/3089/3089 3086/3086/3086 3080/3080/3080
f 3089/3089/3089 3081/3081/3081 3090/3090/3090
f 3090/3090/3090 3081/3081/3081 3091/3091/3091
f 3091/3091/3091 3081/3081/3081 3092/3092/3092
f 3093/3093/3093 3088/3088/3088 3085/3085/3085
f 3081/3081/3081 3087/3087/3087 3092/3092/3092
f 3090/3090/3090 3094/3094/3094 3089/3089/3089
f 3095/3095/3095 3089/3089/3089 3094/3094/3094
f 3091/3091/3091 3096/3096/3096 3090/3090/3090
f 3084/3084/3084 3088/3088/3088 3097/3097/3097
f 3095/3095/3095 3086/3086/3086 3089/3089/3089
f 3094/3094/3094 3090/3090/3090 3096/3096/3096
f 3095/3095/3095 3094/3094/3094 3098/3098/3098
f 3094/3094/3094 3096/3096/3096 3098/3098/3098
f 3097/3097/3097 3099/3099/3099 3084/3084/3084
f 3087/3087/3087 3084/3084/3084 3099/3099/3099
f 3096/3096/3096 3091/3091/3091 3098/3098/3098
f 3086/3086/3086 3095/3095/3095 3100/3100/3100
f 3086/3086/3086 3100/3100/3100 3101/3101/3101
f 3102/3102/3102 3099/3099/3099 3097/3097/3097
f 3095/3095/3095 3103/3103/3103 3100/3100/3100
f 3103/3103/3103 3095/3095/3095 3098/3098/3098
f 3091/3091/3091 3103/3103/3103 3098/3098/3098
f 3104/3104/3104 3102/3102/3102 3088/3088/3088
f 3088/3088/3088 3093/3093/3093 3104/3104/3104
f 3102/3102/3102 3097/3097/3097 3088/3088/3088
f 3091/3091/3091 3092/3092/3092 3103/3103/3103
f 3105/3105/3105 3087/3087/3087 3099/3099/3099
f 3092/3092/3092 3106/3106/3106 3103/3103/3103
f 3104/3104/3104 3093/3093/3093 3107/3107/3107
f 3102/3102/3102 3104/3104/3104 3108/3108/3108
f 3102/3102/3102 3108/3108/3108 3099/3099/3099
f 3092/3092/3092 3087/3087/3087 3109/3109/3109
f 3099/3099/3099 3108/3108/3108 3105/3105/3105
f 3092/3092/3092 3109/3109/3109 3110/3110/3110
f 3092/3092/3092 3110/3110/3110 3106/3106/3106
f 3103/3103/3103 3111/3111/3111 3100/3100/3100
f 3087/3087/3087 3105/3105/3105 3112/3112/3112
f 3087/3087/3087 3112/3112/3112 3109/3109/3109
f 3104/3104/3104 3107/3107/3107 3108/3108/3108
f 3111/3111/3111 3103/3103/3103 3113/3113/3113
f 3113/3113/3113 3103/3103/3103 3106/3106/3106
f 3108/3108/3108 3107/3107/3107 3114/3114/3114
f 3115/3115/3115 3110/3110/3110 3109/3109/3109
f 3110/3110/3110 3115/3115/3115 3106/3106/3106
f 3115/3115/3115 3109/3109/3109 3112/3112/3112
f 3113/3113/3113 3106/3106/3106 3116/3116/3116
f 3106/3106/3106 3115/3115/3115 3116/3116/3116
f 3117/3117/3117 3111/3111/3111 3113/3113/3113
f 3105/3105/3105 3108/3108/3108 3118/3118/3118
f 3118/3118/3118 3108/3108/3108 3114/3114/3114
f 3112/3112/3112 3105/3105/3105 3119/3119/3119
f 3115/3115/3115 3112/3112/3112 3119/3119/3119
f 3113/3113/3113 3116/3116/3116 3120/3120/3120
f 3105/3105/3105 3118/3118/3118 3119/3119/3119
f 3117/3117/3117 3113/3113/3113 3121/3121/3121
f 3121/3121/3121 3113/3113/3113 3120/3120/3120
f 3116/3116/3116 3115/3115/3115 3119/3119/3119
f 3118/3118/3118 3114/3114/3114 3122/3122/3122
f 3114/3114/3114 3123/3123/3123 3122/3122/3122
f 3124/3124/3124 3122/3122/3122 3123/3123/3123
f 3119/3119/3119 3125/3125/3125 3116/3116/3116
f 3118/3118/3118 3122/3122/3122 3126/3126/3126
f 3124/3124/3124 3123/3123/3123 3127/3127/3127
f 3117/3117/3117 3121/3121/3121 3128/3128/3128
f 3125/3125/3125 3119/3119/3119 3118/3118/3118
f 3124/3124/3124 3126/3126/3126 3122/3122/3122
f 3120/3120/3120 3129/3129/3129 3121/3121/3121
f 3116/3116/3116 3130/3130/3130 3120/3120/3120
f 3116/3116/3116 3125/3125/3125 3130/3130/3130
f 3126/3126/3126 3124/3124/3124 3131/3131/3131
f 3132/3132/3132 3127/3127/3127 3123/3123/3123
f 3131/3131/3131 3124/3124/3124 3127/3127/3127
f 3133/3133/3133 3129/3129/3129 3120/3120/3120
f 3128/3128/3128 3121/3121/3121 3134/3134/3134
f 3135/3135/3135 3134/3134/3134 3121/3121/3121
f 3130/3130/3130 3125/3125/3125 3136/3136/3136
f 3129/3129/3129 3137/3137/3137 3121/3121/3121
f 3121/3121/3121 3137/3137/3137 3135/3135/3135
f 3133/3133/3133 3137/3137/3137 3129/3129/3129
f 3125/3125/3125 3118/3118/3118 3136/3136/3136
f 3133/3133/3133 3120/3120/3120 3130/3130/3130
f 3138/3138/3138 3118/3118/3118 3126/3126/3126
f 3118/3118/3118 3138/3138/3138 3136/3136/3136
f 3139/3139/3139 3131/3131/3131 3127/3127/3127
f 3131/3131/3131 3139/3139/3139 3126/3126/3126
f 3140/3140/3140 3133/3133/3133 3130/3130/3130
f 3132/3132/3132 3139/3139/3139 3127/3127/3127
f 3141/3141/3141 3135/3135/3135 3137/3137/3137
f 3134/3134/3134 3135/3135/3135 3141/3141/3141
f 3136/3136/3136 3142/3142/3142 3130/3130/3130
f 3139/3139/3139 3132/3132/3132 3143/3143/3143
f 3136/3136/3136 3138/3138/3138 3142/3142/3142
f 3137/3137/3137 3133/3133/3133 3140/3140/3140
f 3126/3126/3126 3139/3139/3139 3144/3144/3144
f 3141/3141/3141 3145/3145/3145 3134/3134/3134
f 3143/3143/3143 3132/3132/3132 3146/3146/3146
f 3126/3126/3126 3144/3144/3144 3147/3147/3147
f 3130/3130/3130 3148/3148/3148 3140/3140/3140
f 3138/3138/3138 3126/3126/3126 3147/3147/3147
f 3149/3149/3149 3137/3137/3137 3140/3140/3140
f 3143/3143/3143 3144/3144/3144 3139/3139/3139
f 3142/3142/3142 3138/3138/3138 3150/3150/3150
f 3151/3151/3151 3141/3141/3141 3137/3137/3137
f 3137/3137/3137 3149/3149/3149 3151/3151/3151
f 3141/3141/3141 3151/3151/3151 3145/3145/3145
f 3138/3138/3138 3147/3147/3147 3150/3150/3150
f 3146/3146/3146 3152/3152/3152 3143/3143/3143
f 3148/3148/3148 3130/3130/3130 3142/3142/3142
f 3152/3152/3152 3146/3146/3146 3153/3153/3153
f 3147/3147/3147 3144/3144/3144 3154/3154/3154
f 3142/3142/3142 3150/3150/3150 3155/3155/3155
f 3156/3156/3156 3145/3145/3145 3151/3151/3151
f 3144/3144/3144 3143/3143/3143 3154/3154/3154
f 3147/3147/3147 3154/3154/3154 3150/3150/3150
f 3157/3157/3157 3152/3152/3152 3153/3153/3153
f 3148/3148/3148 3142/3142/3142 3158/3158/3158
f 3149/3149/3149 3140/3140/3140 3148/3148/3148
f 3142/3142/3142 3155/3155/3155 3158/3158/3158
f 3152/3152/3152 3154/3154/3154 3143/3143/3143
f 3151/3151/3151 3149/3149/3149 3156/3156/3156
f 3156/3156/3156 3149/3149/3149 3159/3159/3159
f 3149/3149/3149 3148/3148/3148 3159/3159/3159
f 3150/3150/3150 3154/3154/3154 3160/3160/3160
f 3152/3152/3152 3157/3157/3157 3154/3154/3154
f 3148/3148/3148 3158/3158/3158 3161/3161/3161
f 3148/3148/3148 3161/3161/3161 3159/3159/3159
f 3156/3156/3156 3159/3159/3159 3162/3162/3162
f 3157/3157/3157 3153/3153/3153 3163/3163/3163
f 3155/3155/3155 3150/3150/3150 3160/3160/3160
f 3164/3164/3164 3154/3154/3154 3157/3157/3157
f 3164/3164/3164 3157/3157/3157 3163/3163/3163
f 3165/3165/3165 3160/3160/3160 3154/3154/3154
f 3154/3154/3154 3164/3164/3164 3165/3165/3165
f 3162/3162/3162 3159/3159/3159 3166/3166/3166
f 3155/3155/3155 3160/3160/3160 3167/3167/3167
f 3158/3158/3158 3155/3155/3155 3168/3168/3168
f 3161/3161/3161 3158/3158/3158 3168/3168/3168
f 3166/3166/3166 3169/3169/3169 3162/3162/3162
f 3160/3160/3160 3165/3165/3165 3167/3167/3167
f 3159/3159/3159 3161/3161/3161 3166/3166/3166
f 3155/3155/3155 3167/3167/3167 3170/3170/3170
f 3155/3155/3155 3170/3170/3170 3168/3168/3168
f 3167/3167/3167 3165/3165/3165 3171/3171/3171
f 3169/3169/3169 3166/3166/3166 3172/3172/3172
f 3165/3165/3165 3164/3164/3164 3171/3171/3171
f 3166/3166/3166 3161/3161/3161 3173/3173/3173
f 3161/3161/3161 3168/3168/3168 3173/3173/3173
f 3171/3171/3171 3164/3164/3164 3174/3174/3174
f 3166/3166/3166 3173/3173/3173 3172/3172/3172
f 3175/3175/3175 3169/3169/3169 3176/3176/3176
f 3172/3172/3172 3176/3176/3176 3169/3169/3169
f 3167/3167/3167 3171/3171/3171 3177/3177/3177
f 3170/3170/3170 3167/3167/3167 3177/3177/3177
f 3173/3173/3173 3168/3168/3168 3178/3178/3178
f 3171/3171/3171 3174/3174/3174 3179/3179/3179
f 3172/3172/3172 3173/3173/3173 3180/3180/3180
f 3168/3168/3168 3170/3170/3170 3178/3178/3178
f 3180/3180/3180 3173/3173/3173 3181/3181/3181
f 3170/3170/3170 3177/3177/3177 3182/3182/3182
f 3173/3173/3173 3178/3178/3178 3181/3181/3181
f 3178/3178/3178 3170/3170/3170 3182/3182/3182
f 3179/3179/3179 3174/3174/3174 3183/3183/3183
f 3172/3172/3172 3180/3180/3180 3176/3176/3176
f 3177/3177/3177 3171/3171/3171 3179/3179/3179
f 3177/3177/3177 3179/3179/3179 3184/3184/3184
f 3181/3181/3181 3178/3178/3178 3185/3185/3185
f 3176/3176/3176 3180/3180/3180 3186/3186/3186
f 3180/3180/3180 3187/3187/3187 3186/3186/3186
f 3179/3179/3179 3183/3183/3183 3188/3188/3188
f 3178/3178/3178 3182/3182/3182 3185/3185/3185
f 3186/3186/3186 3189/3189/3189 3176/3176/3176
f 3182/3182/3182 3177/3177/3177 3190/3190/3190
f 3177/3177/3177 3184/3184/3184 3190/3190/3190
f 3191/3191/3191 3189/3189/3189 3186/3186/3186
f 3180/3180/3180 3181/3181/3181 3192/3192/3192
f 3187/3187/3187 3180/3180/3180 3192/3192/3192
f 3185/3185/3185 3182/3182/3182 3193/3193/3193
f 3190/3190/3190 3193/3193/3193 3182/3182/3182
f 3181/3181/3181 3185/3185/3185 3194/3194/3194
f 3184/3184/3184 3179/3179/3179 3195/3195/3195
f 3179/3179/3179 3188/3188/3188 3195/3195/3195
f 3192/3192/3192 3181/3181/3181 3194/3194/3194
f 3186/3186/3186 3187/3187/3187 3196/3196/3196
f 3187/3187/3187 3192/3192/3192 3196/3196/3196
f 3185/3185/3185 3193/3193/3193 3197/3197/3197
f 3198/3198/3198 3191/3191/3191 3186/3186/3186
f 3185/3185/3185 3197/3197/3197 3194/3194/3194
f 3195/3195/3195 3188/3188/3188 3199/3199/3199
f 3193/3193/3193 3190/3190/3190 3200/3200/3200
f 3190/3190/3190 3184/3184/3184 3201/3201/3201
f 3195/3195/3195 3201/3201/3201 3184/3184/3184
f 3198/3198/3198 3186/3186/3186 3196/3196/3196
f 3195/3195/3195 3202/3202/3202 3201/3201/3201
f 3198/3198/3198 3196/3196/3196 3203/3203/3203
f 3197/3197/3197 3193/3193/3193 3200/3200/3200
f 3204/3204/3204 3195/3195/3195 3199/3199/3199
f 3205/3205/3205 3199/3199/3199 3188/3188/3188
f 3198/3198/3198 3206/3206/3206 3207/3207/3207
f 3200/3200/3200 3190/3190/3190 3201/3201/3201
f 3204/3204/3204 3202/3202/3202 3195/3195/3195
f 3192/3192/3192 3208/3208/3208 3196/3196/3196
f 3192/3192/3192 3194/3194/3194 3208/3208/3208
f 3201/3201/3201 3202/3202/3202 3209/3209/3209
f 3203/3203/3203 3196/3196/3196 3210/3210/3210
f 3194/3194/3194 3197/3197/3197 3211/3211/3211
f 3202/3202/3202 3204/3204/3204 3209/3209/3209
f 3208/3208/3208 3194/3194/3194 3211/3211/3211
f 3212/3212/3212 3199/3199/3199 3205/3205/3205
f 3205/3205/3205 3213/3213/3213 3212/3212/3212
f 3210/3210/3210 3196/3196/3196 3214/3214/3214
f 3196/3196/3196 3208/3208/3208 3214/3214/3214
f 3198/3198/3198 3210/3210/3210 3215/3215/3215
f 3216/3216/3216 3211/3211/3211 3197/3197/3197
f 3197/3197/3197 3200/3200/3200 3216/3216/3216
f 3206/3206/3206 3198/3198/3198 3215/3215/3215
f 3217/3217/3217 3204/3204/3204 3199/3199/3199
f 3218/3218/3218 3217/3217/3217 3199/3199/3199
f 3200/3200/3200 3201/3201/3201 3219/3219/3219
f 3217/3217/3217 3209/3209/3209 3204/3204/3204
f 3215/3215/3215 3220/3220/3220 3206/3206/3206
f 3218/3218/3218 3199/3199/3199 3212/3212/3212
f 3209/3209/3209 3219/3219/3219 3201/3201/3201
f 3216/3216/3216 3200/3200/3200 3219/3219/3219
f 3221/3221/3221 3208/3208/3208 3211/3211/3211
f 3218/3218/3218 3212/3212/3212 3213/3213/3213
f 3221/3221/3221 3214/3214/3214 3208/3208/3208
f 3220/3220/3220 3215/3215/3215 3222/3222/3222
f 3215/3215/3215 3210/3210/3210 3222/3222/3222
f 3211/3211/3211 3216/3216/3216 3223/3223/3223
f 3221/3221/3221 3211/3211/3211 3223/3223/3223
f 3224/3224/3224 3225/3225/3225 3210/3210/3210
f 3210/3210/3210 3214/3214/3214 3224/3224/3224
f 3226/3226/3226 3209/3209/3209 3217/3217/3217
f 3210/3210/3210 3225/3225/3225 3222/3222/3222
f 3217/3217/3217 3218/3218/3218 3227/3227/3227
f 3213/3213/3213 3228/3228/3228 3218/3218/3218
f 3226/3226/3226 3219/3219/3219 3209/3209/3209
f 3224/3224/3224 3222/3222/3222 3225/3225/3225
f 3221/3221/3221 3224/3224/3224 3214/3214/3214
f 3220/3220/3220 3222/3222/3222 3229/3229/3229
f 3226/3226/3226 3217/3217/3217 3227/3227/3227
f 3219/3219/3219 3226/3226/3226 3230/3230/3230
f 3216/3216/3216 3219/3219/3219 3231/3231/3231
f 3227/3227/3227 3218/3218/3218 3228/3228/3228
f 3224/3224/3224 3221/3221/3221 3232/3232/3232
f 3219/3219/3219 3230/3230/3230 3231/3231/3231
f 3222/3222/3222 3224/3224/3224 3233/3233/3233
f 3222/3222/3222 3233/3233/3233 3229/3229/3229
f 3221/3221/3221 3223/3223/3223 3234/3234/3234
f 3232/3232/3232 3233/3233/3233 3224/3224/3224
f 3232/3232/3232 3221/3221/3221 3234/3234/3234
f 3216/3216/3216 3231/3231/3231 3223/3223/3223
f 3228/3228/3228 3235/3235/3235 3227/3227/3227
f 3233/3233/3233 3232/3232/3232 3236/3236/3236
f 3233/3233/3233 3236/3236/3236 3229/3229/3229
f 3226/3226/3226 3227/3227/3227 3230/3230/3230
f 3236/3236/3236 3232/3232/3232 3237/3237/3237
f 3232/3232/3232 3234/3234/3234 3237/3237/3237
f 3238/3238/3238 3235/3235/3235 3228/3228/3228
f 3227/3227/3227 3235/3235/3235 3230/3230/3230
f 3234/3234/3234 3223/3223/3223 3239/3239/3239
f 3223/3223/3223 3231/3231/3231 3240/3240/3240
f 3231/3231/3231 3230/3230/3230 3240/3240/3240
f 3229/3229/3229 3236/3236/3236 3241/3241/3241
f 3223/3223/3223 3240/3240/3240 3242/3242/3242
f 3229/3229/3229 3241/3241/3241 3243/3243/3243
f 3237/3237/3237 3234/3234/3234 3239/3239/3239
f 3223/3223/3223 3242/3242/3242 3239/3239/3239
f 3236/3236/3236 3237/3237/3237 3241/3241/3241
f 3235/3235/3235 3238/3238/3238 3244/3244/3244
f 3243/3243/3243 3241/3241/3241 3245/3245/3245
f 3240/3240/3240 3230/3230/3230 3246/3246/3246
f 3230/3230/3230 3235/3235/3235 3246/3246/3246
f 3241/3241/3241 3237/3237/3237 3247/3247/3247
f 3239/3239/3239 3242/3242/3242 3248/3248/3248
f 3235/3235/3235 3244/3244/3244 3249/3249/3249
f 3249/3249/3249 3246/3246/3246 3235/3235/3235
f 3237/3237/3237 3239/3239/3239 3250/3250/3250
f 3240/3240/3240 3246/3246/3246 3251/3251/3251
f 3242/3242/3242 3240/3240/3240 3252/3252/3252
f 3247/3247/3247 3237/3237/3237 3250/3250/3250
f 3252/3252/3252 3240/3240/3240 3251/3251/3251
f 3248/3248/3248 3242/3242/3242 3252/3252/3252
f 3253/3253/3253 3241/3241/3241 3247/3247/3247
f 3245/3245/3245 3241/3241/3241 3253/3253/3253
f 3254/3254/3254 3246/3246/3246 3249/3249/3249
f 3255/3255/3255 3249/3249/3249 3244/3244/3244
f 3247/3247/3247 3250/3250/3250 3256/3256/3256
f 3247/3247/3247 3256/3256/3256 3253/3253/3253
f 3248/3248/3248 3257/3257/3257 3239/3239/3239
f 3246/3246/3246 3254/3254/3254 3251/3251/3251
f 3239/3239/3239 3257/3257/3257 3250/3250/3250
f 3251/3251/3251 3254/3254/3254 3258/3258/3258
f 3250/3250/3250 3259/3259/3259 3256/3256/3256
f 3254/3254/3254 3249/3249/3249 3255/3255/3255
f 3248/3248/3248 3252/3252/3252 3260/3260/3260
f 3261/3261/3261 3253/3253/3253 3256/3256/3256
f 3259/3259/3259 3250/3250/3250 3257/3257/3257
f 3262/3262/3262 3254/3254/3254 3255/3255/3255
f 3258/3258/3258 3254/3254/3254 3263/3263/3263
f 3264/3264/3264 3256/3256/3256 3259/3259/3259
f 3257/3257/3257 3248/3248/3248 3260/3260/3260
f 3251/3251/3251 3258/3258/3258 3265/3265/3265
f 3264/3264/3264 3261/3261/3261 3256/3256/3256
f 3258/3258/3258 3263/3263/3263 3266/3266/3266
f 3267/3267/3267 3254/3254/3254 3262/3262/3262
f 3252/3252/3252 3251/3251/3251 3268/3268/3268
f 3267/3267/3267 3263/3263/3263 3254/3254/3254
f 3266/3266/3266 3263/3263/3263 3267/3267/3267
f 3264/3264/3264 3269/3269/3269 3261/3261/3261
f 3262/3262/3262 3255/3255/3255 3270/3270/3270
f 3259/3259/3259 3271/3271/3271 3264/3264/3264
f 3268/3268/3268 3251/3251/3251 3265/3265/3265
f 3260/3260/3260 3252/3252/3252 3268/3268/3268
f 3272/3272/3272 3260/3260/3260 3268/3268/3268
f 3258/3258/3258 3266/3266/3266 3265/3265/3265
f 3269/3269/3269 3264/3264/3264 3271/3271/3271
f 3273/3273/3273 3267/3267/3267 3262/3262/3262
f 3262/3262/3262 3270/3270/3270 3273/3273/3273
f 3266/3266/3266 3267/3267/3267 3274/3274/3274
f 3257/3257/3257 3260/3260/3260 3272/3272/3272
f 3257/3257/3257 3272/3272/3272 3275/3275/3275
f 3274/3274/3274 3267/3267/3267 3273/3273/3273
f 3259/3259/3259 3276/3276/3276 3271/3271/3271
f 3259/3259/3259 3257/3257/3257 3276/3276/3276
f 3277/3277/3277 3261/3261/3261 3269/3269/3269
f 3274/3274/3274 3265/3265/3265 3266/3266/3266
f 3278/3278/3278 3277/3277/3277 3269/3269/3269
f 3271/3271/3271 3278/3278/3278 3269/3269/3269
f 3257/3257/3257 3275/3275/3275 3276/3276/3276
f 3273/3273/3273 3279/3279/3279 3274/3274/3274
f 3273/3273/3273 3270/3270/3270 3279/3279/3279
f 3265/3265/3265 3274/3274/3274 3280/3280/3280
f 3277/3277/3277 3278/3278/3278 3281/3281/3281
f 3280/3280/3280 3274/3274/3274 3279/3279/3279
f 3270/3270/3270 3282/3282/3282 3279/3279/3279
f 3281/3281/3281 3283/3283/3283 3277/3277/3277
f 3275/3275/3275 3284/3284/3284 3276/3276/3276
f 3268/3268/3268 3265/3265/3265 3285/3285/3285
f 3281/3281/3281 3278/3278/3278 3271/3271/3271
f 3265/3265/3265 3280/3280/3280 3285/3285/3285
f 3286/3286/3286 3280/3280/3280 3279/3279/3279
f 3272/3272/3272 3287/3287/3287 3275/3275/3275
f 3271/3271/3271 3276/3276/3276 3281/3281/3281
f 3272/3272/3272 3268/3268/3268 3288/3288/3288
f 3268/3268/3268 3285/3285/3285 3288/3288/3288
f 3281/3281/3281 3276/3276/3276 3284/3284/3284
f 3287/3287/3287 3272/3272/3272 3288/3288/3288
f 3279/3279/3279 3282/3282/3282 3286/3286/3286
f 3289/3289/3289 3280/3280/3280 3286/3286/3286
f 3286/3286/3286 3290/3290/3290 3289/3289/3289
f 3284/3284/3284 3275/3275/3275 3287/3287/3287
f 3291/3291/3291 3283/3283/3283 3292/3292/3292
f 3285/3285/3285 3280/3280/3280 3293/3293/3293
f 3281/3281/3281 3292/3292/3292 3283/3283/3283
f 3292/3292/3292 3281/3281/3281 3284/3284/3284
f 3280/3280/3280 3289/3289/3289 3293/3293/3293
f 3287/3287/3287 3288/3288/3288 3294/3294/3294
f 3284/3284/3284 3287/3287/3287 3295/3295/3295
f 3292/3292/3292 3284/3284/3284 3296/3296/3296
f 3288/3288/3288 3285/3285/3285 3294/3294/3294
f 3285/3285/3285 3293/3293/3293 3297/3297/3297
f 3293/3293/3293 3289/3289/3289 3298/3298/3298
f 3293/3293/3293 3298/3298/3298 3299/3299/3299
f 3298/3298/3298 3289/3289/3289 3300/3300/3300
f 3292/3292/3292 3301/3301/3301 3291/3291/3291
f 3294/3294/3294 3285/3285/3285 3302/3302/3302
f 3290/3290/3290 3300/3300/3300 3289/3289/3289
f 3302/3302/3302 3285/3285/3285 3297/3297/3297
f 3303/3303/3303 3293/3293/3293 3299/3299/3299
f 3290/3290/3290 3304/3304/3304 3300/3300/3300
f 3292/3292/3292 3296/3296/3296 3301/3301/3301
f 3293/3293/3293 3303/3303/3303 3297/3297/3297
f 3287/3287/3287 3294/3294/3294 3295/3295/3295
f 3284/3284/3284 3295/3295/3295 3305/3305/3305
f 3296/3296/3296 3284/3284/3284 3305/3305/3305
f 3301/3301/3301 3296/3296/3296 3306/3306/3306
f 3299/3299/3299 3298/3298/3298 3300/3300/3300
f 3306/3306/3306 3307/3307/3307 3301/3301/3301
f 3308/3308/3308 3303/3303/3303 3299/3299/3299
f 3300/3300/3300 3308/3308/3308 3299/3299/3299
f 3294/3294/3294 3302/3302/3302 3309/3309/3309
f 3300/3300/3300 3304/3304/3304 3310/3310/3310
f 3301/3301/3301 3311/3311/3311 3291/3291/3291
f 3306/3306/3306 3296/3296/3296 3305/3305/3305
f 3312/3312/3312 3291/3291/3291 3311/3311/3311
f 3302/3302/3302 3297/3297/3297 3313/3313/3313
f 3310/3310/3310 3308/3308/3308 3300/3300/3300
f 3301/3301/3301 3314/3314/3314 3311/3311/3311
f 3315/3315/3315 3307/3307/3307 3306/3306/3306
f 3305/3305/3305 3295/3295/3295 3316/3316/3316
f 3295/3295/3295 3294/3294/3294 3317/3317/3317
f 3317/3317/3317 3294/3294/3294 3309/3309/3309
f 3301/3301/3301 3307/3307/3307 3318/3318/3318
f 3307/3307/3307 3315/3315/3315 3318/3318/3318
f 3313/3313/3313 3297/3297/3297 3319/3319/3319
f 3315/3315/3315 3306/3306/3306 3320/3320/3320
f 3297/3297/3297 3303/3303/3303 3319/3319/3319
f 3319/3319/3319 3303/3303/3303 3308/3308/3308
f 3310/3310/3310 3319/3319/3319 3308/3308/3308
f 3309/3309/3309 3302/3302/3302 3313/3313/3313
f 3320/3320/3320 3306/3306/3306 3305/3305/3305
f 3316/3316/3316 3295/3295/3295 3317/3317/3317
f 3315/3315/3315 3321/3321/3321 3318/3318/3318
f 3321/3321/3321 3314/3314/3314 3318/3318/3318
f 3322/3322/3322 3310/3310/3310 3304/3304/3304
f 3311/3311/3311 3314/3314/3314 3321/3321/3321
f 3317/3317/3317 3309/3309/3309 3323/3323/3323
f 3324/3324/3324 3310/3310/3310 3322/3322/3322
f 3321/3321/3321 3315/3315/3315 3320/3320/3320
f 3305/3305/3305 3316/3316/3316 3325/3325/3325
f 3305/3305/3305 3325/3325/3325 3320/3320/3320
f 3310/3310/3310 3324/3324/3324 3319/3319/3319
f 3321/3321/3321 3320/3320/3320 3326/3326/3326
f 3317/3317/3317 3323/3323/3323 3316/3316/3316
f 3321/3321/3321 3312/3312/3312 3311/3311/3311
f 3313/3313/3313 3327/3327/3327 3309/3309/3309
f 3313/3313/3313 3319/3319/3319 3327/3327/3327
f 3319/3319/3319 3324/3324/3324 3328/3328/3328
f 3312/3312/3312 3321/3321/3321 3326/3326/3326
f 3326/3326/3326 3329/3329/3329 3312/3312/3312
f 3330/3330/3330 3327/3327/3327 3319/3319/3319
f 3328/3328/3328 3324/3324/3324 3331/3331/3331
f 3316/3316/3316 3323/3323/3323 3332/3332/3332
f 3324/3324/3324 3322/3322/3322 3331/3331/3331
f 3333/3333/3333 3326/3326/3326 3320/3320/3320
f 3328/3328/3328 3330/3330/3330 3319/3319/3319
f 3323/3323/3323 3309/3309/3309 3327/3327/3327
f 3329/3329/3329 3326/3326/3326 3334/3334/3334
f 3333/3333/3333 3320/3320/3320 3325/3325/3325
f 3328/3328/3328 3331/3331/3331 3335/3335/3335
f 3316/3316/3316 3332/3332/3332 3325/3325/3325
f 3335/3335/3335 3330/3330/3330 3328/3328/3328
f 3330/3330/3330 3335/3335/3335 3336/3336/3336
f 3337/3337/3337 3334/3334/3334 3326/3326/3326
f 3326/3326/3326 3333/3333/3333 3337/3337/3337
f 3336/3336/3336 3327/3327/3327 3330/3330/3330
f 3338/3338/3338 3331/3331/3331 3322/3322/3322
f 3337/3337/3337 3333/3333/3333 3339/3339/3339
f 3333/3333/3333 3325/3325/3325 3339/3339/3339
f 3340/3340/3340 3329/3329/3329 3334/3334/3334
f 3323/3323/3323 3327/3327/3327 3341/3341/3341
f 3332/3332/3332 3323/3323/3323 3342/3342/3342
f 3342/3342/3342 3323/3323/3323 3341/3341/3341
f 3327/3327/3327 3336/3336/3336 3341/3341/3341
f 3325/3325/3325 3332/3332/3332 3343/3343/3343
f 3344/3344/3344 3335/3335/3335 3331/3331/3331
f 3331/3331/3331 3338/3338/3338 3344/3344/3344
f 3345/3345/3345 3336/3336/3336 3335/3335/3335
f 3339/3339/3339 3325/3325/3325 3343/3343/3343
f 3343/3343/3343 3332/3332/3332 3342/3342/3342
f 3345/3345/3345 3335/3335/3335 3344/3344/3344
f 3334/3334/3334 3337/3337/3337 3346/3346/3346
f 3346/3346/3346 3340/3340/3340 3334/3334/3334
f 3347/3347/3347 3346/3346/3346 3337/3337/3337
f 3347/3347/3347 3337/3337/3337 3339/3339/3339
f 3339/3339/3339 3343/3343/3343 3348/3348/3348
f 3346/3346/3346 3349/3349/3349 3340/3340/3340
f 3341/3341/3341 3336/3336/3336 3350/3350/3350
f 3351/3351/3351 3344/3344/3344 3338/3338/3338
f 3339/3339/3339 3348/3348/3348 3347/3347/3347
f 3345/3345/3345 3344/3344/3344 3352/3352/3352
f 3341/3341/3341 3350/3350/3350 3353/3353/3353
f 3346/3346/3346 3354/3354/3354 3349/3349/3349
f 3348/3348/3348 3343/3343/3343 3355/3355/3355
f 3346/3346/3346 3347/3347/3347 3354/3354/3354
f 3356/3356/3356 3347/3347/3347 3348/3348/3348
f 3355/3355/3355 3356/3356/3356 3348/3348/3348
f 3357/3357/3357 3355/3355/3355 3343/3343/3343
f 3357/3357/3357 3343/3343/3343 3342/3342/3342
f 3357/3357/3357 3342/3342/3342 3341/3341/3341
f 3341/3341/3341 3353/3353/3353 3357/3357/3357
f 3350/3350/3350 3336/3336/3336 3345/3345/3345
f 3352/3352/3352 3350/3350/3350 3345/3345/3345
f 3351/3351/3351 3352/3352/3352 3344/3344/3344
f 3358/3358/3358 3355/3355/3355 3357/3357/3357
f 3353/3353/3353 3359/3359/3359 3357/3357/3357
f 3351/3351/3351 3360/3360/3360 3352/3352/3352
f 3361/3361/3361 3354/3354/3354 3347/3347/3347
f 3357/3357/3357 3359/3359/3359 3358/3358/3358
f 3353/3353/3353 3350/3350/3350 3362/3362/3362
f 3362/3362/3362 3350/3350/3350 3363/3363/3363
f 3363/3363/3363 3350/3350/3350 3352/3352/3352
f 3352/3352/3352 3360/3360/3360 3363/3363/3363
f 3347/3347/3347 3356/3356/3356 3361/3361/3361
f 3364/3364/3364 3356/3356/3356 3355/3355/3355
f 3353/3353/3353 3365/3365/3365 3359/3359/3359
f 3353/3353/3353 3362/3362/3362 3365/3365/3365
f 3361/3361/3361 3356/3356/3356 3366/3366/3366
f 3366/3366/3366 3356/3356/3356 3364/3364/3364
f 3355/3355/3355 3358/3358/3358 3364/3364/3364
f 3210/3210/3210 3198/3198/3198 3203/3203/3203
f 3314/3314/3314 3301/3301/3301 3318/3318/3318
f 3367/3367/3367 3368/3368/3368 3369/3369/3369
f 3370/3370/3370 3369/3369/3369 3368/3368/3368
f 3368/3368/3368 3371/3371/3371 3370/3370/3370
f 3370/3370/3370 3371/3371/3371 3372/3372/3372
f 3373/3373/3373 3374/3374/3374 3375/3375/3375
f 3375/3375/3375 3374/3374/3374 3376/3376/3376
f 3376/3376/3376 3377/3377/3377 3375/3375/3375
f 3377/3377/3377 3376/3376/3376 3378/3378/3378
f 3379/3379/3379 3380/3380/3380 3381/3381/3381
f 3379/3379/3379 3382/3382/3382 3380/3380/3380
f 3382/3382/3382 3383/3383/3383 3380/3380/3380
f 3379/3379/3379 3384/3384/3384 3385/3385/3385
f 3383/3383/3383 3382/3382/3382 3386/3386/3386
f 3385/3385/3385 3384/3384/3384 3387/3387/3387
f 3385/3385/3385 3387/3387/3387 3388/3388/3388
f 3379/3379/3379 3389/3389/3389 3382/3382/3382
f 3385/3385/3385 3389/3389/3389 3379/3379/3379
f 3382/3382/3382 3390/3390/3390 3386/3386/3386
f 3391/3391/3391 3387/3387/3387 3392/3392/3392
f 3387/3387/3387 3391/3391/3391 3388/3388/3388
f 3386/3386/3386 3390/3390/3390 3393/3393/3393
f 3394/3394/3394 3395/3395/3395 3393/3393/3393
f 3382/3382/3382 3396/3396/3396 3390/3390/3390
f 3382/3382/3382 3389/3389/3389 3396/3396/3396
f 3385/3385/3385 3388/3388/3388 3389/3389/3389
f 3390/3390/3390 3397/3397/3397 3393/3393/3393
f 3391/3391/3391 3398/3398/3398 3388/3388/3388
f 3391/3391/3391 3399/3399/3399 3398/3398/3398
f 3388/3388/3388 3400/3400/3400 3389/3389/3389
f 3393/3393/3393 3397/3397/3397 3394/3394/3394
f 3389/3389/3389 3400/3400/3400 3396/3396/3396
f 3398/3398/3398 3401/3401/3401 3388/3388/3388
f 3396/3396/3396 3402/3402/3402 3390/3390/3390
f 3402/3402/3402 3397/3397/3397 3390/3390/3390
f 3394/3394/3394 3397/3397/3397 3403/3403/3403
f 3401/3401/3401 3400/3400/3400 3388/3388/3388
f 3404/3404/3404 3402/3402/3402 3396/3396/3396
f 3400/3400/3400 3404/3404/3404 3396/3396/3396
f 3398/3398/3398 3399/3399/3399 3405/3405/3405
f 3401/3401/3401 3398/3398/3398 3405/3405/3405
f 3401/3401/3401 3406/3406/3406 3400/3400/3400
f 3400/3400/3400 3406/3406/3406 3404/3404/3404
f 3401/3401/3401 3405/3405/3405 3407/3407/3407
f 3407/3407/3407 3406/3406/3406 3401/3401/3401
f 3403/3403/3403 3397/3397/3397 3408/3408/3408
f 3403/3403/3403 3408/3408/3408 3409/3409/3409
f 3397/3397/3397 3410/3410/3410 3408/3408/3408
f 3404/3404/3404 3411/3411/3411 3402/3402/3402
f 3402/3402/3402 3410/3410/3410 3397/3397/3397
f 3407/3407/3407 3405/3405/3405 3412/3412/3412
f 3406/3406/3406 3413/3413/3413 3404/3404/3404
f 3407/3407/3407 3414/3414/3414 3406/3406/3406
f 3411/3411/3411 3410/3410/3410 3402/3402/3402
f 3415/3415/3415 3413/3413/3413 3406/3406/3406
f 3413/3413/3413 3411/3411/3411 3404/3404/3404
f 3407/3407/3407 3412/3412/3412 3414/3414/3414
f 3414/3414/3414 3415/3415/3415 3406/3406/3406
f 3408/3408/3408 3416/3416/3416 3409/3409/3409
f 3413/3413/3413 3417/3417/3417 3411/3411/3411
f 3410/3410/3410 3418/3418/3418 3408/3408/3408
f 3410/3410/3410 3411/3411/3411 3419/3419/3419
f 3415/3415/3415 3417/3417/3417 3413/3413/3413
f 3410/3410/3410 3419/3419/3419 3418/3418/3418
f 3414/3414/3414 3420/3420/3420 3415/3415/3415
f 3408/3408/3408 3418/3418/3418 3416/3416/3416
f 3412/3412/3412 3420/3420/3420 3414/3414/3414
f 3412/3412/3412 3421/3421/3421 3420/3420/3420
f 3417/3417/3417 3422/3422/3422 3411/3411/3411
f 3418/3418/3418 3423/3423/3423 3416/3416/3416
f 3415/3415/3415 3420/3420/3420 3417/3417/3417
f 3422/3422/3422 3419/3419/3419 3411/3411/3411
f 3424/3424/3424 3418/3418/3418 3419/3419/3419
f 3418/3418/3418 3424/3424/3424 3423/3423/3423
f 3416/3416/3416 3423/3423/3423 3425/3425/3425
f 3420/3420/3420 3426/3426/3426 3417/3417/3417
f 3420/3420/3420 3421/3421/3421 3427/3427/3427
f 3420/3420/3420 3427/3427/3427 3426/3426/3426
f 3422/3422/3422 3417/3417/3417 3428/3428/3428
f 3425/3425/3425 3423/3423/3423 3429/3429/3429
f 3421/3421/3421 3430/3430/3430 3427/3427/3427
f 3422/3422/3422 3424/3424/3424 3419/3419/3419
f 3422/3422/3422 3431/3431/3431 3424/3424/3424
f 3424/3424/3424 3432/3432/3432 3423/3423/3423
f 3424/3424/3424 3431/3431/3431 3432/3432/3432
f 3429/3429/3429 3423/3423/3423 3432/3432/3432
f 3428/3428/3428 3417/3417/3417 3433/3433/3433
f 3430/3430/3430 3434/3434/3434 3427/3427/3427
f 3426/3426/3426 3433/3433/3433 3417/3417/3417
f 3433/3433/3433 3435/3435/3435 3428/3428/3428
f 3428/3428/3428 3435/3435/3435 3422/3422/3422
f 3427/3427/3427 3433/3433/3433 3426/3426/3426
f 3435/3435/3435 3431/3431/3431 3422/3422/3422
f 3427/3427/3427 3436/3436/3436 3433/3433/3433
f 3432/3432/3432 3437/3437/3437 3429/3429/3429
f 3435/3435/3435 3438/3438/3438 3431/3431/3431
f 3438/3438/3438 3439/3439/3439 3431/3431/3431
f 3431/3431/3431 3439/3439/3439 3432/3432/3432
f 3434/3434/3434 3436/3436/3436 3427/3427/3427
f 3440/3440/3440 3435/3435/3435 3433/3433/3433
f 3437/3437/3437 3441/3441/3441 3429/3429/3429
f 3435/3435/3435 3440/3440/3440 3438/3438/3438
f 3436/3436/3436 3440/3440/3440 3433/3433/3433
f 3439/3439/3439 3442/3442/3442 3432/3432/3432
f 3432/3432/3432 3442/3442/3442 3437/3437/3437
f 3437/3437/3437 3443/3443/3443 3441/3441/3441
f 3444/3444/3444 3445/3445/3445 3434/3434/3434
f 3434/3434/3434 3445/3445/3445 3436/3436/3436
f 3437/3437/3437 3442/3442/3442 3443/3443/3443
f 3436/3436/3436 3446/3446/3446 3440/3440/3440
f 3438/3438/3438 3440/3440/3440 3447/3447/3447
f 3439/3439/3439 3438/3438/3438 3448/3448/3448
f 3439/3439/3439 3448/3448/3448 3442/3442/3442
f 3436/3436/3436 3445/3445/3445 3446/3446/3446
f 3442/3442/3442 3449/3449/3449 3443/3443/3443
f 3446/3446/3446 3447/3447/3447 3440/3440/3440
f 3447/3447/3447 3448/3448/3448 3438/3438/3438
f 3442/3442/3442 3448/3448/3448 3449/3449/3449
f 3444/3444/3444 3450/3450/3450 3445/3445/3445
f 3446/3446/3446 3451/3451/3451 3447/3447/3447
f 3446/3446/3446 3445/3445/3445 3451/3451/3451
f 3448/3448/3448 3452/3452/3452 3449/3449/3449
f 3448/3448/3448 3447/3447/3447 3452/3452/3452
f 3449/3449/3449 3453/3453/3453 3443/3443/3443
f 3445/3445/3445 3454/3454/3454 3451/3451/3451
f 3450/3450/3450 3455/3455/3455 3445/3445/3445
f 3453/3453/3453 3456/3456/3456 3443/3443/3443
f 3447/3447/3447 3457/3457/3457 3452/3452/3452
f 3455/3455/3455 3454/3454/3454 3445/3445/3445
f 3452/3452/3452 3458/3458/3458 3449/3449/3449
f 3453/3453/3453 3449/3449/3449 3458/3458/3458
f 3450/3450/3450 3459/3459/3459 3455/3455/3455
f 3451/3451/3451 3457/3457/3457 3447/3447/3447
f 3460/3460/3460 3458/3458/3458 3452/3452/3452
f 3458/3458/3458 3460/3460/3460 3453/3453/3453
f 3461/3461/3461 3454/3454/3454 3455/3455/3455
f 3452/3452/3452 3462/3462/3462 3460/3460/3460
f 3457/3457/3457 3462/3462/3462 3452/3452/3452
f 3463/3463/3463 3456/3456/3456 3453/3453/3453
f 3454/3454/3454 3464/3464/3464 3451/3451/3451
f 3461/3461/3461 3455/3455/3455 3459/3459/3459
f 3454/3454/3454 3461/3461/3461 3464/3464/3464
f 3451/3451/3451 3464/3464/3464 3457/3457/3457
f 3461/3461/3461 3465/3465/3465 3464/3464/3464
f 3464/3464/3464 3466/3466/3466 3457/3457/3457
f 3459/3459/3459 3467/3467/3467 3461/3461/3461
f 3465/3465/3465 3466/3466/3466 3464/3464/3464
f 3459/3459/3459 3468/3468/3468 3467/3467/3467
f 3467/3467/3467 3465/3465/3465 3461/3461/3461
f 3457/3457/3457 3469/3469/3469 3462/3462/3462
f 3466/3466/3466 3469/3469/3469 3457/3457/3457
f 3460/3460/3460 3470/3470/3470 3463/3463/3463
f 3460/3460/3460 3462/3462/3462 3470/3470/3470
f 3470/3470/3470 3471/3471/3471 3463/3463/3463
f 3467/3467/3467 3468/3468/3468 3472/3472/3472
f 3465/3465/3465 3473/3473/3473 3466/3466/3466
f 3467/3467/3467 3473/3473/3473 3465/3465/3465
f 3471/3471/3471 3470/3470/3470 3474/3474/3474
f 3469/3469/3469 3475/3475/3475 3462/3462/3462
f 3474/3474/3474 3470/3470/3470 3462/3462/3462
f 3472/3472/3472 3473/3473/3473 3467/3467/3467
f 3475/3475/3475 3474/3474/3474 3462/3462/3462
f 3469/3469/3469 3466/3466/3466 3476/3476/3476
f 3473/3473/3473 3476/3476/3476 3466/3466/3466
f 3471/3471/3471 3474/3474/3474 3477/3477/3477
f 3469/3469/3469 3476/3476/3476 3475/3475/3475
f 3472/3472/3472 3478/3478/3478 3473/3473/3473
f 3479/3479/3479 3477/3477/3477 3474/3474/3474
f 3476/3476/3476 3480/3480/3480 3475/3475/3475
f 3472/3472/3472 3481/3481/3481 3478/3478/3478
f 3473/3473/3473 3478/3478/3478 3476/3476/3476
f 3482/3482/3482 3479/3479/3479 3474/3474/3474
f 3478/3478/3478 3483/3483/3483 3476/3476/3476
f 3483/3483/3483 3480/3480/3480 3476/3476/3476
f 3475/3475/3475 3484/3484/3484 3474/3474/3474
f 3482/3482/3482 3474/3474/3474 3484/3484/3484
f 3478/3478/3478 3485/3485/3485 3483/3483/3483
f 3480/3480/3480 3486/3486/3486 3475/3475/3475
f 3481/3481/3481 3487/3487/3487 3478/3478/3478
f 3475/3475/3475 3488/3488/3488 3484/3484/3484
f 3478/3478/3478 3487/3487/3487 3485/3485/3485
f 3480/3480/3480 3483/3483/3483 3486/3486/3486
f 3486/3486/3486 3488/3488/3488 3475/3475/3475
f 3485/3485/3485 3489/3489/3489 3483/3483/3483
f 3484/3484/3484 3490/3490/3490 3482/3482/3482
f 3489/3489/3489 3486/3486/3486 3483/3483/3483
f 3487/3487/3487 3489/3489/3489 3485/3485/3485
f 3490/3490/3490 3484/3484/3484 3491/3491/3491
f 3492/3492/3492 3491/3491/3491 3484/3484/3484
f 3487/3487/3487 3493/3493/3493 3489/3489/3489
f 3486/3486/3486 3489/3489/3489 3494/3494/3494
f 3486/3486/3486 3494/3494/3494 3488/3488/3488
f 3495/3495/3495 3493/3493/3493 3487/3487/3487
f 3488/3488/3488 3492/3492/3492 3484/3484/3484
f 3489/3489/3489 3496/3496/3496 3494/3494/3494
f 3493/3493/3493 3496/3496/3496 3489/3489/3489
f 3495/3495/3495 3497/3497/3497 3493/3493/3493
f 3497/3497/3497 3498/3498/3498 3493/3493/3493
f 3494/3494/3494 3496/3496/3496 3499/3499/3499
f 3494/3494/3494 3499/3499/3499 3488/3488/3488
f 3492/3492/3492 3500/3500/3500 3501/3501/3501
f 3488/3488/3488 3502/3502/3502 3492/3492/3492
f 3502/3502/3502 3500/3500/3500 3492/3492/3492
f 3493/3493/3493 3503/3503/3503 3496/3496/3496
f 3498/3498/3498 3503/3503/3503 3493/3493/3493
f 3499/3499/3499 3504/3504/3504 3488/3488/3488
f 3505/3505/3505 3501/3501/3501 3500/3500/3500
f 3496/3496/3496 3503/3503/3503 3499/3499/3499
f 3499/3499/3499 3506/3506/3506 3504/3504/3504
f 3503/3503/3503 3507/3507/3507 3499/3499/3499
f 3504/3504/3504 3502/3502/3502 3488/3488/3488
f 3503/3503/3503 3498/3498/3498 3508/3508/3508
f 3500/3500/3500 3509/3509/3509 3505/3505/3505
f 3499/3499/3499 3507/3507/3507 3506/3506/3506
f 3503/3503/3503 3508/3508/3508 3510/3510/3510
f 3509/3509/3509 3500/3500/3500 3511/3511/3511
f 3503/3503/3503 3510/3510/3510 3507/3507/3507
f 3506/3506/3506 3512/3512/3512 3504/3504/3504
f 3502/3502/3502 3511/3511/3511 3500/3500/3500
f 3504/3504/3504 3513/3513/3513 3502/3502/3502
f 3508/3508/3508 3514/3514/3514 3515/3515/3515
f 3510/3510/3510 3508/3508/3508 3515/3515/3515
f 3502/3502/3502 3513/3513/3513 3511/3511/3511
f 3512/3512/3512 3506/3506/3506 3516/3516/3516
f 3513/3513/3513 3504/3504/3504 3512/3512/3512
f 3517/3517/3517 3511/3511/3511 3513/3513/3513
f 3513/3513/3513 3512/3512/3512 3516/3516/3516
f 3518/3518/3518 3506/3506/3506 3507/3507/3507
f 3510/3510/3510 3518/3518/3518 3507/3507/3507
f 3516/3516/3516 3517/3517/3517 3513/3513/3513
f 3518/3518/3518 3519/3519/3519 3506/3506/3506
f 3516/3516/3516 3506/3506/3506 3519/3519/3519
f 3515/3515/3515 3518/3518/3518 3510/3510/3510
f 3517/3517/3517 3520/3520/3520 3511/3511/3511
f 3463/3463/3463 3453/3453/3453 3460/3460/3460
f 3521/3521/3521 3522/3522/3522 3523/3523/3523
f 3522/3522/3522 3521/3521/3521 3524/3524/3524
f 3525/3525/3525 3526/3526/3526 3527/3527/3527
f 3527/3527/3527 3528/3528/3528 3525/3525/3525
f 3529/3529/3529 3530/3530/3530 3531/3531/3531
f 3525/3525/3525 3532/3532/3532 3526/3526/3526
f 3533/3533/3533 3534/3534/3534 3535/3535/3535
f 3530/3530/3530 3536/3536/3536 3531/3531/3531
f 3537/3537/3537 3538/3538/3538 3533/3533/3533
f 3534/3534/3534 3539/3539/3539 3535/3535/3535
f 3536/3536/3536 3530/3530/3530 3538/3538/3538
f 3528/3528/3528 3540/3540/3540 3525/3525/3525
f 3531/3531/3531 3541/3541/3541 3529/3529/3529
f 3532/3532/3532 3525/3525/3525 3542/3542/3542
f 3540/3540/3540 3541/3541/3541 3543/3543/3543
f 3537/3537/3537 3533/3533/3533 3535/3535/3535
f 3525/3525/3525 3540/3540/3540 3544/3544/3544
f 3541/3541/3541 3531/3531/3531 3543/3543/3543
f 3525/3525/3525 3544/3544/3544 3542/3542/3542
f 3536/3536/3536 3538/3538/3538 3545/3545/3545
f 3538/3538/3538 3537/3537/3537 3545/3545/3545
f 3544/3544/3544 3540/3540/3540 3543/3543/3543
f 3546/3546/3546 3535/3535/3535 3539/3539/3539
f 3547/3547/3547 3531/3531/3531 3536/3536/3536
f 3535/3535/3535 3548/3548/3548 3537/3537/3537
f 3532/3532/3532 3542/3542/3542 3549/3549/3549
f 3539/3539/3539 3550/3550/3550 3551/3551/3551
f 3547/3547/3547 3536/3536/3536 3545/3545/3545
f 3542/3542/3542 3544/3544/3544 3549/3549/3549
f 3539/3539/3539 3551/3551/3551 3546/3546/3546
f 3552/3552/3552 3532/3532/3532 3549/3549/3549
f 3548/3548/3548 3545/3545/3545 3537/3537/3537
f 3553/3553/3553 3531/3531/3531 3547/3547/3547
f 3548/3548/3548 3535/3535/3535 3546/3546/3546
f 3543/3543/3543 3531/3531/3531 3553/3553/3553
f 3527/3527/3527 3526/3526/3526 3554/3554/3554
